"Key","Item Type","Publication Year","Author","Title","Publication Title","ISBN","ISSN","DOI","Url","Abstract Note","Date","Date Added","Date Modified","Access Date","Pages","Num Pages","Issue","Volume","Number Of Volumes","Journal Abbreviation","Short Title","Series","Series Number","Series Text","Series Title","Publisher","Place","Language","Rights","Type","Archive","Archive Location","Library Catalog","Call Number","Extra","Notes","File Attachments","Link Attachments","Manual Tags","Automatic Tags","Editor","Series Editor","Translator","Contributor","Attorney Agent","Book Author","Cast Member","Commenter","Composer","Cosponsor","Counsel","Interviewer","Producer","Recipient","Reviewed Author","Scriptwriter","Words By","Guest","Number","Edition","Running Time","Scale","Medium","Artwork Size","Filing Date","Application Number","Assignee","Issuing Authority","Country","Meeting Name","Conference Name","Court","References","Reporter","Legal Status","Priority Numbers","Programming Language","Version","System","Code","Code Number","Section","Session","Committee","History","Legislative Body"
"WNUC4C5D","journalArticle","2003","Ziegler, Friederike; Hansson, Per-Anders","Emissions from fuel combustion in Swedish cod fishery","Journal of Cleaner Production","","0959-6526","https://doi.org/10.1016/S0959-6526(02)00050-1","https://www.sciencedirect.com/science/article/pii/S0959652602000501","This study presents emission data (CO2, NOx, CO, HC and SOx) for fishing vessels, calculated per kg of cod landed by Swedish fishermen. Three scenarios are included; one reflecting the fishery and fleet of 1999, one assuming modern engine technology and, finally, a future scenario assuming a slight increase in the use of passive gear (seines and long-lines) and pair trawls instead of single trawls, lower fishing effort and lower emission levels. The effects on the results of different allocation strategies for landed by-catches are evaluated. Data was gathered from official fishery statistics and engine emission data from one of the major manufacturers of marine diesels. Fuel consumption data for otter trawling and gillnet fishing was obtained by having fishermen fill out a questionnaire. The results include emission calculations for gillnet fishing and trawling, and indicate lower emissions per kg of cod caught for gillnet fishing, due to lower fuel consumption. Considerable options for decreasing fuel consumption and emissions produced in cod fisheries through changes in technology and fisheries policy were concluded from this work. Choosing allocation method was shown to be important for the final results, especially in mixed, high-value target fisheries.","2003","2026-05-02 15:48:46","2026-05-02 15:48:46","","303-314","","3","11","","","","","","","","","","","","","","","","","","","","","Cod fishery; Emissions; Energy consumption; Fuel combustion; LCI data","","","","","","","","","","","","","","","","","","","","","","","","","","","","","","","","","","","","","","","","","","","","","","",""
"RXKPX9H9","journalArticle","2020","Silas, Mathew O.; Mgeleka, Said S.; Polte, Patrick; Sköld, Mattias; Lindborg, Regina; Torre-Castro, Maricela de la; Gullström, Martin","Adaptive capacity and coping strategies of small-scale coastal fisheries to declining fish catches: Insights from Tanzanian communities","Environmental Science & Policy","","1462-9011","https://doi.org/10.1016/j.envsci.2020.03.012","https://www.sciencedirect.com/science/article/pii/S1462901119309116","Small-scale fishing communities are expected to adapt to fish catch fluctuations linked to global environmental change. Notwithstanding, impacts from severe climate events and overexploitation of fisheries resources can compromise functions and resilience of ecosystems and associated species, and thereby jeopardize long-term population trend stability and fisheries productivity. To date, most assessments and vulnerability studies of fisheries-dependent populaces have focused on global, regional and national levels, while studies at village and community levels, where adaptive planning in the context of climate- and environmental changes is important, are less common. Based on data from official fishery records over a three-decadal period (1984–2016) and recent interviews with artisanal fishermen (319 fishers from eight communities) along the Tanzanian coast, we assessed small-scale fisheries with regard to (i) long-term trends in fishery landings, (ii) long-term alterations in fishing gear use, and (iii) fishers’ perceptions on how they have been coping and adapting to fluctuating fish landings. We further investigated (iv) the adaptive capacity of a wide range of coastal villages by assessing the fishers’ responses to an anticipated future scenario of a major (50 %) decline in landings from the current fisheries catch levels. The long-term trend records of fish landings showed a remarkable ∼50 % reduction in terms of both catch per vessel and catch per fisher from 1984 to 2016. According to the interviews, the majority of fishers (75 %) have changed fishing grounds from nearshore to offshore areas during the last decade, owing to a general perception that nearshore areas have suffered major reduction in fish stocks (due to overfishing and environmental changes related to extreme climate- or weather events), while offshore areas were considered still productive. The change in location of fishing grounds is probably a result of the clear switch in major gear type utilization from beach seine to ring net that occurred over the last decades. With a further progressive decline in fishery catches to a predictive level of 50 % of the current catch level, there is a general perception that artisanal fishers will continue fishing because alternative livelihoods (like crop farming, which employs more than 65 % of the population) have suffered similar negative impact. These findings highlight the need for building adaptive capacity in local coastal communities to develop alternative coping strategies for the impacts of climate- and environmental changes.","2020","2026-05-02 15:48:46","2026-05-02 15:48:46","","67-76","","","108","","","","","","","","","","","","","","","","","","","","","Climate change; Adaptation; Small-scale fisheries; Coastal communities; Fish landings; Gear choice","","","","","","","","","","","","","","","","","","","","","","","","","","","","","","","","","","","","","","","","","","","","","","",""
"CQPPTUFP","journalArticle","2017","Tiller, Rachel; Nyman, Elizabeth","The clear and present danger to the Norwegian sovereignty of the Svalbard Fisheries Protection Zone: Enter the snow crab","Ocean & Coastal Management","","0964-5691","https://doi.org/10.1016/j.ocecoaman.2016.12.012","https://www.sciencedirect.com/science/article/pii/S0964569116304124","","2017","2026-05-02 15:48:46","2026-05-02 15:48:46","","24-33","","","137","","","","","","","","","","","","","","","","","","","","","Fisheries; Regime theory; rfmo; Snow crab; Svalbard Treaty","","","","","","","","","","","","","","","","","","","","","","","","","","","","","","","","","","","","","","","","","","","","","","",""
"3KAZE5RE","journalArticle","2017","Lennert, Ann Eileen; Richard, Gaëtan","At the cutting edge of the future: Unravelling depredation, behaviour and movement of killer whales in the act of flexible management regimes in Arctic Greenland","Ocean & Coastal Management","","0964-5691","https://doi.org/10.1016/j.ocecoaman.2017.08.016","https://www.sciencedirect.com/science/article/pii/S0964569116303398","Fisheries are an important resource in many countries, across oceans and along coasts, and, even though it is usually neglected, they bring not only economic value with them but also social value, supporting an important web of cultural practices. Thus, any perturbation on the fish resources may cause a domino effect on both ecosystem and human populations. In this paper we focus on a marine mammal which is entering the Arctic in increasing numbers, the killer whales (Orcinus orca), a major predator that may not only reshape the rapidly changing marine ecosystems via top-down forcing but also affect fisheries and cultural costumes through a specific, socially transmitted behavioural factor: depredation. By assessing the current knowledge of the depredation issue at a global scale as well as the studies of killer whales in the North Atlantic and Arctic waters, we discuss whether an eventual emerging depredation on halibut fisheries in Greenlandic waters should be taken into consideration. We stress a more flexible and cutting edge management regime on the forefront of environmental change and future scenarios. We accentuate an increased recognition of wildlife management also including an understanding of people and that success will be determined largely by political, social and cultural factors. Finally, we conclude that Greenland, being on the cutting edge of change, has high potentiality for building research based on a co-production of knowledge of both natural science and traditional knowledge.","2017","2026-05-02 15:48:46","2026-05-02 15:48:46","","272-281","","","148","","","","","","","","","","","","","","","","","","","","","Climate change; Ecosystems; Economic viability; Cultural practices; Subsistence fishing; Top-down effects","","","","","","","","","","","","","","","","","","","","","","","","","","","","","","","","","","","","","","","","","","","","","","",""
"SGBA57ZB","journalArticle","2020","Yang, Yongheng; Wei, Lijuan; Pei, Jianan","Application of Bayesian statistics to model Incidence of Vibrio parahaemolyticus associated with fishery products and their geographical distribution in China","LWT","","0023-6438","https://doi.org/10.1016/j.lwt.2020.109662","https://www.sciencedirect.com/science/article/pii/S0023643820306514","Vibrio parahaemolyticus is a bacterial pathogen commonly detected in fishery products. However, incidences of this pathogen in fishery products reported in previous studies varied dramatically. This study aimed at producing reliable estimates of prevalence and geographical distribution of Vibrio parahaemolyticus in fishery products in China, by the use of hierarchical random effects Bayesian modelling. Results indicated that national incidence of Vibrio parahaemolyticus in fishery products in China was 15.66% (95% CI, 12.88%–18.80%), and remained steady during the period of 2008–2017. Incidences of Vibrio parahaemolyticus in fishery products were generally higher in Southeast compared with the remaining part of China, and varied among different categories of fishery products as well as in different seasons of year. The methods described in this study generated reliable information on the incidence of Vibrio parahaemolyticus associated with fishery products and their geographical distributions in China, and could be used by regulatory authorities and other researchers to quantify prevalence of other food safety hazards associated with specific foods in a given market.","2020","2026-05-02 15:48:46","2026-05-02 15:48:46","","109662","","","130","","","","","","","","","","","","","","","","","","","","","Seafood; Foodborne pathogens; Microbial contamination","","","","","","","","","","","","","","","","","","","","","","","","","","","","","","","","","","","","","","","","","","","","","","",""
"CJJ3RFA2","journalArticle","2024","Elahi, Ehsan; Li, Yuge; Emam, Ali Md; Zhu, Min; Krishnan, Indubala","A systematic review of fish trade and its impact on economic progress: Barriers, opportunities, and outlook for developing countries","Ocean & Coastal Management","","0964-5691","https://doi.org/10.1016/j.ocecoaman.2024.107471","https://www.sciencedirect.com/science/article/pii/S0964569124004563","This study conducts a comprehensive evaluation of fishery commerce effects, with a particular emphasis on developing nations, through a systematic literature review and desk research from 2012 to 2024. The study provides a detailed assessment of the fish trade landscape in these regions by analyzing existing data, official documents, and empirical research. The research reveals a growing global demand for fish, driven by changing dietary preferences and increased health awareness. However, significant challenges impede the sustainable development of the fisheries sector in developing countries. Despite these obstacles, data visualization demonstrates a remarkable increase in developing countries' participation in the global fish market in terms of value and volume. The study identifies substantial untapped potential for these nations to expand their fisheries industry, thereby fostering broader economic growth. Realizing this potential requires a strong emphasis on sustainability, achievable through modernization, stringent regulations, infrastructure improvements, and biodiversity preservation to secure long-term marine investments. The research underscores the importance of engaging all stakeholders in the fishing industry – including workers, shareholders, management bodies, sustainability specialists, and government officials – in developing transparent national and regional policies. This inclusive approach facilitates open dialogue about objectives and necessary trade-offs. The study concludes that sustainable practices and policies in the fish and fisheries sector must be carefully tailored to the specific limitations and advantages of developing countries to ensure balanced and favorable outcomes in future scenarios.","2024","2026-05-02 15:48:46","2026-05-02 15:48:46","","107471","","","259","","","","","","","","","","","","","","","","","","","","","Developing countries; Economic significance; Fish trade; Sustainable practices; Trade barrier","","","","","","","","","","","","","","","","","","","","","","","","","","","","","","","","","","","","","","","","","","","","","","",""
"YAD7WEPH","journalArticle","2025","Williams, Hannah M.; Gibbons, Brooke; Langlois, Tim; Navarro, Matthew; Tuffley, Emma-Jade; Lestang, Simon de","From Dusk Til Dawn: Modeling influences on the behavior of western rock lobster, Panulirus cygnus George","Journal of Experimental Marine Biology and Ecology","","0022-0981","https://doi.org/10.1016/j.jembe.2025.152143","https://www.sciencedirect.com/science/article/pii/S0022098125000632","Sustainable fisheries management requires comprehensive understanding of the environmental and biological factors that drive population trends in target species. In the West Coast Rock Lobster Managed Fishery (WCRLMF), this is largely achieved through the integration of catch and catch-rate data to calculate the catchability and infer the health of the stock. However, trends in catchability may not always reflect the underlying behavior of western rock lobster. This pilot study aimed to investigate the environmental and biological influences on the behavior of western rock lobster using multi-day in-situ autonomous camera systems. We filmed three western rock lobster dens for 35 days and the abundance of rock lobsters in each den were counted hourly. We used full-subset generalized additive mixed models (GAMMs) to investigate which covariates were related to the den abundance and the proportion of lobsters present as a function of their activity. We assumed that the lobsters were more active when located outside the den. We found that western rock lobsters were more active when lunar illumination was lowest, swell was highest and when predators were present in the den. Our findings suggested that western rock lobsters may vary their hourly and daily activity in response to the relative risk of predation by foraging more when visibility was lowest and exiting or avoiding the den when a predator was present. Future studies investigating the biotic and abiotic influences on western rock lobster behavior should be undertaken in a fisheries closure to remove the possible confounding effects of fishing activity.","2025","2026-05-02 15:48:46","2026-05-02 15:48:46","","152143","","","593","","","","","","","","","","","","","","","","","","","","","Predator-prey interactions; Abrolhos Islands; Behavior; Lobster","","","","","","","","","","","","","","","","","","","","","","","","","","","","","","","","","","","","","","","","","","","","","","",""
"ZD8TGDIQ","journalArticle","2023","Guzmán-Rivas, Fabián; Lazo-Andrade, Jorge; Quispe-Machaca, Marco; Ortega, Juan Carlos; Mora, Sergio; Barría, Patricio; Urzúa, Ángel","Biochemical-ecological composition and bio-stoichiometric ratios of swordfish (Xiphias gladius) gonads in the Southeastern Pacific Ocean","Regional Studies in Marine Science","","2352-4855","https://doi.org/10.1016/j.rsma.2023.103031","https://www.sciencedirect.com/science/article/pii/S2352485523002207","Swordfish (Xiphias gladius), a highly migratory fishery resource of great importance in the Southeastern Pacific Ocean (SEPO), is a species with late sexual maturation, high longevity, and a large body size that spawns and reproduces several times throughout its adulthood. In the present study, we hypothesized that the Biochemical-Ecological Composition (BEC) of the gonad (measured as the lipid, protein, glucose, and energy contents) and its bio-stoichiometric ratios (lipid/protein: L/P; lipid/ glucose: L/G) would be influenced by both female body size (lower jaw fork length in cm, LJFL: <180, 180–260, >260) and time (trimesters: 1,2,3; years: 2017, 2019). Our results revealed that in relation to their body size, female swordfish gonads varied significantly in their BEC, but not in their L/P and L/G ratios during their quarterly development within an annual cycle. These variations in the BEC were noticeable in females of medium (180–260) and larger (>260) sizes. Particularly, as the year progressed, females stored significant amounts of energy during their trophic migration, made evident by the increase in the lipid and protein contents of the gonads, which reached maximum levels towards the end of the year, during the second and third trimesters. These high energy reserves can be used for the reproduction during the last trimester of the year (i.e. austral spring–summer), when the warm temperature and high productivity in the SEPO are optimal for the successful development of oocytes. Future studies considering an ecosystem approach should analyze the classes of lipids and types of fatty acids that are involved in the reproduction of this species, and how they are acquired through the consumption of lipid-rich prey, and subsequently metabolized to be used in reproduction and during early ontogeny.","2023","2026-05-02 15:48:46","2026-05-02 15:48:46","","103031","","","63","","","","","","","","","","","","","","","","","","","","","Fisheries; Biochemical composition; Physiology; Highly migratory species; Oocyte","","","","","","","","","","","","","","","","","","","","","","","","","","","","","","","","","","","","","","","","","","","","","","",""
"YUSASAWC","journalArticle","2022","Heuvel, Lotte van den; Blicharska, Malgorzata; Stensland, Stian; Rönnbäck, Patrik","Been there, done that? Effects of centrality-to-lifestyle and experience use history on angling tourists’ loyalty to a Swedish salmon fishery","Journal of Outdoor Recreation and Tourism","","2213-0780","https://doi.org/10.1016/j.jort.2022.100549","https://www.sciencedirect.com/science/article/pii/S221307802200069X","The incorporation of theories and methods from tourism research in recreational fisheries research is not common practice, despite many parallels between the two research fields. Adopting a tourism perspective could contribute to our understanding of angling tourists' attitudes and preferences and help identify the factors affecting the recruitment and retention of anglers. The concept of destination loyalty reflects a tourist's intention to revisit or recommend a destination, and provides a suitable avenue for studying (repeated) visits to a fishing destination. This study assessed the destination loyalty of angling tourists targeting Atlantic salmon (Salmo salar L.) and sea trout (Salmo trutta L.) at the Mörrum river in southern Sweden. A structural equation model validated positive relationships between the psychological dimensions of destination image, satisfaction, place attachment and destination loyalty. In addition, centrality of the angling activity to the anglers' life was identified as a precursor of place attachment and subsequent loyalty. Moreover, anglers with a high experience use history for fishing at Mörrum scored higher than other anglers on several of the indicators for image, satisfaction, place attachment and loyalty. These results show how applying a tourism perspective to traditional recreational fisheries research may help to explain angler loyalty to a recreational fishery, which ultimately contributes to the management of visitor numbers and experiences. The measurement model used in this study can inform future studies involving angling destination loyalty and contribute to creating a universal measurement scale for this construct and its antecedents. Finally, this study holds several implications for fishing destination marketing and management in terms of supporting diversification of the visiting angler population and the experiences the destination provides. Management implications The model presented in this study highlights the importance of destination image in promoting satisfaction, place attachment and ultimately destination loyalty in a fishing destination. Moreover, we discuss how understanding angler heterogeneity may inform selective marketing efforts and promote loyalty in a variety of anglers. Additionally, we suggest how improving catch and non-catch related destination attributes could enhance the quality of the fishing experience as a whole, which improves satisfaction and fosters place attachment.","2022","2026-05-02 15:48:46","2026-05-02 15:48:46","","100549","","","39","","","","","","","","","","","","","","","","","","","","","Structural equation modeling; Fishing destination management; Fishing tourism; Revisit intentions; Satisfaction","","","","","","","","","","","","","","","","","","","","","","","","","","","","","","","","","","","","","","","","","","","","","","",""
"6XLTAZ56","journalArticle","2020","Corrales, X.; Vilas, D.; Piroddi, C.; Steenbeek, J.; Claudet, J.; Lloret, J.; Calò, A.; Franco, A. Di; Font, T.; Ligas, A.; Prato, G.; Sahyoun, R.; Sartor, P.; Guidetti, P.; Coll, M.","Multi-zone marine protected areas: Assessment of ecosystem and fisheries benefits using multiple ecosystem models","Ocean & Coastal Management","","0964-5691","https://doi.org/10.1016/j.ocecoaman.2020.105232","https://www.sciencedirect.com/science/article/pii/S0964569120301423","The current alarming state of many coastal ecosystems and fisheries calls for the development of tools to support recovery of exploited stocks, ensure their sustainable exploitation and protect marine ecosystems. Multi-zone Marine Protected Areas (MPAs) are often advocated to reconcile conservation and fisheries benefits. However, while there is a consensus about the ecological benefits whether such types of MPAs can really provide both benefits is still uncertain. Here, we analysed three existing Northwestern Mediterranean multi-zone MPAs (Cerbère-Banyuls, Cap de Creus and Medes Islands) using a comparative temporal ecosystem modelling approach to assess their effectiveness over time in recovering marine resources and ecosystem in the area. Our results showed differences in the ecological effectiveness of the three MPAs, potentially driven by MPA design, management and implementation features. Temporal increases of benefits were small, whenever detected, and showed slight recoveries of some target species and ecological indicators, mostly in Cerbère-Banyuls and Medes Islands MPAs. Our results confirm the benefits of protection to coastal marine resources and ecosystems when MPAs are enforced but highlight the current limitations of the three MPAs due to their small size and the significant impacts of small-scale and recreational fisheries. This study illustrates the capability to evaluate protection effects of small multi-zone MPAs with an ecosystem modelling perspective and represents the baseline to develop future scenarios of alternative management options to foster ecosystem recovery and resource rebuilding in the studied MPAs.","2020","2026-05-02 15:48:46","2026-05-02 15:48:46","","105232","","","193","","","","","","","","","","","","","","","","","","","","","Small-scale fisheries; Marine protected areas; Ecological indicators; Ecopath model; Recreational fisheries; Northwestern Mediterranean sea","","","","","","","","","","","","","","","","","","","","","","","","","","","","","","","","","","","","","","","","","","","","","","",""
"9WK2Q7QI","journalArticle","2017","Teh, Louise SL; Cheung, William WL; Christensen, Villy; Sumaila, U. R.","Can we meet the Target? Status and future trends for fisheries sustainability","Current Opinion in Environmental Sustainability","","1877-3435","https://doi.org/10.1016/j.cosust.2018.02.006","https://www.sciencedirect.com/science/article/pii/S1877343518300137","We assess progress towards Aichi Biodiversity Target 6, which aims to achieve global fisheries sustainability by 2020. Current trends suggest that the proportion of fish stocks within safe ecological limits is likely to decline until 2020. While model projections show a considerable reduction in overexploited stocks by 2050 if climate change is not considered, there will be a substantial increase in the risk of overexploited fish stocks if climate change is taken into account. Overall, although there is progress toward rebuilding fisheries in some developed nations, this improvement is insufficient to meet the Aichi Target by 2020; there is a need for substantial changes to current fisheries policy and management if Target 6 is to be met.","2017","2026-05-02 15:48:46","2026-05-02 15:48:46","","118-130","","","29","","","","","","","","","","","","","","","","","","","","","","","","","","","","","","","","","","","","","","","","","","","","","","","","","","","","","","","","","","","","","","","","","","","",""
"ADYKDVKC","journalArticle","2021","Wilson, Robert J.; Sailley, Sévrine F.; Jacobs, Zoe L.; Kamau, Joseph; Mgeleka, Said; Okemwa, Gladys M.; Omukoto, Johnstone O.; Osuka, Kennedy E.; Samoilys, Melita; Sauer, Warwick; Silas, Mathew Ogalo; Sululu, Joseph S.; Roberts, Michael J.","Large projected reductions in marine fish biomass for Kenya and Tanzania in the absence of climate mitigation","Ocean & Coastal Management","","0964-5691","https://doi.org/10.1016/j.ocecoaman.2021.105921","https://www.sciencedirect.com/science/article/pii/S096456912100404X","Climate change is projected to cause significant reductions in global fisheries catch during the 21st Century. Yet, little is understood of climate change impacts on tropical fisheries, which support many livelihoods, as is the case in the Western Indian Ocean region (WIO). Here, we focus on two central WIO countries ― Kenya and Tanzania ― and run a multi-species fish model (Size Spectrum Dynamic Bio-climate Envelope Model; SS-DBEM) for 43 species of commercial and artisanal importance, to investigate the effects of climate change. We include both national Exclusive Economic Zones (EEZs) as domains. The model was forced by data from a biogeochemical model (NEMO-MEDUSA), run under the high emissions scenario Representative Concentration Pathway (RCP) 8.5, until the end of the 21st century. Impacts of fisheries and climate change were investigated by running SS-DBEM under five scenarios of fishing pressures to predict a range of possible future scenarios. Fishing pressure was represented as the Maximum Sustainable Yield (MSY), expressed as MSY0, MSY1, MSY2, MSY3 and MSY4 representing fishing mortality of 0, 1, 2, 3 and 4 times MSY, respectively. Large reductions in average fish biomass were projected over the 21st Century, with median reductions of fish species biomass of 63–76% and 56–69% for the Kenyan and Tanzanian EEZs respectively across the fishing scenarios. Tunas were particularly impacted by future climate change, with the six modelled species exhibiting biomass reductions of at least 70% in both EEZs for all fishing scenarios during the 21st Century. Reductions in fish biomass were much more severe during the second half of the 21st Century, highlighting the benefits to tropical fisheries of global action on climate change.","2021","2026-05-02 15:48:46","2026-05-02 15:48:46","","105921","","","215","","","","","","","","","","","","","","","","","","","","","Fisheries; Climate change; MSY; Productivity; Kenya; Scenario modelling; SST; Tanzania","","","","","","","","","","","","","","","","","","","","","","","","","","","","","","","","","","","","","","","","","","","","","","",""
"ZV8NGUEF","journalArticle","2017","Bellquist, Lyall; Semmens, Brice; Stohs, Stephen; Siddall, Alayna","Impacts of recently implemented recreational fisheries regulations on the Commercial Passenger Fishing Vessel fishery for Paralabrax sp. in California","Marine Policy","","0308-597X","https://doi.org/10.1016/j.marpol.2017.09.017","https://www.sciencedirect.com/science/article/pii/S0308597X16308120","The California Commercial Passenger Fishing Vessel (CPFV) fleet is unique in scale of operation, extensive fishing history, and economic impacts. The basses (Paralabrax sp.), which represent a principal target for the CPFV fleet, recently gained more stringent size limits and bag limits. The goal of this study was to conduct a survey of CPFV captains to assess perceptions regarding the status of two Paralabrax species, as well as the impacts of the new regulations. Catch and effort estimates were also obtained using CPFV logbook data to compare captains’ perceptions with actual changes in the fishery. The captains agreed that both species are vital to recreational fishing, and that the Barred Sand Bass stock is less healthy than Kelp Bass. Catch and effort analyses were consistent with this perception, with more dramatic declines in CPUE exhibited by Barred Sand Bass. The most experienced captains perceived the status of each species to be in a less healthy state than the less experienced captains, suggesting that shifting baselines are occurring. Most of the captains thought the increased minimum size limits had the greatest short-term impact on the fishing experience. The CPFV logbook data summaries support this assertion, but Kelp Bass CPUE showed a trend reversal. In contrast, Barred Sand Bass CPUE has precipitously declined, and spawning aggregations have been absent since 2013. The agreement between captains’ perceptions and logbook analyses strengthens the overall findings, and suggests captains are a valuable resource for informing fisheries management, especially in future studies with data-limited stocks.","2017","2026-05-02 15:48:46","2026-05-02 15:48:46","","134-143","","","86","","","","","","","","","","","","","","","","","","","","","Survey; California recreational fisheries; Catch-per-unit-effort; Commercial Passenger Fishing Vessel; Logbook; Regulatory impacts; Traditional ecological knowledge","","","","","","","","","","","","","","","","","","","","","","","","","","","","","","","","","","","","","","","","","","","","","","",""
"2F2SVF2B","journalArticle","2019","Gittings, John A.; Brewin, Robert J. W.; Raitsos, Dionysios E.; Kheireddine, Malika; Ouhssain, Mustapha; Jones, Burton H.; Hoteit, Ibrahim","Remotely sensing phytoplankton size structure in the Red Sea","Remote Sensing of Environment","","0034-4257","https://doi.org/10.1016/j.rse.2019.111387","https://www.sciencedirect.com/science/article/pii/S0034425719304067","Phytoplankton size structure impacts ocean food-web dynamics and biogeochemical cycling, and is thus an important ecological indicator that can be utilised to quantitatively evaluate the state of marine ecosystems. Potential alterations to size structure are predicted to occur in tropical regions under future scenarios of climate change. Therefore, there is an increasing requirement for the synoptic monitoring of phytoplankton size structure in marine systems. The Red Sea remains a comparatively unexplored tropical marine ecosystem, particularly with regards to its large-scale biological dynamics. Using an in situ pigment dataset acquired in the Red Sea, we parameterise a two-component, abundance-based phytoplankton size model and apply it to remotely-sensed observations of chlorophyll-a (Chl-a) concentration, to infer Chl-a in two size classes of phytoplankton, small cells <2 μm in size (picophytoplankton) and large cells >2 μm in size. Satellite-derived estimates of phytoplankton size structure are in good agreement with corresponding in situ measurements and also capture the spatial variability related to regional mesoscale dynamics. Our analysis reveals that, for the estimation of Chl-a in the two size classes, the model performs comparably or in some cases better, to validations in other oceanic regions. Our model parameterisation will be useful for future studies on the seasonal and interannual variability of phytoplankton size classes in the Red Sea, which may ultimately be relevant for understanding trophic linkages between phytoplankton size structure and fisheries, and the development of marine management strategies.","2019","2026-05-02 15:48:46","2026-05-02 15:48:46","","111387","","","234","","","","","","","","","","","","","","","","","","","","","Phytoplankton; Remote sensing; Chlorophyll; Ocean colour; Red Sea; Size structure","","","","","","","","","","","","","","","","","","","","","","","","","","","","","","","","","","","","","","","","","","","","","","",""
"5NSI2QCY","journalArticle","2024","Dalpadado, Padmini; Roxy, Mathew Koll; Arrigo, Kevin R.; Dijken, Gert L. van; Chierici, Melissa; Ostrowski, Marek; Skern-Mauritzen, Rasmus; Bakke, Gunnstein; Richardson, Anthony J.; Sperfeld, Erik","Rapid climate change alters the environment and biological production of the Indian Ocean","Science of The Total Environment","","0048-9697","https://doi.org/10.1016/j.scitotenv.2023.167342","https://www.sciencedirect.com/science/article/pii/S0048969723059697","We synthesize and review the impacts of climate change on the physical, chemical, and biological environments of the Indian Ocean and discuss mitigating actions and knowledge gaps. The most recent climate scenarios identify with high certainty that the Indian Ocean (IO) is experiencing one of the fastest surface warming among the world's oceans. The area of surface waters of >28 °C (IO Warm Pool) has significantly increased during 1982–2021 by expanding into the northern-central basins. A significant decrease in pH and aragonite (building blocks of calcified organisms) levels in the IO was observed from 1981–2020 due to an increase in atmospheric CO2 concentrations. There are also signals of decreasing trends in primary productivity in the north, likely related to enhanced stratification and nutrient depletion. Further, the rapid warming of the IO will manifest more extreme weather conditions along its adjacent continents and oceans, including marine heat waves that are likely to reshape biodiversity. However, the impact of climate change beyond the unprecedented warming, increase in marine heat waves, expansion of the IO Warm Pool, and decrease in pH, remains uncertain for many other key variables in the IO including changes in salinity, oxygen, and net primary production. Understanding the response of these physical, chemical, and biological variables to climate change is vital to project future changes in regional fisheries and identify mitigation actions. We accordingly conclude by identifying knowledge gaps and recommending directions for sustainable fisheries and climate impact studies.","2024","2026-05-02 15:48:46","2026-05-02 15:48:46","","167342","","","906","","","","","","","","","","","","","","","","","","","","","Climate change; Remote sensing; Biological time series; Large marine ecosystem; Marine heat waves; Monsoonal productivity changes","","","","","","","","","","","","","","","","","","","","","","","","","","","","","","","","","","","","","","","","","","","","","","",""
"8YW8W4DF","journalArticle","2022","Luck, Cian; Jessopp, Mark; Cronin, Michelle; Rogan, Emer","Using population viability analysis to examine the potential long-term impact of fisheries bycatch on protected species","Journal for Nature Conservation","","1617-1381","https://doi.org/10.1016/j.jnc.2022.126157","https://www.sciencedirect.com/science/article/pii/S1617138122000309","Fisheries bycatch is recognised as the dominant anthropogenic threat facing many protected species globally. Estimates of total bycatch are often associated with wide confidence intervals as a result of limited coverage by on-board observers. This makes it difficult for managers to assess risk and design effective management plans. Here, we present a case study of grey seal (Halichoerus grypus) bycatch in static net fisheries across Irish waters, where potentially unsustainable bycatch levels have been reported with typically wide confidence intervals. We used Population Viability Analysis (PVA) to explore potential bycatch scenarios at a national level in order to inform future monitoring and management efforts; including (i) a baseline scenario where the probability of seals becoming bycaught was independent of age and sex; (ii) probability was biased towards juvenile, male, or female seals; (iii) there was net immigration of seals from outside of the national population; and (iv) colony-specific bycatch rates were applied to assess the relative vulnerability of the major grey seal breeding colonies to bycatch mortality. Results demonstrated that (i) higher levels of bycatch reduced population growth, with bycatch of 800 seals per year reducing the national population by 99% over 100 years; (ii) population viability was most sensitive to bycatch mortality of female seals, and more robust to juvenile or male mortality; (iii) recruitment of 500 seals per year prevented population decline despite a worst-case bycatch scenario of 800 seals bycaught per year; (iv) colonies in the south and southwest were the first to show signs of decline under increasing bycatch pressure. PVA provides a clear justification for improved monitoring of seal bycatch to obtain more precise bycatch estimates, and highlights the need for future studies to identify appropriate grey seal management units.","2022","2026-05-02 15:48:46","2026-05-02 15:48:46","","126157","","","67","","","","","","","","","","","","","","","","","","","","","Fisheries management; Bycatch; Demographic analysis; Grey seal; Population viability analysis; Protected species","","","","","","","","","","","","","","","","","","","","","","","","","","","","","","","","","","","","","","","","","","","","","","",""
"Y24X2WHM","journalArticle","2018","Lauria, Valentina; Das, Isha; Hazra, Sugata; Cazcarro, Ignacio; Arto, Iñaki; Kay, Susan; Ofori-Danson, Patrick; Ahmed, Munir; Hossain, Mostafa A. R.; Barange, Manuel; Fernandes, José Antonio","Importance of fisheries for food security across three climate change vulnerable deltas","Science of The Total Environment","","0048-9697","https://doi.org/10.1016/j.scitotenv.2018.06.011","https://www.sciencedirect.com/science/article/pii/S0048969718320734","Deltas are home to a large and growing proportion of the world's population, often living in conditions of extreme poverty. Deltaic ecosystems are ecologically significant as they support high biodiversity and a variety of fisheries, however these coastal environments are extremely vulnerable to climate change. The Ganges-Brahmaputra-Meghna (Bangladesh/India), the Mahanadi (India), and the Volta (Ghana) are among the most important and populous delta regions in the world and they are all considered at risk of food insecurity and climate change. The fisheries sector is vital for populations that live in the three deltas, as a source of animal protein (in Bangladesh and Ghana around 50–60% of animal protein is supplied by fish while in India this is about 12%) through subsistence fishing, as a source of employment and for the wider economy. The aquaculture sector shows a rapid growth in Bangladesh and India while in Ghana this is just starting to expand. The main exported species differ across countries with Ghana and India dominated by marine fish species, whereas Bangladesh exports shrimps and prawns. Fisheries play a more important part in the economy of Bangladesh and Ghana than for India, both men and women work in fisheries, with a higher proportion of women in the Volta then in the Asian deltas. Economic and integrated modelling using future scenarios suggest that changes in temperature and primary production could reduce fish productivity and fisheries income especially in the Volta and Bangladesh deltas, however these losses could be mitigated by reducing overfishing and improving management. The analysis provided in this paper highlights the importance of applying plans for fisheries management at regional level. Minimizing the impacts of climate change while increasing marine ecosystems resilience must be a priority for scientists and governments before these have dramatic impacts on millions of people's lives.","2018","2026-05-02 15:48:46","2026-05-02 15:48:46","","1566-1577","","","640-641","","","","","","","","","","","","","","","","","","","","","","","","","","","","","","","","","","","","","","","","","","","","","","","","","","","","","","","","","","","","","","","","","","","",""
"P774N9FX","journalArticle","2021","Lucas, Sterenn; Soler, Louis-Georges; Revoredo-Giha, Cesar","Trend analysis of sustainability claims: The European fisheries and aquaculture markets case","Food Policy","","0306-9192","https://doi.org/10.1016/j.foodpol.2021.102141","https://www.sciencedirect.com/science/article/pii/S0306919221001202","The future of European fisheries and aquaculture depends not only on their capacity to innovate (e.g., introduce new products) but also on their ability to realize sustainable production given the environmental concerns surrounding fisheries. Market tools can be used to signal sustainability to consumers by balancing sustainability and competitiveness. The purpose of this paper is to explore the trends related to the introduction of fishery and aquaculture products (FAPs) with sustainability attributes among 32,215 products commercialized in Europe between 2000 and 2019 using Mintel’s Global New Products Database (GNPD). The data provide information on a variety of sustainability claims on product packages. Of all the FAPs, 35.21% included at least one sustainability claim. We used trend analysis to investigate the countries and species that lead the introduction of new products associated with sustainability to understand the drivers of sustainability in the European FAP markets. The results indicated that the share of FAPs launched in the market with sustainability claims was increasing across Europe, mainly driven by sustainability on raw material and sustainable packaging, while sustainable products with organic or animal welfare claims were not market drivers of sustainability. In addition to differences in the sustainability claims by country, we highlighted some heterogeneity in the market across species. Nevertheless, market incentives to promote sustainability, while matching consumer expectations, also seemed efficient in effectively promoting sustainable resources.","2021","2026-05-02 15:48:46","2026-05-02 15:48:46","","102141","","","104","","","","","","","","","","","","","","","","","","","","","Ecolabel; Fishery and aquaculture market; New product; Sustainability claims; Trend analysis of time series","","","","","","","","","","","","","","","","","","","","","","","","","","","","","","","","","","","","","","","","","","","","","","",""
"AI6BPMVR","journalArticle","2015","Davies, Tim K.; Mees, Chris C.; Milner-Gulland, E. J.","Second-guessing uncertainty: Scenario planning for management of the Indian Ocean tuna purse seine fishery","Marine Policy","","0308-597X","https://doi.org/10.1016/j.marpol.2015.09.019","https://www.sciencedirect.com/science/article/pii/S0308597X15002705","An important task of natural resource management is deciding amongst alternative policy options, including how interventions will affect the dynamics of resource exploitation. Yet predicting the behaviour of natural resource users in complex, changeable systems presents a significant challenge for managers. Scenario planning, which involves thinking creatively about how a socio-ecological system might develop under a set of possible futures, was used to explore uncertainties in the future of the Indian Ocean tuna purse seine fishery. This exercise stimulated thinking on how key social, economic and environmental conditions that influence fleet behaviour may change in the future, and how these changes might affect the dynamics of fishing effort. Three storylines were explored: an increase in marine protection, growing consumer preference for sustainable seafood, and depletion of tuna stocks. Comparing across several possible future scenarios, a number of critical aspects of fleet behaviour were identified that should be important considerations for fishery managers, but which are currently poorly understood. These included a switch in fishing practices, reallocation of effort in space, investment in new vessels and exit from the fishery. Recommendations for future management interventions in the Indian Ocean were offered, along with suggestions for research needed to reduce management uncertainty.","2015","2026-05-02 15:48:46","2026-05-02 15:48:46","","169-177","","","62","","","","","","","","","","","","","","","","","","","","","Fisheries; Management; Uncertainty; Fleet dynamics; Scenario planning; Tropical tuna","","","","","","","","","","","","","","","","","","","","","","","","","","","","","","","","","","","","","","","","","","","","","","",""
"CG9YV2VK","journalArticle","2021","Spoors, Felicity; Mendo, Tania; Khan, Nicola; James, Mark","Assessing bait use by static gear fishers of the Scottish Inshore fisheries: A preliminary study","Fisheries Research","","0165-7836","https://doi.org/10.1016/j.fishres.2021.105974","https://www.sciencedirect.com/science/article/pii/S0165783621001028","Approximately 70 % of the Scottish fishing fleet target shellfish using baited creels. Bait is an essential component of catch success, but the economic and environmental implications of bait use are unknown. In this preliminary study, a short survey was circulated to members of the Scottish inshore creeling fleet and analysed alongside spatial data from 8 creel fishing vessels. Bait biomass, input into coastal waters through creeling activity, was calculated along with bait types, motivations surrounding the discarding of used bait and the annual estimated spatial concentration. Findings indicate that preferred bait types differ with geographic location and cost the creeling sector approximately £9.8 million annually at the time of the survey, equating to 16.3 % of the nominal 2018 shellfish landing value. Data from this research suggests that approximately 13,492 metric tonnes of bait biomass enters coastal Scottish waters through creeling activities annually. Vessel tracks showed fishers returning to certain fishing grounds repeatedly, indicating that bait biomass input is highly localised. Hotspots of fishing activity were calculated to receive up to 75 kg ha−1 and 47 kg ha−1 of bait biomass per fisher annually when fishing Nephrops and crab/ lobster, respectively. Bait discarding occurs most frequently at the fishing grounds with convenience being the main motivation. This study provides a baseline for future studies and prompts the consideration of bait use in the management of creel fisheries.","2021","2026-05-02 15:48:46","2026-05-02 15:48:46","","105974","","","240","","","","","","","","","","","","","","","","","","","","","Fisheries management; Coastal fisheries; Bait biomass; Creel fishing; Fisher knowledge","","","","","","","","","","","","","","","","","","","","","","","","","","","","","","","","","","","","","","","","","","","","","","",""
"YUZZFSJW","journalArticle","2026","Tulloch, Vivitskaia J. D.; Murray, Cathryn; Surma, Szymon; Barnes, Cheryl L.; Conn, Jaid; Holsman, Kirstin; Martin, Tara; Morzaria-Luna, Hem Nalini; Reum, Jonathan C. P.; Berry, Kathryn","Applications of marine ecosystem models for Pacific salmon conservation and management in the Northeast Pacific","FACETS","","2371-1671","https://doi.org/10.1139/facets-2025-0261","https://www.sciencedirect.com/science/article/pii/S2371167126000189","Pacific salmon populations have experienced widespread declines despite substantial single-species management, highlighting the need for ecosystem-based approaches that consider life-cycle dynamics, predator-prey interactions, and environmental variability. Management models are typically split between freshwater and marine realms, limiting comprehensive assessment across the full salmon life cycle. This systematic review synthesizes 34 peer-reviewed marine multispecies ecosystem models (MEMs) developed from 2000 to 2024 that include Pacific salmon, their main predators, and prey. Models ranged from aggregated frameworks to complex end-to-end platforms, covering the California Current, British Columbia, Salish Sea, Bering Sea, and Gulf of Alaska, with 11–170 functional groups. Salmon representation varied from aggregated groups to detailed life-stage frameworks, with all models including key trophic linkages with forage species and marine mammal predators. Climate change was included in 65% of studies, mostly via primary productivity anomalies, but only six simulated future scenarios. Fishing pressure was evaluated in 85% of studies, yet only 32% addressed explicit management applications, revealing a critical science-management gap. Major gaps include limited spatial-temporal resolution, insufficient climate integration, and limited operational uptake. We recommend linking marine and freshwater models, co-development with managers and rightsholders, enhanced climate coupling, and ensemble modeling to advance ecosystem-based fisheries management and address urgent salmon conservation challenges.","2026","2026-05-02 15:48:46","2026-05-02 15:48:46","","1-24","","","11","","","","","","","","","","","","","","","","","","","","","climate change; decision-support tools; ecosystem modeling; ecosystem-based fisheries management; North Pacific Ocean","","","","","","","","","","","","","","","","","","","","","","","","","","","","","","","","","","","","","","","","","","","","","","",""
"Z5CYBB48","journalArticle","2020","Oribe-Pérez, Iván Ali; Velázquez-Abunader, Iván; Poot-López, Gaspar Román","Age and multi-model growth estimation of white grunt, Haemulon plumieri, in the southern Gulf of Mexico from otolith macrostructure analysis","Regional Studies in Marine Science","","2352-4855","https://doi.org/10.1016/j.rsma.2020.101069","https://www.sciencedirect.com/science/article/pii/S2352485519302683","In the southern Gulf of Mexico fishery of the white grunt (Haemulon plumieri) has gained relevance as an alternative resource to fisheries considered in decay (e.g., red grouper); however, the extent of knowledge of the biology of this species in the region is scarce. Therefore, the aim of this study was to estimate the age and growth of white grunt under a multi-model approach (information theory). A total of 421 individuals were sampled monthly on the continental shelf of Yucatan from September 2015 to August 2016. Five growth models were evaluated through a multi-model approach. Periodicity of growth zones was annual according to the marginal index. Maximum estimated age was 17 years and 90% of the specimens were under 8 years of age. Models that best explained the growth of white grunt were asymptotic without an evident inflexion point (Johnson and von Bertalanffy models). The first growth estimate of this species in the southern Gulf of Mexico is reported with this approach, contributing elements to improve evaluations in future studies.","2020","2026-05-02 15:48:46","2026-05-02 15:48:46","","101069","","","34","","","","","","","","","","","","","","","","","","","","","Mexico; Fishery; Campeche Bank; Growth rate; Multi-model approach","","","","","","","","","","","","","","","","","","","","","","","","","","","","","","","","","","","","","","","","","","","","","","",""
"JZZDVILL","journalArticle","2024","Erauskin-Extramiana, Maite; Chevallier, Adrien; Ernande, Bruno; Shin, Yunne-Jai; Merino, Gorka","Lower fishing effort would benefit fish stocks and fisheries profitability in the Gulf of Lion in the Mediterranean Sea","Marine Policy","","0308-597X","https://doi.org/10.1016/j.marpol.2024.106123","https://www.sciencedirect.com/science/article/pii/S0308597X24001210","The increasing pressure on marine resources due to the high demand for fish and fishery products from an increasing population can lead to the overexploitation of fish stocks worldwide. In addition, climate change has already impacted fish populations pushing them towards states never seen before with a risk of irreversible changes. Evaluating the socioeconomic consequences of climate and anthropogenic impacts is challenging due to the large variety of interactions between social, ecological, and economic systems that make future effects difficult to predict. In this study, we develop climate-socioeconomic scenarios for the Gulf of Lion’s most important commercial fisheries using the MEFISTO bioeconomic model. Here, the biomass, catches and profit changes for the main commercial species (anchovy, sardine, hake and red mullet) and three fleets (demersal trawlers, gillnets, purse seiners) are modeled. We project the potential future storylines of fisheries under four different climate-driven and socio-political scenarios considering changes along three components: (i) climate change affecting fish stocks’ productivity through physiological processes, (ii) economic changes impacting fish price and fishing costs and (iii) technological management (fishing effort). Under alternative assumptions of productivity, market and management changes, our results indicate that fishing mortality reductions would mitigate the impacts of climate change and economic volatility over the GoL fisheries. An improvement in the overfished fisheries' management seems to be the main driver of change by 2050, over the direct impact of climate change. The market volatility (fluctuations in fish and fuel prices) will also be key for the future viability of Mediterranean fisheries.","2024","2026-05-02 15:48:46","2026-05-02 15:48:46","","106123","","","163","","","","","","","","","","","","","","","","","","","","","Fisheries; Climate change; Bioeconomic model; Fishing pressure; Future scenarios","","","","","","","","","","","","","","","","","","","","","","","","","","","","","","","","","","","","","","","","","","","","","","",""
"AQ3A7RVB","journalArticle","2025","Huang, Yabi; Li, Zijian; Fantke, Peter","Defining pesticide water quality standards for multi-use water resources to protect human health","Science of The Total Environment","","0048-9697","https://doi.org/10.1016/j.scitotenv.2025.180344","https://www.sciencedirect.com/science/article/pii/S0048969725019849","Regulatory agencies worldwide established water quality standards (WQS) for pesticides primarily based on human exposure via drinking water ingestion. However, pesticide exposure varies by water use. This study defined six water usage types (drinking water, recreational waters, fisheries and aquaculture, natural reservations and conservation areas, rural water uses, and urban water uses) and derived corresponding WQSs based on pathway-specific and aggregated human exposure and associated health risks. Exposure analysis revealed that pesticide properties could cause over 107-fold variation in external exposure dose factors across water types. WQSs for hydrophilic pesticides ranged from 0.33 to 2.24 × 105 mg L−1, ranked: natural reservations and conservation areas > fisheries and aquaculture > recreational waters > drinking water resources > rural water uses > urban water uses. Lipophilic pesticides WQSs ranged from 1.10 × 10−3 to 51.7 mg L−1, ranked: natural reservations and conservation areas > recreational waters > drinking water resources > rural water use > urban water use > fisheries and aquaculture. Therefore, priority should be given to controlling pesticide levels in urban water use and fisheries and aquaculture waters to mitigate risks. This study also compared WQSs for eight pesticides (aldrin, atrazine, bromoxynil, chlorothalonil, dichlorodiphenyltrichloroethane, hexachlorobenzene, heptachlor, and oryzalin) with corresponding regulatory standards (RSs) in Brazil, China, and the United States. Results indicated that most RSs remain inadequate in preventing carcinogenic risks. Our findings provide insights for developing more comprehensive and protective WQSs. Future studies can improve framework by refining exposure parameters, incorporating more pesticides as toxicity data becomes available, and integrating ecological risks.","2025","2026-05-02 15:48:46","2026-05-02 15:48:46","","180344","","","999","","","","","","","","","","","","","","","","","","","","","Exposure assessment; Pesticide residue; Regulatory standards; Water resource types","","","","","","","","","","","","","","","","","","","","","","","","","","","","","","","","","","","","","","","","","","","","","","",""
"BS9XT3YZ","journalArticle","2022","Gray, Charles A.","Variation in growth, length and age characteristics of estuarine Acanthopagrus (Sparidae) populations in New South Wales, Australia","Regional Studies in Marine Science","","2352-4855","https://doi.org/10.1016/j.rsma.2022.102481","https://www.sciencedirect.com/science/article/pii/S2352485522001633","Knowledge of spatial variation in growth and demographic characteristics of exploited teleost populations is informative for understanding levels of resilience and susceptibility to environmental and anthropogenic perturbations and for resource management. This study investigated variation in length- and age-compositions, length-at-age and growth, longevity and mortality of Acanthopagrus (A. australis, A. butcheri and their hybrids) population complexes across seven estuaries spanning seven degrees of latitude in eastern Australia. Populations were sampled using two gears according to standardised fishery-independent survey protocols. Populations within each estuary displayed considerable variation in length-at-age, with sex-specific growth attributes evident in some estuaries but not others. Nevertheless, females dominated populations, and on average, the mean lengths and ages of females were greater than males within each estuary population. Estuary type and location appeared to influence the estuary-specific growth characteristics of both sexes, with populations in the southern coastal lakes having, on average, greater mean lengths at age and faster growth than those in the northern riverine estuaries. Length and age compositions of populations did not vary accordingly, with observed longevities and estimated natural mortalities varying among estuaries, most likely reflecting estuary-specific environmental conditions and anthropogenic activities. In general, populations across all estuaries primarily comprised fish <25 cm fork length (FL) and 10 years of age. Given their potential to reach FLs up to 50 cm and ages >20 years, populations across most estuaries appeared length and age truncated. Ecological relationships and resource management implications are discussed.","2022","2026-05-02 15:48:46","2026-05-02 15:48:46","","102481","","","55","","","","","","","","","","","","","","","","","","","","","Fishery management; Demographic variability; Estuary monitoring; Life history plasticity; Longevity overfishing; Population assessment","","","","","","","","","","","","","","","","","","","","","","","","","","","","","","","","","","","","","","","","","","","","","","",""
"AD6BH7AD","journalArticle","2018","Richards, R. J.; Raoult, V.; Powter, D. M.; Gaston, T. F.","Permanent magnets reduce bycatch of benthic sharks in an ocean trap fishery","Fisheries Research","","0165-7836","https://doi.org/10.1016/j.fishres.2018.07.006","https://www.sciencedirect.com/science/article/pii/S0165783618301966","Sharks and rays are often caught as bycatch by commercial fisheries, and high incidences of bycatch are partially to blame for the declines in many populations of elasmobranchs. In an effort to reduce rates of bycatch, researchers have tested various deterrents that could benefit fisheries. Permanent magnets are one promising form of bycatch reduction device, yet their efficacy has only been tested for hook-and-line fisheries with variable results. Here, we examined the potential benefits of permanent magnets on an ocean fish trap fishery targeting snapper (Pagrus auratus) where more than 10% of the total catch is comprised of unwanted elasmobranchs and the presence of elasmobranchs reduces the catch of target species. Over 1000 fish traps were deployed in a fishery-dependent survey in New South Wales, Australia. Standardised catch rates indicate that the incorporation of magnets into fish traps significantly reduced incidences of elasmobranch bycatch (mainly Brachaelurus waddi) by over a third, while increasing the amount of target fish caught by an equivalent amount. Together these results suggest that magnets can be used as an effective bycatch reduction device that reduces incidences of elasmobranch bycatch while increasing the profitability of fish traps for fishermen. Future studies should aim to replicate these results in areas where different species of elasmobranchs occur.","2018","2026-05-02 15:48:46","2026-05-02 15:48:46","","16-21","","","208","","","","","","","","","","","","","","","","","","","","","Fisheries; Blind shark; Deterrents; Elasmobranchs; Electroreception; Mitigation","","","","","","","","","","","","","","","","","","","","","","","","","","","","","","","","","","","","","","","","","","","","","","",""
"5NE7JK5Y","journalArticle","2026","Yang, Zi; Li, Simeng; Liu, Xiaoxue; Dai, Libin; Cao, Jie; Tian, Siquan","Projection of distribution shift for Pacific saury (Cololabis saira) in the Northwestern Pacific Ocean under climate change","Regional Studies in Marine Science","","2352-4855","https://doi.org/10.1016/j.rsma.2026.105021","https://www.sciencedirect.com/science/article/pii/S2352485526002768","Pacific saury (Cololabis saira) is a commercially and ecologically important pelagic species in the Northwestern Pacific Ocean. Over the past decade, its spatial distribution has shown a distinct northeastward shift, which may introduce significant spatial uncertainty into stock assessment and fisheries management by altering the spatial overlap between fish stocks and fishing effort. In this study, the spatial dynamics of this species under future climate scenarios (SSP126, SSP245, SSP585) were projected using the sdmTMB modeling framework. The model was developed using catch per unit effort (CPUE) data collected by Chinese stick-held dip net fishing fleets from 2013 to 2023, together with key environmental variables, including sea surface temperature (SST) and mixed layer depth (MLD). Spatial random fields were incorporated to account for unexplained spatial heterogeneity. The results showed that MLD emerged as a dominant driver of CPUE, with predicted CPUE peaking at a depth of approximately 30 m. SST also exerted a significant influence, showing a gradual decline in CPUE across the range of 8–20°C. While monthly variation remained similar across scenarios from 2013 to 2023, the spatial distribution patterns differed. Future projections under different scenarios revealed similar interannual distribution trends, with marked variation during June to September. Under SSP126, the center of gravity shifted toward a more southeastern position; under SSP245, it showed large east–west swings; under SSP585, it exhibited strong south-north oscillations after 2040. Sensitivity tests and core distribution analysis confirm these spatial signals are robust and synchronized. These projections provide mechanistic insights into how climate change may reshape the spatial dynamics of Pacific saury, underscoring the need for spatially explicit adaptive fisheries management strategies in a warming ocean.","2026","2026-05-02 15:48:46","2026-05-02 15:48:46","","105021","","","97","","","","","","","","","","","","","","","","","","","","","Climate change; Spatial distribution; Future projection; Random fields","","","","","","","","","","","","","","","","","","","","","","","","","","","","","","","","","","","","","","","","","","","","","","",""
"W7CHB2DL","journalArticle","2022","Ouchi, Sachiko; Wilson, Lori; Wabnitz, Colette C. C.; Golden, Christopher D.; Beaudreau, Anne H.; Kenny, Tiff-Annie; Singh, Gerald G.; Cheung, William W. L.; Chan, Hing Man; Salomon, Anne K.; Lesbarrères, David","Opposing trends in fisheries portfolio diversity at harvester and community scales signal opportunities for adaptation","FACETS","","2371-1671","https://doi.org/10.1139/facets-2022-0048","https://www.sciencedirect.com/science/article/pii/S2371167122000266","Understanding mechanisms that promote social-ecological resilience can inform future adaptation strategies. Among seafood dependent communities, these can be illuminated by assessing change among fisheries portfolios. Here, in collaboration with a Coast Salish Nation in British Columbia, Canada, we used expert Indigenous knowledge and network analyses to chronicle differences in fisheries portfolios pre and post a social-ecological regime shift. We then evaluated key drivers of change using semi-structured interviews. We found that while portfolios decreased in diversity of seafood types harvested and consumed among individuals overtime, portfolios increased in their diversification at the community level because more similar seafoods within less diverse individual portfolios were more commonly harvested and consumed by the Nation as a whole. Thus, diversity can operate simultaneously in opposing directions at different scales of organization. Experts identified four key mechanisms driving these changes, including commercial activities controlled by a centralized governance regime, intergenerational knowledge loss, adaptive learning to new ecological and economic opportunities, and the trading of seafood with other Indigenous communities. Unexpectedly, increased predation by marine mammals was also flagged as a key driver of change. Adaptation strategies that support access to and governance of diverse fisheries, exchange of seafoods among communities, and knowledge transfer among generations would promote social-ecological resilience, food security, and community well-being.","2022","2026-05-02 15:48:46","2026-05-02 15:48:46","","1385-1410","","1","7","","","","","","","","","","","","","","","","","","","","","social-ecological systems; small-scale fisheries; Indigenous Knowledge; network analysis; ocean governance; resilience","","","","","","","","","","","","","","","","","","","","","","","","","","","","","","","","","","","","","","","","","","","","","","",""
"BMBZP5KY","journalArticle","2020","Hoang, Ha Dung; Momtaz, Salim; Schreider, Maria","Assessing the vulnerability of small-scale fishery communities in the estuarine areas of Central Vietnam in the context of increasing climate risks","Ocean & Coastal Management","","0964-5691","https://doi.org/10.1016/j.ocecoaman.2020.105302","https://www.sciencedirect.com/science/article/pii/S096456912030212X","Although Vietnam's coastal and estuarine areas are most vulnerable to the impact of climate shocks, very few studies have closely evaluated this vulnerability. This research applied the Livelihood Vulnerability Index (LVI) and the United Nations Intergovernmental Panel on Climate Change vulnerability framework (LVI-IPCC) to estimate the climate vulnerability of small-scale fisheries in the Tam Giang – Cau Hai lagoon, Central Vietnam - recognised as the biggest brackish water lagoon in South East Asia. Mixed methods, including key informant interviews, group discussions and questionnaire surveys (N = 181), were applied to collect empirical data in two estuarine fishery communities of Loc Binh and Huong Phong communes, Thua Thien Hue province. Two important findings emerge from this analysis, (1) the overall results of this study indicate that livelihood strategies and availability of food are the most critical factors in determining livelihood vulnerability for the two surveyed communes in the TG-CH lagoon and (2) the LVI and LVI-IPCC are effective tools to assessing vulnerability at the community level. It is expected that the lessons learnt from this study will assist in designing future studies and help devise intervention strategies to reduce the vulnerability of small-scale fishery communities in developing countries.","2020","2026-05-02 15:48:46","2026-05-02 15:48:46","","105302","","","196","","","","","","","","","","","","","","","","","","","","","Cau Hai lagoon; Climate variability; Estuarine area; Estuarine fisheries; Livelihood vulnerability index; Tam Giang","","","","","","","","","","","","","","","","","","","","","","","","","","","","","","","","","","","","","","","","","","","","","","",""
"HMWZZ37I","journalArticle","2025","Shao, Kwang-Tsao; Ko, Hui-Ling; Chiu, Yung-Chieh; Huang, Hsin-Kai; Chen, Ya-Fang; Chang, Yen-Wei","Establishing a COI DNA barcoding reference database for Taiwanese coastal fish species from egg and larvae specimens","ZooKeys","","1313-2989","https://doi.org/10.3897/zookeys.1247.151795","https://www.sciencedirect.com/science/article/pii/S1313298925002988","Abstract Fish eggs and larval stages are essential components of marine ecosystems and play important roles in sustaining marine food webs. However, the egg and larval stages often lack distinct diagnostic characteristics, making it challenging to identify species solely based on their morphology. In this study, we applied a DNA barcoding approach targeting the cytochrome c oxidase subunit I gene to establish a comprehensive reference for fish eggs and larval material in coastal waters off Taiwan. A total of 7602 records of fish eggs and larvae were collected from marine coastal waters surrounding Taiwan between 2004 and 2023 and identified using a DNA barcoding approach. By comparing our newly generated DNA barcoding sequences with records from public reference databases, we identified 1112 different fish taxa encompassing 24 orders, 158 families, 500 genera, and 844 fish species. This DNA barcoding referencing effort will facilitate future studies on the early life stages of Taiwanese coastal marine fish communities. In addition, it will also provide an important baseline for the development of new methods, such as eDNA and DNA metabarcoding diet analysis. This database provides comprehensive spatial and temporal distribution data of fish eggs and larvae in the waters surrounding Taiwan, contributing to a better understanding of fish spawning seasons, spawning grounds, and resource fluctuations. This database enhances the accuracy of species identification and serves as a scientific foundation for biodiversity conservation and fishery resource management.","2025","2026-05-02 15:48:47","2026-05-02 15:48:47","","207-216","","","1247","","","","","","","","","","","","","","","","","","","","","DNA barcoding; barcoding region; DNA reference database; eDNA; fish eggs; fish larvae; species identification","","","","","","","","","","","","","","","","","","","","","","","","","","","","","","","","","","","","","","","","","","","","","","",""
"LQAPBKIB","journalArticle","2011","Robinson, Jan; Samoilys, Melita A.; Grandcourt, Edwin; Julie, Danny; Cedras, Maria; Gerry, Calvin","The importance of targeted spawning aggregation fishing to the management of Seychelles’ trap fishery","Fisheries Research","","0165-7836","https://doi.org/10.1016/j.fishres.2011.08.015","https://www.sciencedirect.com/science/article/pii/S0165783611002840","The formation of spawning aggregations at predictable sites and times is known to confer vulnerability to overexploitation among reef fishes exhibiting this trait. The aim of this study was to determine the importance of targeted fishing on spawning aggregations for the status and management of the trap fishery for Siganus sutor (Rabbitfish: Siganidae) in Seychelles. S. sutor was verified as an aggregative spawner and, at two of the main spawning sites, aggregations were subject to a highly targeted trap fishery. Trends in catch-per-unit-effort and yield over time (1991–2006) were not indicative of an overfished siganid resource, and a yield curve signalled that fishing has been within sustainable limits. While a demographic assessment indicated that overfishing had occurred in 1998 and 2007, the reference points may have been overly conservative and the results reflect the size structure of only the exploited component of the population. Aggregation fishing was estimated to contribute 8% of annual effort and 15% of annual catch in the fishery, indicating that this practice does not exert a major influence on stock and fishery status. Given the conflicting results of yield and demographic assessments, precautionary management measures are warranted and should be informed by the distribution of effort among life history stages. Spatial or temporal measures to protect spawning aggregations will have limited effectiveness as the majority of effort is directed at non-spawning fish. We conclude that fisheries with aggregation components can be sustainable at commercial levels of use if based on relatively resilient transient spawners.","2011","2026-05-02 15:48:47","2026-05-02 15:48:47","","96-103","","1","112","","","","","","","","","","","","","","","","","","","","","Management; Reef fisheries; Siganidae; Spawning aggregations; Stock assessment","","","","","","","","","","","","","","","","","","","","","","","","","","","","","","","","","","","","","","","","","","","","","","",""
"2CR7UBYW","journalArticle","2021","Chaniotaki, M.; Kolovoyiannis, V.; Tragou, E.; Herold, L. A.; Batjakas, I. E.; Zervakis, V.","Investigation of the response of the Aegean Sea to the Etesian wind forcing","Continental Shelf Research","","0278-4343","https://doi.org/10.1016/j.csr.2021.104485","https://www.sciencedirect.com/science/article/pii/S0278434321001424","The response of the Aegean Sea to seasonal forcing by the Etesian winds is investigated, based on Copernicus products for weather forecasting (winds) and satellite information (sea-surface temperature (SST) and chlorophyll-α (chl-a) concentration), as well as fisheries records from the Hellenic Statistical Authority. To that end, a site-specific response criterion for upwelling intensity has hereby been developed, based on the zonal SST gradient between eastern and western Aegean. Combined use of the above criterion with lagged cross-correlation between wind, zonal surface temperature gradient, surface chl-a concentration and local fish landings reveals a well-hidden (until now) signal of chl-a increase in response to intensification of wind forcing, as well as a relation between fish landings and upwelling events, challenging the conclusions of previous studies suggesting that the Aegean Sea is immune to summer coastal upwelling, due to the great depth of its nutricline.","2021","2026-05-02 15:48:47","2026-05-02 15:48:47","","104485","","","225","","","","","","","","","","","","","","","","","","","","","Aegean sea; Coastal upwelling; Etesian wind","","","","","","","","","","","","","","","","","","","","","","","","","","","","","","","","","","","","","","","","","","","","","","",""
"EHY6NCLV","journalArticle","2026","Rodriguez-Burgos, Aura María; Briceño-Zuluaga, Francisco Javier; Evangelista, Heitor; Flores-Aqueveque, Valentina; Nogueira, Juliana; Castillo, Alexis; Quiroga-Camargo, William Esteban; Mendez-Millan, Mercedes; Sifeddine, Abdelfettah","Reconstructing ocean-atmosphere interactions in La Guajira upwelling system through organic and mineral proxies over the past 1800 years","Palaeogeography, Palaeoclimatology, Palaeoecology","","0031-0182","https://doi.org/10.1016/j.palaeo.2025.113461","https://www.sciencedirect.com/science/article/pii/S0031018225007461","The Caribbean upwelling system enhances the productivity of North Colombian coastal waters, supporting the trophic network and regional biodiversity. Despite knowledge of its mechanisms and drivers, Caribbean upwelling remains understudied, and its response to climate change is uncertain. This study presents the first paleoclimatic reconstruction of upwelling in La Guajira, Colombia (a climate-sensitive region) by analyzing environmental indicators from a marine sediment core (GUACO-4) collected off Bahía Hondita. Organic matter proxies (total organic carbon, total nitrogen, δ13C, δ15N) were used to trace its origin and nutrient cycling, while mineral and metal compositions informed ocean-land interactions and thermal changes. Five climatic phases were identified: the Roman Warm Period, the Dark Ages Cold Period, the Medieval Climate Anomaly, the Little Ice Age, and the Current Warm Period. δ13C values (−21.5 to −19.7 ‰) and C/N ratios (4.47–5.90) indicate a mainly marine origin of organic matter, and δ15N values (4.24 to 5.58 ‰) suggest active denitrification. Warm periods aligned with El Niño-like conditions and stronger coupling between the North Atlantic Subtropical High and the Intertropical Convergence Zone, intensifying the Caribbean Low-Level Jet and enhancing productivity. In contrast, during the Little Ice Age, La Niña-like conditions and system decoupling weakened the Jet. Today, increased variability adds uncertainty to future upwelling dynamics. Climate-driven changes in wind patterns could either strengthen or weaken upwelling. This unpredictability could impact marine productivity, with potential consequences for fisheries and local communities that rely on these ecosystems.","2026","2026-05-02 15:48:47","2026-05-02 15:48:47","","113461","","","682","","","","","","","","","","","","","","","","","","","","","Climate variability; Climate–ocean coupling; Late Holocene; Marine productivity; Sediment geochemistry; Southern Caribbean","","","","","","","","","","","","","","","","","","","","","","","","","","","","","","","","","","","","","","","","","","","","","","",""
"TC987UH6","journalArticle","2026","Liu, Zhangbin; Chen, Jianqu; Ding, Jingzhuo; Hu, Yang; Zhang, Jian","Environmental drivers and ecological responses of seaweed litter production and decomposition: A comprehensive review","Marine Environmental Research","","0141-1136","https://doi.org/10.1016/j.marenvres.2025.107731","https://www.sciencedirect.com/science/article/pii/S0141113625007895","Seaweed beds are essential components of coastal ecosystems, playing a pivotal role in global carbon cycling and marine nutrient dynamics. The production and decomposition of seaweed litter directly influence sediment nutrient supply, benthic community structure, and ecosystem stability. This review synthesizes current research on seaweed litter production, deposition, and decomposition, with a focus on natural drivers (e.g., temperature, light, seasonal variations, hydrodynamics, and biotic interactions) and anthropogenic factors (e.g., seaweed aquaculture, marine pollution, overfishing, and coastal development) affecting litter accumulation and breakdown rates. Climate change is expected to accelerate seaweed growth and litterfall but may also alter microbial and benthic communities, thereby influencing decomposition processes. Additionally, the chemical composition of different seaweed species (e.g., C/N ratio, lignin content, and secondary metabolites) significantly affects decomposition rates. Future studies should prioritize the interactions of multiple environmental factors, long-term spatiotemporal monitoring, the impacts of extreme climatic events, and the prolonged effects of human activities, while integrating ecosystem modeling to predict future trends. The role of microbial communities and their enzymatic activities in seaweed decomposition also warrants further investigation. To enhance the sustainable management of macroalgal ecosystems, an ecosystem-based management approach should be adopted, alongside efforts to explore the resource utilization of seaweed litter, including applications in biofuel production, organic fertilizers, and bioactive compound extraction. This review provides a scientific foundation for understanding the ecological function of seaweed litter and offers insights into marine carbon sequestration, fisheries management, and coastal ecosystem conservation in the context of global change.","2026","2026-05-02 15:48:47","2026-05-02 15:48:47","","107731","","","213","","","","","","","","","","","","","","","","","","","","","Production; Decomposition; Ecological management; Influencing factors; Seaweed litter","","","","","","","","","","","","","","","","","","","","","","","","","","","","","","","","","","","","","","","","","","","","","","",""
"AIX5VCEF","journalArticle","2026","Milanelli, Andrea M.; Santos, Juan; Noack, Thomas; Berzosa, Sara A.; Schartmann, Hannah; Kindt-Larsen, Lotte; Lichtenstein, Uwe; Herr, Helena; Stepputtis, Daniel","PearlNet performance: Catch efficiency and practicality of a potential odontocete bycatch reduction tool in set net fisheries","Fisheries Research","","0165-7836","https://doi.org/10.1016/j.fishres.2026.107702","https://www.sciencedirect.com/science/article/pii/S016578362600055X","Incidental capture in fishing gear, especially in bottom set nets, represents a significant cause of mortality for odontocete worldwide. Given that these species depend on echolocation for spatial orientation and prey detection, the PearlNet aims to mitigate this impact by enhancing the acoustic visibility of nets through the incorporation of small acrylic glass spheres in standard nets. This modification can potentially enable odontocetes to recognize them as a physical barrier, which may lower the risk of unintended interactions. However, for mitigation measures to be implemented in commercial fisheries, they must not compromise fishing performance. This study aimed to evaluate the PearlNet’s relative catch efficiency on fish species and handling time in a commercial fishery in the Baltic Sea. Plaice and flounder were the most abundant species caught during the trials. The catch efficiency of the PearlNet relative to standard nets for these species was, respectively, 106.49% (95% CI: 99.72–113.84) and 101.08% (95% CI: 94.33–110.40), revealing similar catch efficiency between gears. Furthermore, the PearlNet did not affect the handling time of the gear. These results confirm the feasibility of using PearlNets, which will facilitate future studies evaluating the effectiveness of PearlNet in reducing odontocete bycatch in commercial fisheries.","2026","2026-05-02 15:48:47","2026-05-02 15:48:47","","107702","","","296","","","","","","","","","","","","","","","","","","","","","Cetacean; Fishing gear; Mitigation; Acoustic reflector; Gillnet; Trammel net","","","","","","","","","","","","","","","","","","","","","","","","","","","","","","","","","","","","","","","","","","","","","","",""
"3ASBMT3N","journalArticle","2021","Nunes, Moisés Ubiratã Schmitz; Cardoso, Olímpio Rafael; Silvano, Renato Azevedo Matias; Fávaro, Luís Fernando","Participatory mapping and fishers’ knowledge about fish and shrimp migration in a subtropical coastal ecosystem","Estuarine, Coastal and Shelf Science","","0272-7714","https://doi.org/10.1016/j.ecss.2021.107412","https://www.sciencedirect.com/science/article/pii/S0272771421002651","Fishers’ ecological knowledge (FEK) has contributed to studies on the reproduction and migration of fish and marine invertebrates. With increasing accessibility to information technologies, several surveys have begun to use Geographic Information Systems (GIS) to access FEK through participatory mapping. Scientific knowledge on migration of fishery resources is fundamental to properly support initiatives for fisheries management. However, the technologies available to study migration are usually expensive and require several years of sampling. Our objective was to use GIS to access FEK and to identify the migration patterns of five fishery resources in a subtropical coastal ecosystem of the Southern Atlantic Ocean: the white catfish - Genidens barbus, the fat snook - Centropomus parallelus, the common snook - Centropomus undecimalis, the Atlantic spadefish - Chaetodipterus faber and the white shrimp - Litopenaeus schmitti. We interviewed 132 fishers in the Paranaguá estuarine complex and its adjacent coastal zone, Brazil. Of these fishers, 39 participated in the participatory mapping process. Our results based on FEK indicated that the migration of fishery resources is reproductive and occurs mainly in the later spring and summer when the species enter or exit the estuarine complex from coastal zone. The participatory mapping results indicated that G. barbus and C. faber migrate from the coastal zone to the estuary, while Centropomus species and the shrimp L. schmitti exit the estuary towards the coastal zone. The information generated by FEK and the methods used should be considered in future studies on ethno ecological research and to understand reproductive migration of these species. Furthermore, these observations could support fisheries management and environmental impact assessment of infrastructure projects.","2021","2026-05-02 15:48:47","2026-05-02 15:48:47","","107412","","","258","","","","","","","","","","","","","","","","","","","","","Fisheries management; Spatial planning; Estuarine fishing; Ethnobiology; Geographic information system","","","","","","","","","","","","","","","","","","","","","","","","","","","","","","","","","","","","","","","","","","","","","","",""
"MNFVDXFI","journalArticle","2016","Heck, Nadine; Lauber, T. Bruce; Stedman, Richard C.","Managing the spread of pathogens and aquatic invasive species in the Great Lakes recreational fishery: An application of the drivers-pressures-state-impacts-responses framework","Ocean & Coastal Management","","0964-5691","https://doi.org/10.1016/j.ocecoaman.2016.08.007","https://www.sciencedirect.com/science/article/pii/S0964569116301600","The Great Lakes are one of the most invaded aquatic ecosystems in the world, and the spread of fish pathogens and aquatic invasive species (AIS) has become a serious issue for fishery management in the Great Lakes. Our study applies the Drivers-Pressures-State-Impacts-Responses model (DPSIR) to identify social-ecological linkages in the spread of pathogens and AIS by anglers, boaters, and bait dealers in the Great Lakes. We developed a conceptual DPSIR model based on input by staff members in governmental agencies and non-governmental organizations that have been involved in the management of pathogens and AIS. The integration of managers' input to develop the model is a novel approach for understanding fisheries. Most previous studies using the DPSIR framework did not account for natural resource managers' input even though the DPSIR framework is frequently applied to provide information to these groups. The identified relationships in our model provide multiple entry points for empirical, interdisciplinary research. These studies would help understand the effectiveness of management responses to change human behaviors, and to understand and predict changes in the Great Lakes ecosystem and fishery. The model could also be used to promote understanding of the impacts of pathogens and AIS on the fishery, and to increase awareness of human behaviors that contribute to the continued spread. Future studies could further expand or replicate the model with input by other stakeholder groups such as bait dealers and/or anglers and boaters to identify if these groups share an understanding of the management problem and responses.","2016","2026-05-02 15:48:47","2026-05-02 15:48:47","","38-45","","","132","","","","","","","","","","","","","","","","","","","","","Fisheries; DPSIR; Great Lakes; Human-nature interaction; Management responses","","","","","","","","","","","","","","","","","","","","","","","","","","","","","","","","","","","","","","","","","","","","","","",""
"KUQTJ4EQ","journalArticle","2026","Kraus, Romina; Tičina, Vjekoslav","European anchovy, Engraulis encrasicolus - an ecologically and economically important species in the Adriatic Sea: a review","Estuarine, Coastal and Shelf Science","","0272-7714","https://doi.org/10.1016/j.ecss.2025.109665","https://www.sciencedirect.com/science/article/pii/S0272771425005438","The anchovy (Engraulis encrasicolus, L.) is one of the key species in the Adriatic ecosystem, but it is also a healthy source of protein and essential fatty acids for the human diet. The demand for this fishery resource is therefore high, especially in the Adriatic. Despite the management measures taken in the past, anchovy in the Adriatic is now overfished and overexploited. The aim of this review was to summarise knowledge on different aspects and information from the published literature on anchovy in the Adriatic Sea in order to provide a reliable basis for future research efforts aimed at sustainable ecosystem-based management of anchovy fisheries in the Adriatic Sea. To achieve this, we have prepared six sections: Adriatic Sea - Distribution area, Biology and Ecology, Stock Identity, Estimations of Anchovy Stock in the Adriatic Sea, Consumption (Anchovy as Seafood) and Management and Future Projections. The fluctuating anchovy catches in recent decades clearly demonstrate the need for sustainable exploitation of this resource, which should be considered as an integral part of the marine ecosystem in the Adriatic. Therefore, a more holistic approach to management and research should be pursued in the future, orientated towards the needs of the ecosystem and taking into account the different ecosystem services/users as well as the interactions between the different species. An important factor for possible future changes in anchovy populations in marine ecosystems is the ongoing climate change, which should be taken into account in future studies on anchovies.","2026","2026-05-02 15:48:47","2026-05-02 15:48:47","","109665","","","329","","","","","","","","","","","","","","","","","","","","","fisheries; Adriatic Sea; European anchovy; small pelagic fish; stock assessment","","","","","","","","","","","","","","","","","","","","","","","","","","","","","","","","","","","","","","","","","","","","","","",""
"6CQD29YD","journalArticle","2023","Bezerra, Moises Fernandes; Goyanna, Felipe A. de Alencar; Lacerda, Luiz Drude","Risk assessment of human Hg exposure through consumption of fishery products in Ceará state, northeastern Brazil","Marine Pollution Bulletin","","0025-326X","https://doi.org/10.1016/j.marpolbul.2023.114713","https://www.sciencedirect.com/science/article/pii/S0025326X23001443","The contamination of fish and aquaculture products may prove an obstacle to achieve the economic potential of the fishery sector worldwide. Seafood is a key source of Hg exposure to human consumers. Thus, it is necessary to monitor current contamination levels and formulate future scenarios of exposure to pollutants as supporting measures to improve, in the short and medium term, the sustainability of the fishing sector and guarantee food safety. In the short term, players in the private sector and governmental agencies need to provide up-to-date production data and to follow international recommendations, as it relates to seafood quality and sustainable production chains. Here, we provide an assessment of the fishery production in Ceará State, Brazil, and synthetize the present knowledge on Hg concentrations in fisheries and aquaculture products associated with their relative economic and consumers' diet relevance. The present assessment serves as a model study to produce a regionalized inventory of Hg concentrations in accordance with the national and international food safety guides and to estimate the risk of exposure to Hg of human populations through fisheries consumption. We show that legal Hg limits does not represent safe consumption levels, as exposure risk is a combined effect of trophic level, a proxy of Hg concentrations, consumption rates, and consumer age/weigh group. Most seafood species in Ceará have no restriction to human consumption, with a few exceptions. Children at a subsistence level mainly consuming fish are at most exposure risk. The overall information is graphically presented aiming to increase public perception on the theme and proposition of mitigating actions by the respective stakeholders.","2023","2026-05-02 15:48:47","2026-05-02 15:48:47","","114713","","","189","","","","","","","","","","","","","","","","","","","","","Aquaculture; Fisheries; Food safety; Exposure; Hg contamination","","","","","","","","","","","","","","","","","","","","","","","","","","","","","","","","","","","","","","","","","","","","","","",""
"98SRGCK8","journalArticle","2025","Hector, Lozano-Montes; Loneragan, Neil R.; Fourie, Stephanie A.; Fulton, Elizabeth A.; Yeoh, Daniel","Ecological network analysis and ecological indicators for an intensively used temperate marine embayment","Estuarine, Coastal and Shelf Science","","0272-7714","https://doi.org/10.1016/j.ecss.2025.109285","https://www.sciencedirect.com/science/article/pii/S0272771425001635","Cockburn Sound is one of the most intensively used marine areas in Western Australia and has a history of major industrial development and nutrient pollution. This has contributed to significant losses of seagrass meadows (∼80 %) between the 1950s and early 2000s and declines in exploited fish species such as pink snapper (Chrysophrys auratus) and blue swimmer crab (Portunus armatus). However, Cockburn Sound remains highly valued by the community for its ecological, economic, and recreational attributes. In this study, we developed a quantitative ecosystem model using Ecopath with Ecosim software to identify ecological indicators for ecosystem performance and elucidate how the system functions, including: (1) biomass flow in the food web; (2) identifying keystone species; and (3) defining the ecological network. We defined 73 functional groups based on both local biological surveys from a major research program in 2021–22 and expert consultation. The model identified the ecological role of keystone groups defined as structuring species by processes associated with predation (top-down forces) with sharks, bottlenose dolphin (Tursiops truncates), Australian sea lion (Neophoca cinerea), and cormorants (Phalocrocorax spp.) as functionally important species in the system. The results from the mixed trophic impact (MTI) analysis indicated that commercial and recreational fisheries did not have a major impact on the biomass of fished species, but some indirect impacts were found between the squid jigging fishery and dolphins through shared food resources (squid). The ecological indicators generated in this study provide baseline information on the trophic structure, energetics, and function of the Cockburn Sound ecosystem, and can be used to inform managers on how the system may respond to stressors and disturbances e.g., infrastructure development and climate change, and be used in evaluating alternative management strategies. The Ecopath model highlighted the complexity of Cockburn Sound's ecology, showing the role of higher and lower trophic groups in this food web. This is particularly important because understanding the processes and interactions within the system can support plans for conservation and management.","2025","2026-05-02 15:48:47","2026-05-02 15:48:47","","109285","","","320","","","","","","","","","","","","","","","","","","","","","Ecopath; Ecosystem-based management; Food web; Ecological indicators; Ecological network analysis; Trophic model","","","","","","","","","","","","","","","","","","","","","","","","","","","","","","","","","","","","","","","","","","","","","","",""
"UTCS2VG7","journalArticle","2023","Tran, Nhuong; Rodriguez, U.-Primo; Chan, Chin Yee; Aung, Yee Mon; Chu, Long; Islam, Abu Hayat Md Saiful; Barman, Benoy Kumar; Phillips, Michael John","Future scenarios of fish supply and demand for food and nutrition security in Bangladesh: An analysis with the AsiaFish model","Aquaculture","","0044-8486","https://doi.org/10.1016/j.aquaculture.2023.739288","https://www.sciencedirect.com/science/article/pii/S0044848623000613","Bangladesh has made significant progress in social and economic development in recent years, but micronutrient deficiencies and poor dietary diversity remain a significant challenge. This paper developed five scenarios to explore futures of fish supply-demand in Bangladesh using the AsiaFish model, with special emphasis on the role of fish in macronutrient and micronutrient supply to address the nation's malnutrition and nutrition security challenges. A business-as-usual (BAU) scenario followed historical trends for exogenous variables used in the model. The four alternative scenarios explored: the implications of increase productivity of farmed tilapia, pangasius and rohu carp (AS1); improvements in the quality of feeds (AS2); disease outbreak in farmed shrimps and prawns (AS3); and climate change impacts (AS4). The BAU scenario indicates that aquaculture growth will be a prominent contribution to increasing total fish supply and demand and fish exports to 2040. Apart from the scenarios that are favourable to aquaculture sector development, other alternative scenarios highlighted the lower growth rate of capture fisheries and aquaculture compared to BAU, resulting in declining in per capita fish consumption, fish exports and nutrient supply from fish as a consequence. Increased availability of aquaculture fish can slightly compensate for the lower growth of capture fisheries in term of their nutrition quality and dietary diversity, particularly for poor consumers. Policies towards sustaining fisheries and a nutrition-sensitive approach to aquaculture is recommended as both capture fisheries and aquaculture are essential for sustaining healthy and nutritious diets in Bangladesh.","2023","2026-05-02 15:48:47","2026-05-02 15:48:47","","739288","","","568","","","","","","","","","","","","","","","","","","","","","Scenarios; Nutrients; Bangladesh; AsiaFish model; Supply-demand","","","","","","","","","","","","","","","","","","","","","","","","","","","","","","","","","","","","","","","","","","","","","","",""
"24Z7CSV7","journalArticle","2026","Dreiss, Allison; Langendorf, Ryan E.; Woodland, Ryan J.; Lyubchich, Vyacheslav; Testa, Jeremy M.","Modeling the sensitivity of hypoxic area and benthic macrofaunal biomass to nutrient reduction and warming in Chesapeake Bay","Estuarine, Coastal and Shelf Science","","0272-7714","https://doi.org/10.1016/j.ecss.2026.109769","https://www.sciencedirect.com/science/article/pii/S0272771426000648","Climate change and eutrophication have caused significant ecological impacts in estuaries, which are vital habitats for many species. Hypoxia, a consequence of these stressors, has substantial biological and biogeochemical impacts on benthic habitats. While hypoxia is common in estuaries, models linking hypoxia to benthic invertebrate responses under future nutrient loading and warming remain scarce. To address this gap, we integrated habitat threshold calculations and random forest models to explore the effects of eutrophication and climate on benthic communities. These models were linked to numerical simulations of estuarine biogeochemistry, including hypoxia, for Chesapeake Bay, USA. We examined scenarios of warming and nutrient load changes, both individually and in combination, to assess their effects on benthic invertebrates. Results showed that nutrient load reductions decreased hypoxic areas and volumes, leading to higher oxygen levels Bay-wide despite warming, thereby benefiting benthic habitats. For bivalves, nutrient reductions of ≥75% reduced sensitivity to low oxygen by 30% or 15% under 2 °C or 4 °C warming scenarios, respectively. Conversely, increased nutrient loads and warming expanded areas of low-oxygen sensitivity. Random forest models revealed varied responses across taxa: amphipod biomass decreased under 2 °C warming, isopod biomass generally increased in all scenarios, bivalve and polychaete biomass increased with warming despite nutrient changes. These proof-of-concept models provide valuable tools for conservation and resource management, enabling predictions of benthic biomass to inform ecosystem management and predict prey availability for future fishery species populations in Chesapeake Bay.","2026","2026-05-02 15:48:47","2026-05-02 15:48:47","","109769","","","333","","","","","","","","","","","","","","","","","","","","","Eutrophication; Hypoxia; Benthic communities; Nutrient loading","","","","","","","","","","","","","","","","","","","","","","","","","","","","","","","","","","","","","","","","","","","","","","",""
"QN8MQQYI","journalArticle","2023","Li, Guodong; Li, Dongjia; Xiong, Ying; Zhong, Xiaming; Shi, Jinjin; Zhang, Hushun; Song, Dade; Yang, Fan; Kang, Zhongjie; Wu, Xiaorui; Wang, Shuyan; Liang, Long","Dynamic valuation of the provisioning services of marine fisheries ecosystem based on BeiDou VMS data: A case study of TACs project for Acetes chinensis in the Yellow Sea","Ocean & Coastal Management","","0964-5691","https://doi.org/10.1016/j.ocecoaman.2023.106773","https://www.sciencedirect.com/science/article/pii/S0964569123002983","The refined management of the total allowable catch system (TACs) project is a form of marine fishery spatial planning (MFSP). With the decline of global fishery resources, exploring the dynamic valuation of marine fisheries ecosystem provisioning services (MFEPS) in the TACs project and its application has been of great significance to the scientific formulation of MFSP and the sustainable development of marine resources. In this study, we take the TACs project for Northern mauxia shrimp (Acetes chinensis) in Haizhou Bay of the Yellow Sea from 2020 to 2022 as a case study. First, we constructed a driver–behavior–pressure–state–impact–response (DBPSIR) framework to explain the relationship between fishing activities and MFEPS. We then used BeiDou vessel monitoring system data, sampled catches, and fishing logs to extract the fishing effort and major catch species of each netting during the TACs project period. The values of catches, cost of bycatch resource restoration, and profit per unit of effort (PPUE) of each netting were calculated to dynamically assess the MFEPS value at different stages of the fishing period in this sea area. The fishing effort of the vessels showed an evident multi-core aggregation distribution pattern. The catch compositions were different at different fishing stages, but A. chinensis was the dominant species at all times. The area of high PPUE distribution was different from that of fishing effort, mainly distributed in 119°46′–119°55′E, 34°38′–34°42′N and 120°08′–120°15′E, 34°41′–34°45′N. The high values of PPUE in the early stage of the fishing period were significantly larger than those in the middle and late stages, and the return on effort gradually decreased. Therefore, it is reasonable to move the permitted fishing time forward. The reasonableness of the permitted fishing area setting in 2021–2022 was significantly higher than in 2020. In addition, fishers can be guided to increase their fishing efforts in waters with high PPUE values during the corresponding fishing stage. These results provide a scientific basis for the refined management of the TACs project in the context of fishing moratoriums. Future studies on the valuation of MFEPS should pay more attention to long-term dynamic ecosystem monitoring. It is necessary to regulate fishing behavior by combining measures such as the scientific formulation of fishing quotas and bycatch rates. Furthermore, elastic control of the MFSP could be improved to protect and utilize marine biological resources more reasonably.","2023","2026-05-02 15:48:47","2026-05-02 15:48:47","","106773","","","243","","","","","","","","","","","","","","","","","","","","","Ecosystem services; Vessel monitoring system; Total allowable catch system; Yellow sea","","","","","","","","","","","","","","","","","","","","","","","","","","","","","","","","","","","","","","","","","","","","","","",""
"DGBLLU8S","journalArticle","2025","Monteiro, Marta; Vaz, Nuno; Cotrim, Sónia Marques; Freitas, Rosa; Azeiteiro, Ulisses Miranda; Dias, João Miguel","Trends and variability of marine heatwaves in Portuguese coastal waters","Science of The Total Environment","","0048-9697","https://doi.org/10.1016/j.scitotenv.2025.179161","https://www.sciencedirect.com/science/article/pii/S004896972500796X","Marine heatwaves (MHWs) represent a significant threat to marine ecosystems, particularly in vital fisheries regions such as the Portuguese coast. Understanding MHW dynamics at a finer spatial scale is essential for comprehending their impacts on the ecosystems. This study addresses this gap by analyzing historical MHW events from 1982 to 2023 and projecting future scenarios based on different greenhouse gas emission pathways. The primary objective is to characterize the spatiotemporal patterns of MHWs along the Portuguese coast and understand their temporal evolution. Using historical sea surface temperature (SST) data, MHW metrics were analyzed across various coastal regions. Future projections, utilizing Shared Socioeconomic Pathways (SSP) 245 and SSP 585, assessed changes in MHW frequency, duration, and intensity in the near future (2024–2060) and far future (2061–2100). Results indicate no significant spatial differences in average annual MHW metrics among study areas, but significant temporal variations were observed. The progression of MHW metrics is often more than twice as fast in the slopes and southern areas compared to the west shelf. Record-breaking MHW events in 2023 were consistent with global trends, highlighting a positive linear correlation between historical warming and increased MHW metrics. Projections under SSP 585 indicate a 2.5 to 4.5-fold increase in the annual number of MHW events, lasting 1 to 3 months, with nearly year-round MHW conditions by 2100, reaching peak intensities of 10.7 °C. These findings highlight the need for climate action to mitigate the impacts of intensified MHWs on coastal ecosystems. This research provides foundational insights into MHW dynamics along the Portuguese coast, laying the groundwork for future studies and highlighting the implications of climate change on marine environments.","2025","2026-05-02 15:48:47","2026-05-02 15:48:47","","179161","","","973","","","","","","","","","","","","","","","","","","","","","Climate change; Greenhouse gas emissions; Extreme climatic events; Iberian Peninsula; Shared socioeconomic pathways; Water temperature","","","","","","","","","","","","","","","","","","","","","","","","","","","","","","","","","","","","","","","","","","","","","","",""
"MEQXPDNT","journalArticle","2024","Mejía, Diego; Mero-Jiménez, Juan; Briones-Mendoza, Jesús; Mendoza-Nieto, Klever; Mera, Christopher; Vera-Mera, John; Tamayo-Vega, Steven; Hernández-Herrera, Agustín; Galván-Magaña, Felipe","Life history traits of the pelagic thresher shark (Alopias pelagicus) in the Eastern-Central Pacific Ocean","Regional Studies in Marine Science","","2352-4855","https://doi.org/10.1016/j.rsma.2024.103795","https://www.sciencedirect.com/science/article/pii/S2352485524004286","Life history traits, such as age, growth, and maturity, are essential in fisheries management. However, Alopias pelagicus lacks the age and growth parameters in Ecuador, despite being the elasmobranch species with the highest number of landings in the country. Therefore, the aim of this work was to estimate the age, growth, and maturity parameters of A. pelagicus in the Ecuadorian Pacific. For this, field trips were carried out in Playita Mía, Manta, Ecuador from June 2021 to May 2022. In these field trips, the vertebrae of 304 individuals were collected. Frequentist and Bayesian multimodels (von Bertalanffy, Gompertz, and Logistic) were used to estimate age and growth parameters. A logistic model was used to estimate the mean size at maturity. The inflection point in males was estimated from a modified logistic model. The best fit was given by the Bayesian logistic model for combined sex (L∞ = 168.16 cm PCL, L0 = 73.76 cm PCL, g = 0.34 year−1) according to leave-one-out-information-criterion (LOOIC). Age and length at maturity were estimated at 5.12 years and 141.28 cm PCL, respectively in males. The inflection point was estimated at 133.67 cm PCL. The information presented here is necessary for future demographic analyses. It is necessary that future studies can estimate the age and length at maturity in females.","2024","2026-05-02 15:48:47","2026-05-02 15:48:47","","103795","","","78","","","","","","","","","","","","","","","","","","","","","Elasmobranchs; Bayesian models; Ecuador; Frequentist models; Marginal increment ratio; Silver nitrate","","","","","","","","","","","","","","","","","","","","","","","","","","","","","","","","","","","","","","","","","","","","","","",""
"W9R88G2K","journalArticle","2025","Sumon, Kizar Ahmed; Kanok, Nayan Jyoti Roy; Sadat, Md Ashfaq; Mainuddin, Mohammed; Wahid, Shahriar M.; Karim, Fazlul","A comprehensive review on the negative impacts on Sundarbans fisheries: Insights from the hydrological changes modulated by climate change and anthropogenic activities","Marine Pollution Bulletin","","0025-326X","https://doi.org/10.1016/j.marpolbul.2025.118409","https://www.sciencedirect.com/science/article/pii/S0025326X25008847","The Sundarbans, the largest single block of transboundary mangrove that provides habitat, breeding and nursery grounds for fish and many other aquatic species, and livelihood for 3.5 million people, is currently under threat due to various reasons. In this review, we demonstrated the potential causes of alterations of the Sundarbans' hydrology and their likely impacts on its fisheries. Significant alterations in the Sundarbans' hydrology are induced by climatic variables (e.g., elevated temperature, cyclones, sea level rise, salinity fluctuation, erratic rainfall, floods, and droughts) and anthropogenic factors (e.g., pesticides, heavy metals, microplastics and oil spills, aquaculture, deforestation, harmful fishing practices, etc.). The interwoven impacts of climate change include destruction of habitats, crucial breeding and nursery grounds of fishes, degradation of water, shifting migration patterns, physiological disruption, loss of fish species, etc. Furthermore, human activities like deforestation, shrimp farming, oil spills, etc. produce both short- and long-term consequences on fisheries, such as poor water quality, chemical bioaccumulation, mortality, etc. Heavy metals and pesticides exceeded the acceptable limit in the edible tissues of fish and other aquatic organisms and may pose carcinogenic risk upon consumption. We identified major research gaps for future studies, including a lack of long-term assessment of climatic variables, insufficient data on pollutants, advanced climate modelling, etc. Lastly, we recommend reducing carbon footprint, forcing industries to use Effluent Treatment Plants (ETPs), declaring more conserved areas, initiating community-based management, etc. to address the issues brought on by climate change and anthropogenic activities that will ultimately help improve the overall fisheries resources in Sundarbans.","2025","2026-05-02 15:48:47","2026-05-02 15:48:47","","118409","","","220","","","","","","","","","","","","","","","","","","","","","Fisheries; Coastal ecosystems; Global warming; Ecological damage; Mangroves; South Asia","","","","","","","","","","","","","","","","","","","","","","","","","","","","","","","","","","","","","","","","","","","","","","",""
"J8D2A4IV","journalArticle","2020","Alós, Josep; Lana, Arancha; Ramis, Josep; Arlinghaus, Robert","Interactions between angler movement behaviour and an invasive seaweed with ecosystem engineering properties in a marine recreational fishery","Fisheries Research","","0165-7836","https://doi.org/10.1016/j.fishres.2020.105624","https://www.sciencedirect.com/science/article/pii/S0165783620301417","The establishment of non-native, habitat-forming seaweeds into new areas may trigger changes in ecosystem functioning, including the spatial redistribution of native biodiversity. These changes can in turn affect socio-economic systems. We studied the question whether the spatial behaviour of marine anglers is altered by the presence of a non-native seaweed using a novel image-based method to measure fisher movements. A Hidden Markov Model (HMM) was applied to high resolution tracking data of marine recreational boat anglers exploiting a coastal fishery half covered by a recently introduced tropical seaweed, Halimeda incrassata. We then examined if the presence of the non-native seaweed affected the transition probability between two key behavioural states of the anglers: searching and fishing. The analysis revealed a significant effect of the seaweed presence at site-level on angler movement behaviour, but in the opposite direction that we predicted: the presence of the non-native seaweed led a decrease in the use of invaded patches although these patches are known to host an increased fish abundance. Invaded sites thus were attractive to the target fishes, but not for anglers, leading to repulsion. We conclude that, at the patch level non-native habitat forming seaweeds can exert substantial impacts on fisher behaviour in marine recreational fisheries. We discuss future studies needed to shed light to the social-economic impact of H. incrassata for local temperate recreational fisheries.","2020","2026-05-02 15:48:47","2026-05-02 15:48:47","","105624","","","230","","","","","","","","","","","","","","","","","","","","","Fishing; Behaviour; Recreational fisheries; Hidden Markov model; Image-Based tracking algorithms","","","","","","","","","","","","","","","","","","","","","","","","","","","","","","","","","","","","","","","","","","","","","","",""
"KJ4TFM3Y","journalArticle","2023","Taylor, Matthew D.","Perfluoroalkyl acid depuration from the edible tissues of a migratory recreationally fished species","Marine Pollution Bulletin","","0025-326X","https://doi.org/10.1016/j.marpolbul.2023.115593","https://www.sciencedirect.com/science/article/pii/S0025326X23010287","Environmental emissions of perfluoroalkyl acids (PFAAs) impact estuarine species and the fisheries that rely on them. Migratory estuarine fishes may be captured for consumption in areas distant to known contaminant sources, but exposure risk depends on how quickly contaminants are depurated. This baseline presents the outcomes from a novel experiment simulating the migration of a popular recreational fish species (Dusky Flathead, Platycephalus fuscus) following environmental exposure to PFAAs, and assessing depuration from edible muscle tissues. Over the 33-day experiment, perfluorooctane sulfonate (PFOS) concentrations declined slowly, with modelling suggesting that concentrations fell below the relevant screening value (5.2 μg kg−1) within ∼558 h (285–1372 h; 90 % CI). Low concentrations (<1.2 μg kg−1) of perfluorohexane sulfonate also depurated rapidly. This study provides useful information for assessing potential exposure risk posed by recreationally targeted fish migrating away from contaminated areas. The experimental design employed has a real-world context that is relevant for future studies.","2023","2026-05-02 15:48:47","2026-05-02 15:48:47","","115593","","","196","","","","","","","","","","","","","","","","","","","","","Recreational fisheries; Exposure risk; Migration; Perfluorohexane sulfonate; Perfluorooctane sulfonate; PFAS","","","","","","","","","","","","","","","","","","","","","","","","","","","","","","","","","","","","","","","","","","","","","","",""
"3YIRIJ8V","journalArticle","2026","Wei, Xiang-Tao; Hu, Zhi; Su, Yue; Zhang, Yu-Yang; Wang, Zhi-Xiang; Dong, Yun-Wei","Insight into modeling spatiotemporal suitability of offshore mariculture for precision management: A case study of tiger puffer (Takifugu rubripes) in South China","Ocean & Coastal Management","","0964-5691","https://doi.org/10.1016/j.ocecoaman.2026.108153","https://www.sciencedirect.com/science/article/pii/S0964569126000621","The depletion of inshore fishery resources and growing demand for aquatic products have accelerated the expansion of offshore mariculture. Nevertheless, climate change, combined with the industry's reliance on static management approaches, constrains its sustainable development and climate resilience. This study aims to develop a spatiotemporal decision-making framework of offshore mariculture based on Dynamic Energy Budget (DEB) models. The goal is to identify the optimal stocking and harvesting times for overwintering tiger puffer (Takifugu rubripes) at various stocking sizes (50, 100, 150, and 200 g) in South China under both current and future climate scenarios (SSP1-2.6 and SSP5-8.5). Additionally, the study evaluates the spatiotemporal suitability of these conditions by analyzing the specific growth rates during the grow-out phase to generate spatial suitability maps. Our results indicate that optimizing the stocking date can reduce the production cycle by up to 76 days, and larger-sized fingerlings (150g and 200g) display shorter culture periods and wider suitable farming windows. Climate projections further indicate that suitability patterns differ markedly between low-emission (SSP1-2.6) and high-emission (SSP5-8.5) scenarios, with future warming leading to a contraction of optimal farming windows. Overall, this study provides a novel, dynamic framework that integrates daily-scale temporal optimization with spatial suitability assessment. It advances precision mariculture by moving beyond static planning and offers a practical tool for climate-adaptive management in offshore mariculture. Future studies can incorporate additional environmental stressors and socioeconomic constraints to enhance the framework's applicability to management decisions of offshore mariculture.","2026","2026-05-02 15:48:47","2026-05-02 15:48:47","","108153","","","276","","","","","","","","","","","","","","","","","","","","","Climate change; Dynamic energy budget; Offshore mariculture; Spatio-temporal optimization","","","","","","","","","","","","","","","","","","","","","","","","","","","","","","","","","","","","","","","","","","","","","","",""
"C5M3QWI9","journalArticle","2024","Stelzenmüller, V.; Rehren, J.; Örey, S.; Lemmen, C.; Krishna, S.; Hasenbein, M.; Püts, M.; Probst, W. N.; Diekmann, R.; Scheffran, J.; Bos, O. G.; Wirtz, K.","Framing future trajectories of human activities in the German North Sea to inform cumulative effects assessments and marine spatial planning","Journal of Environmental Management","","0301-4797","https://doi.org/10.1016/j.jenvman.2023.119507","https://www.sciencedirect.com/science/article/pii/S0301479723022958","The global industrialization of seascapes and climate change leads to an increased risk of severe impacts on marine ecosystem functioning. While broad scale spatio-temporal assessments of human pressures on marine ecosystems become more available, future trajectories of human activities at regional and local scales remain often speculative. Here we introduce a stepwise process to integrate bottom-up and expert-driven approaches for scenario development to inform cumulative effects assessments and related marine spatial planning (MSP). Following this guidance, we developed optimistic, realistic, and pessimistic scenarios for major human pressures in the German North Sea such as bottom trawling, offshore wind, nutrient discharge, and aggregate extraction. The forecasts comprise quantitative estimates in relation to spatial footprint, intensity, and technological advancements of those pressures for the years 2030 and 2060. Using network analyses, we assessed interactions of the current and future trajectories of pressures thereby accounting for climate change and the growing need for marine conservation. Our results show that future scenarios of spatial distributions could be developed for activities that are spatially refined and included in the current MSP process. Further our detailed analyses of interdependencies of development components revealed that forecasts regarding specific targets and intensities of human activities depend also strongly on future technological advances. For fisheries and nutrient discharge estimates were less certain due to critical socio-ecological interactions in the marine and terrestrial realm. Overall, our approach unraveled such trade-offs and sources of uncertainties. Yet, our quantitative predictive scenarios were built under a sustainability narrative on a profound knowledge of interactions with other sectors and components in and outside the management boundaries. We advocate that they enable a better preparedness for future changes of cumulative pressure on marine ecosystems.","2024","2026-05-02 15:48:47","2026-05-02 15:48:47","","119507","","","349","","","","","","","","","","","","","","","","","","","","","Marine spatial planning; Cumulative effects assessments; Expert-driven process; Network analysis; Predictive scenarios","","","","","","","","","","","","","","","","","","","","","","","","","","","","","","","","","","","","","","","","","","","","","","",""
"3VKM3KJQ","journalArticle","2023","Grüss, Arnaud; McKenzie, Jeremy R.; Lindegren, Martin; Bian, Richard; Hoyle, Simon D.; Devine, Jennifer A.","Supporting a stock assessment with spatio-temporal models fitted to fisheries-dependent data","Fisheries Research","","0165-7836","https://doi.org/10.1016/j.fishres.2023.106649","https://www.sciencedirect.com/science/article/pii/S0165783623000425","Spatio-temporal models are increasingly being used to support stock assessments. Spatio-temporal models account for spatial variation (long-term latent variation) and spatio-temporal variation (latent variation that changes over time) at a very fine scale and, therefore, yield very precise estimations. In the case of the New Zealand SNA1 stock (the snapper (Chrysophrys auratus) stock from the northeast coast of the North Island), a considerable amount of fisheries-dependent data has become available for fine-scale spatio-temporal modelling analyses, particularly georeferenced bottom longline (BLL) catch-per-unit-effort (CPUE) data. Here, we aim to support the 2022–2023 SNA1 assessment by addressing the following objectives: (1) describe seasonal ecological patterns in SNA1; (2) evaluate hypotheses about the structure of the SNA1 stock (assumed to comprise three substocks); and (3) produce indices of relative abundance for the three substocks. For all objectives, we employed VAST (vector autoregressive spatio-temporal) models fitted to BLL CPUE and CPUE-at-age data. For Objective 2, we also relied on hierarchical clustering analyses based on derived spatio-temporal model predictions. We found that the SNA1 stock assessment should distinguish between the processes for spring-summer and for autumn-winter, and that the current stock structure hypotheses in the SNA1 assessment (i.e., the decomposition of the SNA1 stock into three substocks) are reasonable. Moreover, VAST and standard generalised linear models provided very similar indices of abundance for the three substocks. The proportions-at-age for SNA1 substocks estimated with VAST were shrunk spatially due to the limited amount of CPUE-at-age data available. Therefore, we encourage future studies to seek to solve the spatial shrinkage issue with VAST proportion-at-age estimates, and to further evaluate whether VAST indices of relative abundance and proportions-at-age estimates could be used in the upcoming SNA1 assessment, via: (1) a simulation experiment comparing the performance of VAST to that of other tools; and (2) sensitivity analyses highlighting the consequences for the SNA1 assessment of using VAST products versus products generated with other tools.","2023","2026-05-02 15:48:47","2026-05-02 15:48:47","","106649","","","262","","","","","","","","","","","","","","","","","","","","","Stock structure; Bottom longline fishery data; New Zealand snapper; Spatio-temporal models; Stock assessment model parameterisation","","","","","","","","","","","","","","","","","","","","","","","","","","","","","","","","","","","","","","","","","","","","","","",""
"52M9ZUU2","journalArticle","2017","Mullon, C.; Guillotreau, P.; Galbraith, E. D.; Fortilus, J.; Chaboud, C.; Bopp, L.; Aumont, O.; Kaplan, D.","Exploring future scenarios for the global supply chain of tuna","Deep Sea Research Part II: Topical Studies in Oceanography","","0967-0645","https://doi.org/10.1016/j.dsr2.2016.08.004","https://www.sciencedirect.com/science/article/pii/S0967064516302235","The abundance of tuna, an important top predator that ranges throughout tropical and subtropical oceans, is now largely determined by fishing activity. Fishing activity, in turn, is determined by the interaction of fish availability, fishing capacity, fishing costs and global markets for tuna products. In the face of overfishing, the continued sustainable supply of tuna is likely to require improved global governance, that would benefit from modeling frameworks capable of integrating market forces with the availability of fish in order to consider alternative future projections. Here we describe such a modeling framework, in which we develop several simple, contrasting scenarios for the development of the tuna supply chain in order to illustrate the utility of the approach for global evaluation of management strategies for tuna and other complex, stock-structured fisheries. The model includes multiple national and multi-national fishing fleets, canneries and fresh/frozen markets, and connects these to global consumers using a network of flows. The model is calibrated using recent data on fish catch, cannery and fresh/frozen production, and consumption. Scenarios explore the control on future outcomes in the global tuna fishery by representing, in a simple way, the effects of (1) climate change, (2) changes in the global demand for tuna, and (3) changes in the access to fishing grounds (marine reserves). The results emphasize the potential importance of increasing demand in provoking a global collapse, and suggest that controlling tuna production by limiting technical efficiency is a potential countermeasure. Finally we discuss the outcomes in terms of potential extensions of the scenario approach allowed by this global network model of the tuna supply chain.","2017","2026-05-02 15:48:47","2026-05-02 15:48:47","","251-267","","","140","","","","","","","","","","","","","","","","","","","","","Scenarios; Climate change; Marine protected area; Global supply chain; Tuna","","","","","","","","","","","","","","","","","","","","","","","","","","","","","","","","","","","","","","","","","","","","","","",""
"Y7AC5X6E","journalArticle","2025","Hasegawa, Ryota; Poulin, Robert","Effect of parasite infections on fish body condition: a systematic review and meta-analysis","International Journal for Parasitology","","0020-7519","https://doi.org/10.1016/j.ijpara.2025.03.002","https://www.sciencedirect.com/science/article/pii/S0020751925000517","Using host body condition indices (BCIs) based on the relationship between host body mass and length is a general and pervasive approach to assess the negative effects of parasites on host health. Although many researchers, especially fish biologists and fisheries managers, commonly utilize BCIs, the overall general patterns among BCI – infection relationships remain unclear. Here, we first systematically reviewed 985 fish BCI – infection relationships from 216 publications and investigated the factors affecting the strength and directionality of effects in BCI – infection relationships. We specifically predicted that the BCI measure used, parasite taxonomic group, and the infection measure used would influence the observed effect size and directionality of BCI – infection relationships. We found that most studies were heavily biased towards specific BCI measures such as Fulton’s BCI and Relative BCI. Furthermore, studies using Fulton’s BCI were more likely to report significant results compared with those using other BCI measures, suggesting that index choice could lead to an overestimation of the negative effects of parasites. Our meta-regressions uncovered that the use of parasite intensity as an infection measure and studies based on experimental rather than natural infections were more likely to report significant negative effects, however there were no differences among parasite taxonomic groups. Surprisingly, many studies, especially field studies, did not report significant negative correlations between BCI and infection, contrary to widespread expectations among researchers that parasites would negatively affect fish health. We discuss potential mechanisms underlying these results. Finally, we make several recommendations for the use of BCI – infection relationships in future studies.","2025","2026-05-02 15:48:47","2026-05-02 15:48:47","","417-426","","8","55","","","","","","","","","","","","","","","","","","","","","Aquaculture; Fisheries; Body condition index; Fish health; Helminth; Parasite; Physiological condition; Virulence","","","","","","","","","","","","","","","","","","","","","","","","","","","","","","","","","","","","","","","","","","","","","","",""
"PG7MD7Y3","journalArticle","2024","Muñoz-Lechuga, R.; Silva, G. da; Macias, D.; Hajjej, G.; Massa-Gallucci, A.; Gonçalves, J. M. S.; Lino, P. G.","A standardized method for age estimation of little tunny (Euthynnus alletteratus) using dorsal fin spines","Estuarine, Coastal and Shelf Science","","0272-7714","https://doi.org/10.1016/j.ecss.2024.108904","https://www.sciencedirect.com/science/article/pii/S0272771424002920","Age and growth of little tunny (Euthynnus alletteratus) were assessed by examination of annual growth increments in cross-section of first dorsal spines from 207 fish (85–1030 mm Straight Fork Length, SFL) sampled between 2017 and 2021 from the northeastern Atlantic and Mediterranean Sea. Some analysis and recommendations are provided for using the first dorsal fin spine for age estimation of little tunny. The comparative analysis of the sectioning location, with transverse sections collected at 0.5, 1.0, and 1.5 times the width of the condyle base measured from the base of the spine, showed that the 1.0 cross-section distance proved to be the most reliable option. Fish ages ranged 0–10 years old and the growth parameters estimates based on standard von Bertalanffy growth function were (for sexes combined): L∞ (asymptotic length) = 99.77 cm; k (growth coefficient) = 0.445 year−1; and t0 (age at zero length) = − 0.072 year−1. In order to ensure comparable results, it is crucial to implement a reproducible protocol for future studies on the age and growth of little tunny.","2024","2026-05-02 15:48:47","2026-05-02 15:48:47","","108904","","","307","","","","","","","","","","","","","","","","","","","","","Fisheries; Growth modelling; Ageing; Condyle; Scombridae; Small tunas","","","","","","","","","","","","","","","","","","","","","","","","","","","","","","","","","","","","","","","","","","","","","","",""
"IVGVH3RA","journalArticle","2025","Féon, Samuel Le; Aubin, Joël; Wilfart, Aurélie","Dataset of reference values for the quantification of net primary production use (or biotic resource use) of feed ingredients in life cycle assessment","Data in Brief","","2352-3409","https://doi.org/10.1016/j.dib.2025.111929","https://www.sciencedirect.com/science/article/pii/S2352340925006535","In order to quantify the pressure of livestock feeding practices on biotic resources with Life Cycle Assessment (LCA), Papatryphon et al. (2004) developed a midpoint impact category called Net Primary Production Use (NPPU). It is expressed in kg of carbon by kg of product and is derived from the carbon-content of the feed ingredient, adjusted by its trophic level following the formula developed by Pauly and Christensen (1995). Another name is found in literature for NPPU as Biotic Resource Use (BRU), Cashion et al. (2016) arguing that both are used for aquaculture, when BRU is also used for fisheries. Since, it has been widely used in LCA, especially to compare different feed solutions for aquaculture. NPPU has been calculated essentially for fish-based and plant-based feed ingredients. Despite the indicator was used in numerous publications for years, there is currently no proper database of reference values easy-to-use and validated by peers that includes a wide range of fish-based and plant-based feed ingredients. This data paper aims to produce this reference dataset of values to be used as standard in future studies. In addition, it also proposes values for other-animal-based feed ingredients, freshwater-fish-based feed ingredients and milk-based ingredients. Therefore, it is recommended to be used in future LCA studies of aquaculture. This data paper also provides the calculation rules and hypotheses made in the calculation, in order to explain the procedure, allowing readers to reproduce results and calculate values for their own ingredients. Finally, different levels (Tiers) of specificity are proposed for the datasets, that use more detailed primary data, associated with more uncertainty in return.","2025","2026-05-02 15:48:47","2026-05-02 15:48:47","","111929","","","62","","","","","","","","","","","","","","","","","","","","","Aquaculture; Trophic level; Animal nutrition; BRU; Environmental impact assessment; NPPU","","","","","","","","","","","","","","","","","","","","","","","","","","","","","","","","","","","","","","","","","","","","","","",""
"9TAESIXJ","journalArticle","2018","Tai, Travis C.; Harley, Christopher D. G.; Cheung, William W. L.","Comparing model parameterizations of the biophysical impacts of ocean acidification to identify limitations and uncertainties","Ecological Modelling","","0304-3800","https://doi.org/10.1016/j.ecolmodel.2018.07.007","https://www.sciencedirect.com/science/article/pii/S0304380018302424","Ocean acidification (OA) driven by anthropogenic CO2 emissions affects marine ecosystems, fisheries and aquaculture. Assessing the impacts of OA using projection models facilitates the development of future scenarios and potential solutions. Here, we explored various ways to incorporate OA impacts into a multi-stressor dynamic bioclimatic envelope model to project biogeographic changes of ten commercially exploited invertebrate species. We examine three dimensions of uncertainties in modelling biophysical OA effects: model structure, parameterization, and scenario uncertainty. Our results show that projected OA impacts are most sensitive to the choice of structural relationship between OA and biological responses, followed by the choice of climate change emission scenarios and parameterizations of the size of OA effects. Species generally showed negative effects to OA but sensitivity to the various sources of uncertainty were not consistent across or within species. For example, some species showed higher sensitivity to structural uncertainty and very low sensitivity to parameter uncertainty, while others showed greatest sensitivity to parameter uncertainty. This variability is largely due to geographic variability and difference in life history traits used to parameterize model simulations. Our model highlights the variability across the sources of uncertainty and contributes to the development of integrating OA impacts in species distribution models. We further stress the importance of defining the limitations and assumptions, as well as exploring the range of uncertainties associated with modelling OA impacts.","2018","2026-05-02 15:48:47","2026-05-02 15:48:47","","1-11","","","385","","","","","","","","","","","","","","","","","","","","","Dynamic bioclimatic envelope model; Invertebrate; Projection model; Species distribution","","","","","","","","","","","","","","","","","","","","","","","","","","","","","","","","","","","","","","","","","","","","","","",""
"NHBF4IAF","bookSection","2024","Wells, Mark L.; Karlson, Bengt; Wulff, Angela; Kudela, Raphael","4.18 - Future HAB Science: Updated Directions and Challenges in a Changing Climate","Treatise on Estuarine and Coastal Science (Second Edition)","978-0-323-91042-2","","https://doi.org/10.1016/B978-0-323-90798-9.00101-3","https://www.sciencedirect.com/science/article/pii/B9780323907989001013","There is increasing concern that accelerating environmental change attributed to human-induced warming of the planet may substantially alter the patterns, distribution and intensity of Harmful Algal Blooms (HABs). Changes in temperature, ocean acidification, precipitation, nutrient stress or availability, and the physical structure of the water column all influence the productivity, composition, and global range of phytoplankton assemblages, but large uncertainty remains about how integration of these climate drivers might shape future HABs. Presented here are the collective deliberations from a symposium on HABs and climate change where the research challenges to understanding potential linkages between HABs and climate were considered, along with new research directions to better define these linkages. In addition to the likely effects of physical (temperature, salinity, stratification, light, changing storm intensity), chemical (nutrients, ocean acidification), and biological (grazer) drivers on microalgae (senso lato), symposium participants explored more broadly the subjects of cyanobacterial HABs, benthic HABs, HAB effects on fisheries, HAB modeling challenges, and the contributions that molecular approaches can bring to HAB studies. There was consensus that alongside traditional research, HAB scientists must set new courses of research and practices to deliver the conceptual and quantitative advances required to forecast future HAB trends. These different practices encompass laboratory and field studies, long-term observational programs, retrospectives, as well as the study of socioeconomic drivers and linkages with aquaculture and fisheries. In anticipation of growing HAB problems, research on potential mitigation strategies should be a priority. It is recommended that a substantial portion of HAB research among laboratories be directed collectively at a small sub-set of HAB species and questions in order to fast-track advances in our understanding. Climate-driven changes in coastal oceanographic and ecological systems are becoming substantial, in some cases exacerbated by localized human activities. That, combined with the slow pace of decreasing global carbon emissions, signals the urgency for HAB scientists to accelerate efforts across disciplines to provide society with the necessary insights regarding future HAB trends.","2024","2026-05-02 15:48:47","2026-05-02 15:48:47","","496-517","","","","","","","","","","","Academic Press","Oxford","","","","","","","","","","","","Aquaculture; Fisheries; Climate change; Temperature; Cyanobacteria; Grazing; Nutrients; Benthic; Ocean acidification; Experimental strategies; HAB; Modeling; Multi-stressor; New tools; Observatories; Stratification","","Baird, Daniel; Elliott, Michael","","","","","","","","","","","","","","","","","","","Second Edition","","","","","","","","","","","","","","","","","","","","","","","","","",""
"BZD8TZM5","journalArticle","2024","Kruse, M.; Letschert, J.; Cormier, R.; Rambo, H.; Gee, K.; Kannen, A.; Schaper, J.; Möllmann, C.; Stelzenmüller, V.","Operationalizing a fisheries social-ecological system through a Bayesian belief network reveals hotspots for its adaptive capacity in the southern North sea","Journal of Environmental Management","","0301-4797","https://doi.org/10.1016/j.jenvman.2024.120685","https://www.sciencedirect.com/science/article/pii/S0301479724006716","Fisheries social-ecological systems (SES) in the North Sea region confront multifaceted challenges stemming from environmental changes, offshore wind farm expansion, and marine protected area establishment. In this paper, we demonstrate the utility of a Bayesian Belief Network (BN) approach in comprehensively capturing and assessing the intricate spatial dynamics within the German plaice-related fisheries SES. The BN integrates ecological, economic, and socio-cultural factors to generate high-resolution maps of profitability and adaptive capacity potential (ACP) as prospective management targets. Our analysis of future scenarios, delineating changes in spatial constraints, economics, and socio-cultural aspects, identifies factors that will exert significant influence on this fisheries SES in the near future. These include the loss of fishing grounds due to the installation of offshore wind farms and marine protected areas, as well as reduced plaice landings due to climate change. The identified ACP hotspots hold the potential to guide the development of localized management strategies and sustainable planning efforts by highlighting the consequences of management decisions. Our findings emphasize the need to consider detailed spatial dynamics of fisheries SES within marine spatial planning (MSP) and illustrate how this information may assist decision-makers and practitioners in area prioritization. We, therefore, propose adopting the concept of fisheries SES within broader integrated management approaches to foster sustainable development of inherently dynamic SES in a rapidly evolving marine environment.","2024","2026-05-02 15:48:47","2026-05-02 15:48:47","","120685","","","357","","","","","","","","","","","","","","","","","","","","","Fisheries management; Adaptive capacity (potential); Bayesian belief network; Marine spatial planning; Offshore renewables; Social-ecological system (SES)","","","","","","","","","","","","","","","","","","","","","","","","","","","","","","","","","","","","","","","","","","","","","","",""
"Y2CIIVCN","journalArticle","2021","Bjørndal, Trond; Munro, Gordon R.","A game theoretic perspective on the management of shared North Sea fishery resources: Pre and post Brexit","Marine Policy","","0308-597X","https://doi.org/10.1016/j.marpol.2021.104669","https://www.sciencedirect.com/science/article/pii/S0308597X21002803","Since the introduction of the 200 nautical mile Exclusive Economic Zone (EEZ) regime, North Sea coastal states have cooperated in the management of shared stocks. Norway and the EU have jointly managed six shared stocks through the 1980 Agreement which includes the annual setting of total allowable catch quotas (TACs), quota shares and access agreements. This article first attempts to explain in a game theoretic context why cooperative management of shared North Sea fish stocks has been stable for more than 40 years. Brexit represented a shock to the cooperative agreement, and there are now three parties to the negotiations. The UK EEZ is important not only for British fishermen, but also for Norway and the EU27. The UK and the EU have agreed on a Trade and Cooperation Agreement which includes fisheries, but Norway and the UK have not yet reached a fisheries agreement. In the second part of the article we analyse the UK-EU fisheries agreement, the continuation of the 1980 Agreement, and the future fisheries relationship between the UK and Norway.","2021","2026-05-02 15:48:47","2026-05-02 15:48:47","","104669","","","132","","","","","","","","","","","","","","","","","","","","","North Sea; Fisheries management; Future scenarios; Brexit","","","","","","","","","","","","","","","","","","","","","","","","","","","","","","","","","","","","","","","","","","","","","","",""
"39WRZTMI","journalArticle","2024","White, Easton R.; Wulfing, Sophie","Extreme events and coupled socio-ecological systems","Ecological Modelling","","0304-3800","https://doi.org/10.1016/j.ecolmodel.2024.110786","https://www.sciencedirect.com/science/article/pii/S0304380024001741","Rare, but potentially impactful, extreme events in socio-ecological systems (SES) can trigger significant consequences. The scarcity of theoretical frameworks for such events in SES is due to data limitations and difficulty in parameterizing coupled SES models. We explore the effect of extreme events on coupled socio-ecological systems using two stylized case studies: harvesting of old-growth forests and coral reef fisheries. We found that extreme events alter the long-term and transient dynamics of the systems. We identify counter-intuitive situations where the degradation of forests or coral habitat can prevent extinction through social dynamics feedback. Management outcomes show maximum variability at intermediate disturbance frequencies, complicating predictions of ecological recovery. We also found that initial conditions significantly influence system responses to shocks. Our work lays a foundation for future studies on extreme events in socio-ecological dynamics. Future work could explore more detailed models rooted in the literature, especially related to the modeling of the social dynamics.","2024","2026-05-02 15:48:47","2026-05-02 15:48:47","","110786","","","495","","","","","","","","","","","","","","","","","","","","","Fisheries; Disturbance; Extreme event; Forestry; Human–environment model; Shock","","","","","","","","","","","","","","","","","","","","","","","","","","","","","","","","","","","","","","","","","","","","","","",""
"KWSDRLUG","journalArticle","2024","Almeida, Inaê Guion de; Percequillo, Alexandre Reis; Rollo, Mario Manoel","Surviving the Tide: Assessing Guiana dolphin persistence amidst growing threats in a protected estuary in South-eastern Brazil","Journal for Nature Conservation","","1617-1381","https://doi.org/10.1016/j.jnc.2024.126713","https://www.sciencedirect.com/science/article/pii/S1617138124001626","This study investigated the population viability of Sotalia guianensis in the Cananéia Estuarine-Lagoon Complex, considering current and potential future scenarios. Simulations, using VORTEX software v. 10.5.5.0, spanned 100 years and were iterated 1000 times. Scenarios encompassed adjustments to demographic and environmental factors, evaluating population trajectories (baseline; increase fisheries; increase tourism; and increase harbour activity scenarios). Findings revealed a potential stochastic growth rate and population stabilization in baseline and increase tourism scenarios when major threats were absent. Conversely, increase fishing and harbour activity scenarios exhibited population decline, leading to eventual extinction within 100 years. Projected growth rates for all Scenarios were 0.0298 (SD=0.0424), −0.2650 (SD=0.2825), 0.0294 (SD=0.0654), and −0.0334 (SD=0.1145) respectively, with extinction probabilities of 0.0 for baseline and increase tourism scenarios, 1.0 for increase fishing scenario with mean estimated extinction time at 14 years, and 0.4430 for increase harbour activity scenario with mean estimated extinction time at 80.1 years. Sensitivity testing identified the percentage of adult females breeding and female mortality as the parameters most significantly impacting population trends. The simulations provided important insights into the primary factors impacting the viability of Sotalia guianensis and lay the groundwork for future population assessments and conservation plans.","2024","2026-05-02 15:48:47","2026-05-02 15:48:47","","126713","","","82","","","","","","","","","","","","","","","","","","","","","Conservation; Population viability analysis; Extinction; Sotalia guianensis; VORTEX","","","","","","","","","","","","","","","","","","","","","","","","","","","","","","","","","","","","","","","","","","","","","","",""
"BYN5ALBN","journalArticle","2012","Tiller, Rachel","Regime formation at the Agenda Formation stage analyzed from a futuristic plankton perspective","Ocean & Coastal Management","","0964-5691","https://doi.org/10.1016/j.ocecoaman.2012.04.010","https://www.sciencedirect.com/science/article/pii/S0964569112000804","Ameliorating fisheries management is of utmost importance given the vulnerability of fisheries worldwide. International management regimes are imperative as a means to this end. Redfeed is a marine species located on the second to last level on the food web, and is a cornerstone species therein. The role of effective management of this species is of utmost importance to avoid the potential catastrophe associated with its over harvesting. The resource is still not commercially harvested, however, and its management can still be framed before a potential catastrophe occurs. Using regime and scenario theories, the regime formation process at the initial Agenda Formation stage is explored from the perspective of a future commercial harvest of this plankton. The potential of vertical movement from this stage to the next level in the process, the Negotiation stage, is considered from the vantage point of four different scenarios related to the political responses to this potential redfeed fishery in the Northeast Atlantic: Business-as-usual, Quiet Suffocation by the Politically Prioritized Svalbard Fisheries Protection Zone, Institutions; or Death by Climate Change and Improbable-but-devastating. Providing policy makers with these scenarios gives the affected decision maker a wider view and more information about the processes that can change and enhance the given situation and in turn lead to wanted or unwanted situations. It enables them to make better decisions about the given path they are interested in pursuing and which future image they preferred or want. The future is unpredictable, however, and scenarios are only possible futures.","2012","2026-05-02 15:48:47","2026-05-02 15:48:47","","19-27","","","66","","","","","","","","","","","","","","","","","","","","","","","","","","","","","","","","","","","","","","","","","","","","","","","","","","","","","","","","","","","","","","","","","","","",""
"JLN7LHSF","journalArticle","2025","Blanluet, Arthur; Game, Edward T.; Pollock, Kydd; Wolff, Nicholas H.; Everett, Jason D.; Neubert, Sandra; Dunn, Daniel C.; Richardson, Anthony J.","Drifting fish aggregation devices as a tool to study oceanic marine protected areas","Fisheries Research","","0165-7836","https://doi.org/10.1016/j.fishres.2025.107474","https://www.sciencedirect.com/science/article/pii/S0165783625002115","To meet global conservation targets, there is a growing effort to establish oceanic (waters >200 m depth) marine protected areas (oMPAs). However, despite substantial evidence for benefits of coastal MPAs to fish and fisheries, the effectiveness of oMPAs has been challenging to assess robustly. This is mainly because targeted data collection is expensive, so research often relies on catch data restricted to areas outside oMPA boundaries. Here we explore the use of drifting fish aggregating devices (dFADs) as a novel method to assess the effectiveness of oMPAs. We used acoustic data from 902 dFADs deployed by the fishing industry that drifted across the US Pacific Islands Heritage Marine National Monument around Palmyra Atoll – providing data both inside and outside the oMPA – to study spatial variation in tuna biomass density. Using a generalised additive mixed model with a suite of environmental covariates, we found the relationship between tuna biomass density and many environmental covariates made intuitive ecological sense with respect to known tuna behaviour, providing confidence in the model. We found no measurable increase in tuna biomass density inside the oMPA. This finding could have been influenced by the low fishing pressure around this particular oMPA, and regions with greater contrast in fishing pressure might show different results. This research highlights the utility of dFADs as a cost-effective tool for future studies to assess tuna biomass, especially in regions difficult or costly to sample as oMPAs.","2025","2026-05-02 15:48:47","2026-05-02 15:48:47","","107474","","","289","","","","","","","","","","","","","","","","","","","","","Marine reserves; Acoustics; Echosounder buoys; Palmyra Atoll; Tropical tunas","","","","","","","","","","","","","","","","","","","","","","","","","","","","","","","","","","","","","","","","","","","","","","",""
"7VX7PDFK","journalArticle","2025","Yousuf, Abu Hena Muhammad; Shampa, Mosa Tania Alim; Rifat, MD Niamul Hasan; Habib, Sahadat","Microplastics in the Bay of Bengal: A critical review of bioaccumulation and ecological impacts across Bangladesh","Journal of Sea Research","","1385-1101","https://doi.org/10.1016/j.seares.2025.102615","https://www.sciencedirect.com/science/article/pii/S1385110125000541","Microplastics (MPs) exert a substantial threat to marine ecosystems, including the Bay of Bengal (BoB), due to their widespread presence and high potential for bioaccumulation in marine biota. This review aims to provide a comprehensive analysis of the bioaccumulation of MPs, their prevalence, and the potential pathways for these contaminants in the BoB. By systematically reviewing existing literature, we analyzed relevant studies and identified key findings. MPs were detected in various marine organisms, including finfish, shellfish, and plankton in the BoB. Demersal species were found to ingest more MPs than pelagic species, likely due to their proximity to MP-laden sediments. The concentration of MPs varied with body weight and length, with some species showing a positive correlation, while others exhibited a negative correlation. MP particle sizes ranged from <500 μm to 1000 μm, with black particles, fibers, and fragments being the most common forms. Polyethylene (PE) and polypropylene (PP) were identified as the dominant polymers. Major sources of MP pollution in the BoB include fisheries, industrial and sewage discharge, tourism, and agricultural runoff. The review also highlights the ecological implications of their accumulation and the potential health risks to humans through the consumption of contaminated seafood. Lack of information on deep-sea and cultured species, trophic transfer, and standard methods are some of the most important shortcomings. Researchers should use more advanced methods of discovery in future studies and look into the long-term effects on health and the environment. To reduce MP pollution in the BoB, policymakers should work on reducing the use of plastic, making waste management better, and walking biodegradable alternatives.","2025","2026-05-02 15:48:47","2026-05-02 15:48:47","","102615","","","207","","","","","","","","","","","","","","","","","","","","","Biomagnification; Health risks; Ecotoxicology; Anthropogenic activities; Plastic pollution; Waste management","","","","","","","","","","","","","","","","","","","","","","","","","","","","","","","","","","","","","","","","","","","","","","",""
"8V5BEQ6W","journalArticle","2023","Liu, Honghong; Peng, Daomin; Yang, Hyun-Joo; Mu, Yongtong; Zhu, Yugui","Exploring the evolution of sustainable fisheries development: Focusing on ecological, environmental and management issues","Ecological Informatics","","1574-9541","https://doi.org/10.1016/j.ecoinf.2023.102004","https://www.sciencedirect.com/science/article/pii/S157495412300033X","Living marine resources are crucial for guaranteeing food security, meeting nutritional needs, generating employment, and solving other human challenges worldwide. Nevertheless, resource overexploitation and environmental contamination pose serious challenges to the sustainable development of fisheries (SDF). Numerous studies have been conducted in various disciplines worldwide to address these challenges. In this study, we collected 4450 journal articles from the Web of Science Core Collection database to help explain the evolution process, current state of affairs, research hotspots, and trends of research on the SDF. Using bibliometric tools, VOSviewer, CiteSpace, and Scimago Graphica, a scientometric analysis was conducted to define the knowledge structure by visualizing the co-occurrence network, co-authorship network, co-citation network, and emergence analysis. The findings indicate that the number of publications in this field are expanding rapidly, and key events related to the SDF have influenced publication numbers. Additionally, performance analysis from the author, journal and national perspectives provides scientific information for researchers. The thematic content on the SDF has also changed to emphasize ecosystem structure and its services.","2023","2026-05-02 15:48:47","2026-05-02 15:48:47","","102004","","","75","","","","","","","","","","","","","","","","","","","","","Bibliometric analysis; Management; Research evolution; Ecological and socio-economic objectives; Interactive visualization; Sustainable fisheries","","","","","","","","","","","","","","","","","","","","","","","","","","","","","","","","","","","","","","","","","","","","","","",""
"2DX6SEIL","journalArticle","2021","Calado, Joana G.; Ramos, Jaime A.; Almeida, Ana; Oliveira, Nuno; Paiva, Vítor H.","Seabird-fishery interactions and bycatch at multiple gears in the Atlantic Iberian coast","Ocean & Coastal Management","","0964-5691","https://doi.org/10.1016/j.ocecoaman.2020.105306","https://www.sciencedirect.com/science/article/pii/S0964569120302167","Seabirds are marine predators known to forage in association with fisheries, however detailed knowledge on seabird-fishery interactions remains scarce in several regions of the world. We quantified seabird-fishery interactions and bycatch in central Portuguese coastal waters (NE Atlantic) between 2016 and 2018 in four gears: purse-seines, longlines, gillnets, and fishing traps. We mapped gear-specific fishing effort and seabird bycatch events and characterized fishery catches. Specific objectives were to determine separately for seabird-fishery interactions and bycatch (i) the gear with the highest rates, (ii) the most abundant species, and (iii) to assess the main drivers (i.e. year, season, gear, and fishery catch) of seabird-fishery interactions. Purse-seines had the highest seabird-fishery interactions, and the most abundant species were Yellow-legged and Lesser black-backed gulls, Northern gannet, and Cory's shearwater. Total seabird-fishery interactions varied inter-annually but not seasonally, indicating high total seabird numbers at fishing boats year-round. In contrast, higher fishery interactions were found during spring for Yellow-legged gulls. Age classes of individuals varied according to species, and fishery catches had a positive effect on seabird-fishery interactions. Seabird bycatch occurred mostly in longlines and within the ‘Ilhas Berlengas’ Special Protection Area. Northern gannet and Cory's shearwater were the most bycaught species, and species ecological traits seemed important in determining gear-specific bycatch. Our results suggest a strong influence of purse-seine and artisanal fisheries on seabirds in the NE Atlantic coast, and future studies should investigate the effects of these fisheries on seabird populations in other regions of the world.","2021","2026-05-02 15:48:47","2026-05-02 15:48:47","","105306","","","200","","","","","","","","","","","","","","","","","","","","","Cory's shearwater; Longlines; Northern gannet; Purse-seines; Yellow-legged gull","","","","","","","","","","","","","","","","","","","","","","","","","","","","","","","","","","","","","","","","","","","","","","",""
"RTTNWTFP","journalArticle","2018","Cillari, Tiziana; Allegra, Alessandro; Andaloro, Franco; Gristina, Michele; Milisenda, Giacomo; Sinopoli, Mauro","The use of echo-sounder buoys in Mediterranean Sea: A new technological approach for a sustainable FADs fishery","Ocean & Coastal Management","","0964-5691","https://doi.org/10.1016/j.ocecoaman.2017.11.018","https://www.sciencedirect.com/science/article/pii/S0964569117307639","In the Mediterranean Sea, dolphinfish fishery has employed a great number of anchored Fish Aggregating Devices (FADs) arranged in lines, that represents a threat to navigation and to the marine environment and is economically disadvantageous to fishers. In this research, echo-sounder buoys were tested for the first time in the Mediterranean, and it was evaluated if this technological method can be useful to studies aimed to reduce the impact of FADs from the perspective of sustainable fishery. The study was carried out in November and December 2015 in a Tyrrhenian area where echo-sounder buoys were tied to anchored and drifting FADs and aggregated biomass estimates were recorded daily. Comparisons were made to evaluate whether there are: a relation between the number of anchored FADs and associated biomass; and differences, in terms of aggregated biomass, between anchored and drifting FADs. No clear correlation was found between the number of anchored FADs and biomass, while the drifting FADs showed a greater power of attraction than the anchored FADs. Anyway, the echo-sounder buoys may be suitable for future studies. It was highlighted that their simple use in the Mediterranean FADs fishery could facilitate a reduction of the high number of anchored FADs.","2018","2026-05-02 15:48:47","2026-05-02 15:48:47","","70-76","","","152","","","","","","","","","","","","","","","","","","","","","Anchored FADs; Biomass estimates; Drifting FADs; Fishing technology; GAM","","","","","","","","","","","","","","","","","","","","","","","","","","","","","","","","","","","","","","","","","","","","","","",""
"FDGL389K","journalArticle","2019","Erauskin-Extramiana, Maite; Alvarez, Paula; Arrizabalaga, Haritz; Ibaibarriaga, Leire; Uriarte, Andrés; Cotano, Unai; Santos, María; Ferrer, Luis; Cabré, Anna; Irigoien, Xabier; Chust, Guillem","Historical trends and future distribution of anchovy spawning in the Bay of Biscay","Deep Sea Research Part II: Topical Studies in Oceanography","","0967-0645","https://doi.org/10.1016/j.dsr2.2018.07.007","https://www.sciencedirect.com/science/article/pii/S0967064517302151","Future scenarios of fish stocks and the impacts of climate variability and change on fisheries are critical to anticipate and minimize potential economic losses in this sector. In this study, we assessed the impact of recent sea warming and future climate change on anchovy in the Bay of Biscay, where sea surface temperature has increased in the last three decades. We analyzed the historical evolution of the anchovy spawning and built species distribution models that are projected under the RCP8.5 climate change scenario. The historical analysis of anchovy spawning showed that spawning peak advanced at a rate of 5.5 days/decade from 1987 to 2015, and the gonadosomatic index (as proxy of spawning activity) generally increased, which might be associated to changes in phytoplankton abundance. In addition, the spawning area expanded and contracted depending on the total egg production. In the future, the overall anchovy egg abundance in the Bay of Biscay is expected to increase between 1.05 and 2.66-fold under the RCP8.5 climate change scenario by the mid and end-of-the-21st-century, respectively. Projected environmental changes are expected to induce an expansion of the spawning area (7.8% and 16.4% for mid- and end-of-the-century) and higher egg densities.","2019","2026-05-02 15:48:47","2026-05-02 15:48:47","","169-182","","","159","","","","","","","","","","","","","","","","","","","","","Climate change; Anchovy; Bay of Biscay; Future projections; Gonadosomatic index; Niche model","","","","","","","","","","","","","","","","","","","","","","","","","","","","","","","","","","","","","","","","","","","","","","",""
"X4B2UQVP","journalArticle","2015","Villafañe, Virginia E.; Valiñas, Macarena S.; Cabrerizo, Marco J.; Helbling, E. Walter","Physio-ecological responses of Patagonian coastal marine phytoplankton in a scenario of global change: Role of acidification, nutrients and solar UVR","Marine Chemistry","","0304-4203","https://doi.org/10.1016/j.marchem.2015.02.012","https://www.sciencedirect.com/science/article/pii/S0304420315000407","The aim of our study was to experimentally determine the future combined effects of solar UVR (280–400nm), nutrient enrichment and acidification on a natural phytoplankton community (late phase of the bloom) of the Chubut River estuary (Patagonia, Argentina). We exposed the community to two radiation conditions (i.e., with and without UVR) under a future scenario of global change as compared to present conditions, using a cluster environmental approach. We combined short- (hours) and mid-term (days) incubations under solar radiation of the two clusters (present vs. future) to focus on changes in phytoplankton photosynthesis, growth and biodiversity. Our results indicate that the future conditions of increased nutrient availability and acidification, together with solar radiation, would shape the coastal phytoplankton community of Patagonia. The observed change for future conditions was towards a community dominated by relatively large diatoms, with high growth rates, little or no UVR-inhibition of photosynthesis, and better light-utilization efficiency. Given the species-specificity in responses, our results should not be generalized, especially considering that open waters of Patagonia are characterized by recurrent blooms of coccolithophorids that could be severely affected by acidification process. This future global change scenario in coastal waters, however, will produce significant increases in primary production, with phytoplankton communities that may sequester significant carbon amounts and thus they might sustain important secondary production (including fisheries) if their nutritional quality is not compromised.","2015","2026-05-02 15:48:47","2026-05-02 15:48:47","","411-420","","","177","","","","","","","","","","","","","","","","","","","","","Biodiversity; Global change; Phytoplankton; Photosynthesis; Man-induced effects; Patagonia","","","","","","","","","","","","","","","","","","","","","","","","","","","","","","","","","","","","","","","","","","","","","","",""
"LZVG8DVN","journalArticle","2018","Burdon, Daryl; Boyes, Suzanne J.; Elliott, Michael; Smyth, Katie; Atkins, Jonathan P.; Barnes, Richard A.; Wurzel, Rüdiger K.","Integrating natural and social sciences to manage sustainably vectors of change in the marine environment: Dogger Bank transnational case study","Estuarine, Coastal and Shelf Science","","0272-7714","https://doi.org/10.1016/j.ecss.2015.09.012","https://www.sciencedirect.com/science/article/pii/S0272771415300901","The management of marine resources is a complex process driven by the dynamics of the natural system and the influence of stakeholders including policy-makers. An integration of natural and social sciences research is required by policy-makers to better understand, and manage sustainably, natural changes and anthropogenic activities within particular marine systems. Given the uncertain development of activities in the marine environment, future scenarios assessments can be used to investigate whether marine policy measures are robust and sustainable. This paper develops an interdisciplinary framework, which incorporates future scenarios assessments, and identifies four main types of evaluation needed to integrate natural and social sciences research to support the integrated management of the marine environment: environmental policy and governance assessments; ecosystem services, indicators and valuation; modelling tools for management evaluations, and risk assessment and risk management. The importance of stakeholder engagement within each evaluation method is highlighted. The paper focuses on the transnational spatial marine management of the Dogger Bank, in the central North Sea, a site which is very important ecologically, economically and politically. Current management practices are reviewed, and research tools to support future management decisions are applied and discussed in relation to two main vectors of change affecting the Dogger Bank, namely commercial fisheries and offshore wind farm developments, and in relation to the need for nature conservation. The input of local knowledge through stakeholder engagement is highlighted as a necessary requirement to produce site-specific policy recommendations for the future management of the Dogger Bank. We present wider policy recommendations to integrate natural and social sciences in a global marine context.","2018","2026-05-02 15:48:47","2026-05-02 15:48:47","","234-247","","","201","","","","","","","","","","","","","","","","","","","","","Risk assessment; Ecosystem services; Future scenarios; Dogger Bank; Integrated marine management; Modelling tools","","","","","","","","","","","","","","","","","","","","","","","","","","","","","","","","","","","","","","","","","","","","","","",""
"QF5GMGIH","journalArticle","2019","Currie, Jock C.; Thorson, James T.; Sink, Kerry J.; Atkinson, Lara J.; Fairweather, Tracey P.; Winker, Henning","A novel approach to assess distribution trends from fisheries survey data","Fisheries Research","","0165-7836","https://doi.org/10.1016/j.fishres.2019.02.004","https://www.sciencedirect.com/science/article/pii/S0165783619300414","Climate change and fishery impacts modify the spatial distribution of marine species. Understanding and predicting changes in distribution is important for adaptation by fishers and the management of fishery resources and biodiversity. However, identifying such trends is challenging given the variability inherent in trawl survey data. We apply a novel two-step approach to identify fish distribution trends from trawl surveys. First, species-specific average locations (mean latitude and longitude centre of gravity) and extent (effective area occupied) were estimated within a spatio-temporal delta modelling framework. The resulting time series and associated variance estimates were then passed to a multivariate Bayesian state-space model to estimate average trends over the study period. We applied this two-stage approach to three decades (1986–2016) of demersal trawl research survey data from the Agulhas Bank of South Africa to quantify distributional changes in 44 commonly caught fishes (chondrichthyans and teleosts). Across the entire assemblage, average trends showed a westward (alongshore) shift in location and a reduction in the extent of populations. At the species level, six taxa showed a location trend towards the west or south-west, and three shifted towards the east or north-east. The area occupied by species showed two taxa that had a decreasing trend in spatial extent and one species that was expanding. The mean westward and contracting trends of the assemblage were interpreted as likely signals of climate forcing, whereas the eastward shift of three species may be linked to fishing impacts. A lack of knowledge of subsurface oceanographic changes in the region challenges interpretation of the distribution changes and is identified as a research priority. We recommend additional research regarding causal drivers of distribution shifts, specifically to attribute observed changes to climate, fishing, and inter-annual environmental variability.","2019","2026-05-02 15:48:47","2026-05-02 15:48:47","","98-109","","","214","","","","","","","","","","","","","","","","","","","","","Distribution trend; South Africa; Spatio-temporal model; Trawl surveys","","","","","","","","","","","","","","","","","","","","","","","","","","","","","","","","","","","","","","","","","","","","","","",""
"XF7RXZX7","journalArticle","2025","Hermans, Annemiek; Mens, Allard van; Schilt, Britte; Neut, Ruben van der; Hal, Ralf van","Effects of electromagnetic fields on flatfish","Regional Studies in Marine Science","","2352-4855","https://doi.org/10.1016/j.rsma.2025.104591","https://www.sciencedirect.com/science/article/pii/S2352485525005821","The expansion of offshore wind farms has led to increasing concerns about electromagnetic fields generated by subsea power cables and their potential effects on marine life. A species group that might be affected is flatfish, including species such as plaice (Pleuronectes platessa), common dab (Limanda limanda), common sole (Solea solea) and flounder (Platichthys flesus), which are all commercially and ecologically important in the North Sea. Concerns raised by fisheries organisations and NGO’s include altered behaviour, potentially affecting their distribution and migration routes. This study investigated the effects of electromagnetic fields resulting from a 50 Hz 700 MW alternating current cable on flatfish abundance and diversity in the Dutch North Sea. Sampling was conducted in two seasons, under different conditions, in September 2021 (46 locations) and April 2024 (36 locations) using a commercial vessel equipped with beam trawls and a magnetometer. Fish were identified and counted after 5-minute hauls, covering both cable and reference areas. Statistical analyses, permutation tests, assessed differences in abundance between cable and reference areas. There was no significant difference in abundance and diversity of plaice, dab or sole. The findings suggest that, under the measured conditions, electromagnetic fields do not significantly affect flatfish abundance or diversity around the cable. Future studies should focus on electronic tagging or controlled experiments to better understand potential, more subtle, behavioural responses to electromagnetic fields that were not possible to detect using our study design.","2025","2026-05-02 15:48:47","2026-05-02 15:48:47","","104591","","","91","","","","","","","","","","","","","","","","","","","","","Behavioural effects; Common dab; Common sole; Electromagnetic fields; Offshore wind farms; Plaice; Subsea power cables","","","","","","","","","","","","","","","","","","","","","","","","","","","","","","","","","","","","","","","","","","","","","","",""
"N6E8SKN8","journalArticle","2025","Zelli, Edoardo; Ellis, Joanne; Pilditch, Conrad; Rowden, Ashley A.; Anderson, Owen F.; Geange, Shane W.; Holland, Lyndsey P.; Stephenson, Fabrice","Bottom-trawling affects the viability of climate refugia for vulnerable marine ecosystem indicator taxa","Ocean & Coastal Management","","0964-5691","https://doi.org/10.1016/j.ocecoaman.2025.107768","https://www.sciencedirect.com/science/article/pii/S0964569125002303","Bottom trawling significantly impacts benthic ecosystems, including deep-sea habitats. International guidelines recognize Vulnerable Marine Ecosystems (VMEs) as ecologically critical ecosystems at risk from fishing. In New Zealand, spatial protection measures aim to mitigate some effects of bottom trawling but remain insufficient to preserve essential habitats of VME indicator taxa under current and future climatic conditions. Using the dynamic Relative Benthic Status (dRBS) approach and density predictions for 10 VME indicator taxa, we evaluated the historical impacts of bottom trawling across New Zealand's seas, focusing on primary habitats and climate refugia predicted under future scenarios (SSP2-4.5, SSP3-7.0). Our results show that bottom trawling is expected to have impacted all assessed taxa across the study region, albeit with different intensities. Areas identified as climate refugia were particularly affected, showing the greatest reductions in both taxon density and habitat extent. Overall density losses were similar among taxa within internal climate refugia (i.e., current high-density areas predicted to maintain high densities in the future) at approximately 7–8 % and external refugia (i.e., new areas where certain taxa were predicted to expand into in the future) at approximately 9–10 % under both climate scenarios. Nevertheless, the predicted reduction in current-day density was higher in internal refugia (on average 4000 individuals per km2) compared to external refugia (on average 500 individuals per km2). Habitat extent reductions were also greater in internal refugia (∼10 %) than in external refugia (∼4 %). Identifying and protecting climate refugia must be a conservation priority, as they represent areas where taxa may persist or expand under future climates. Careful consideration of these areas is required to reduce extinction risk and ensure the long-term conservation of ecosystem services.","2025","2026-05-02 15:48:47","2026-05-02 15:48:47","","107768","","","269","","","","","","","","","","","","","","","","","","","","","Climate change; Marine spatial planning; New Zealand; Bottom trawling fishery; Climate refugia; Dynamic relative benthic status; Vulnerable marine ecosystems","","","","","","","","","","","","","","","","","","","","","","","","","","","","","","","","","","","","","","","","","","","","","","",""
"UQ8KVQ75","journalArticle","2017","Sydeman, William J.; Thompson, Sarah Ann; Anker-Nilssen, Tycho; Arimitsu, Mayumi; Bennison, Ashley; Bertrand, Sophie; Boersch-Supan, Philipp; Boyd, Charlotte; Bransome, Nicole C.; Crawford, Robert J. M.; Daunt, Francis; Furness, Robert W.; Gianuca, Dimas; Gladics, Amanda; Koehn, Laura; Lang, Jennifer W.; Logerwell, Elizabeth; Morris, Taryn L.; Phillips, Elizabeth M.; Provencher, Jennifer; Punt, André E.; Saraux, Claire; Shannon, Lynne; Sherley, Richard B.; Simeone, Alejandro; Wanless, Ross M.; Wanless, Sarah; Zador, Stephani","Best practices for assessing forage fish fisheries-seabird resource competition","Fisheries Research","","0165-7836","https://doi.org/10.1016/j.fishres.2017.05.018","https://www.sciencedirect.com/science/article/pii/S0165783617301455","Worldwide, in recent years capture fisheries targeting lower-trophic level forage fish and euphausiid crustaceans have been substantial (∼20 million metric tons [MT] annually). Landings of forage species are projected to increase in the future, and this harvest may affect marine ecosystems and predator-prey interactions by removal or redistribution of biomass central to pelagic food webs. In particular, fisheries targeting forage fish and euphausiids may be in competition with seabirds, likely the most sensitive of marine vertebrates given limitations in their foraging abilities (ambit and gape size) and high metabolic rate, for food resources. Lately, apparent competition between fisheries and seabirds has led to numerous high-profile conflicts over interpretations, as well as the approaches that could and should be used to assess the magnitude and consequences of fisheries-seabird resource competition. In this paper, we review the methods used to date to study fisheries competition with seabirds, and present “best practices” for future resource competition assessments. Documenting current fisheries competition with seabirds generally involves addressing two major issues: 1) are fisheries causing localized prey depletion that is sufficient to affect the birds? (i.e., are fisheries limiting food resources?), and 2) how are fisheries-induced changes to forage stocks affecting seabird populations given the associated functional or numerical response relationships? Previous studies have been hampered by mismatches in the scale of fisheries, fish, and seabird data, and a lack of causal understanding due to confounding by climatic and other ecosystem factors (e.g., removal of predatory fish). Best practices for fisheries-seabird competition research should include i) clear articulation of hypotheses, ii) data collection (or summation) of fisheries, fish, and seabirds on matched spatio-temporal scales, and iii) integration of observational and experimental (including numerical simulation) approaches to establish connections and causality between fisheries and seabirds. As no single technique can provide all the answers to this vexing issue, an integrated approach is most promising to obtain robust scientific results and in turn the sustainability of forage fish fisheries from an ecosystem perspective.","2017","2026-05-02 15:48:47","2026-05-02 15:48:47","","209-221","","","194","","","","","","","","","","","","","","","","","","","","","Fisheries; Methodology; Forage fish; Resource competition; Seabirds","","","","","","","","","","","","","","","","","","","","","","","","","","","","","","","","","","","","","","","","","","","","","","",""
"DRW2PCRA","journalArticle","2020","Nyman, Elizabeth; Tiller, Rachel","‘Is there a court that rules them all’? Ocean disputes, forum shopping and the future of Svalbard","Marine Policy","","0308-597X","https://doi.org/10.1016/j.marpol.2019.103742","https://www.sciencedirect.com/science/article/pii/S0308597X18307401","Taking a state to court for maritime disputes is not necessarily a straightforward issue for a given state under the United Nations Convention on the Law of the Sea (UNCLOS). This article examines state choices under Article 287 when a disagreement has escalated beyond negotiations. To identify and concretise these options, the focus is on an Arctic case, namely the Svalbard Treaty, signed in 1920. The dispute in question is Norway's unilateral decision to establish a 200 mile fishery protection management regime around the archipelago in 1976, and reserve the right to later transform this into a full Exclusive Economic Zone (EEZ). Many states have threatened to take Norway to an international court over this action, but as of yet, no state has taken the step to fulfil this threat. The article explores a future scenario wherein Norway chooses to change the management regime into an EEZ, in light of changing distributions of marine resources under a changing climate, including snow crab, mackerel and other fish species. Court choices are discussed relative to which – if any - may best be suited for this case – both from the perspective of Norway as well as its potential challenger(s).","2020","2026-05-02 15:48:47","2026-05-02 15:48:47","","103742","","","113","","","","","","","","","","","","","","","","","","","","","","","","","","","","","","","","","","","","","","","","","","","","","","","","","","","","","","","","","","","","","","","","","","","",""
"B7QW8WT8","journalArticle","2026","Ho, Yun; Chou, Lien-Siang; Yao, Chiou-Ju; Chi, Wei-Lien; Wang, Hao-Ven; Chen, Ing; Yu, Hsin-Yi; Wu, Pei-Ying; Yang, Wei-Cheng","A 24-year record of Cetacean strandings in Taiwanese waters: Signals of escalating threats","Marine Environmental Research","","0141-1136","https://doi.org/10.1016/j.marenvres.2025.107677","https://www.sciencedirect.com/science/article/pii/S0141113625007342","Cetacean strandings provide critical insights into the health of marine ecosystems and are indicative of both natural and anthropogenic stressors. Leveraging an 1884-stranding-event, 2225 -individual dataset spanning 24 years across Taiwan's main and outlying islands, we quantified long-term spatiotemporal trends and their drivers around Taiwan which is a strategic node with complex boundary-current environment in the Western Pacific. The aim was to uncover the factors driving a significant rise in strandings over the past decade, with a particular focus on species-specific vulnerabilities, spatial distribution, and seasonal trends. The increase in strandings since 2015 reflects a complex interplay of environmental and anthropogenic factors. Environmental events such as the 2015–2016 El Niño and marine heatwaves disrupted ocean conditions and impacted cetacean habitats, potentially contributed to the overall increase. Concurrently, bottlenose dolphins (Tursiops truncatus and T. aduncus) and finless porpoises (Neophocaena phocaenoides and N. asiaeorientalis) exhibited significant increases in strandings, pointing to potential fishery interactions across the Taiwan Strait. Furthermore, species such as Kogia spp. and pygmy killer whale (Feresa attenuata) exhibited fluctuating stranding patterns likely driven by episodic human activities, while increased disease-related strandings of Fraser's dolphin (Lagendelphis hosei) and spinner dolphin (Stenella longirostris) underscored growing environmental pressures. These findings indicate a persistent yet escalating threat landscape, driven by the interplay of climate-induced habitat disruption and seasonal fishery interactions. This study highlights the urgent need for continued monitoring and targeted management interventions to mitigate risks to cetaceans in the Taiwanese waters which provide complex and dynamic habitats for cetaceans, particularly in the face of growing human disruptions on marine ecosystems.","2026","2026-05-02 15:48:47","2026-05-02 15:48:47","","107677","","","214","","","","","","","","","","","","","","","","","","","","","Strandings; Anthropogenic stressors; Cetaceans; Spatiotemporal trends","","","","","","","","","","","","","","","","","","","","","","","","","","","","","","","","","","","","","","","","","","","","","","",""
"LWHBNN9C","journalArticle","2018","Merrie, Andrew; Keys, Patrick; Metian, Marc; Österblom, Henrik","Radical ocean futures-scenario development using science fiction prototyping","Futures","","0016-3287","https://doi.org/10.1016/j.futures.2017.09.005","https://www.sciencedirect.com/science/article/pii/S0016328716301914","Scenarios can help individuals, communities, corporations and nations to develop a capacity for dealing with the unknown and unpredictable, or the unlikely but possible. A range of scientific methods for developing scenarios is available, but we argue that they have limited capacity to investigate complex social-ecological futures because: 1) non-linear change is rarely incorporated and: 2) they rarely involve co-evolutionary dynamics of integrated social-ecological systems. This manuscript intends to address these two concerns by applying the method of science fiction prototyping to developing scenarios for the future of global fisheries in a changing global ocean. We used an empirically informed background on existing and emerging trends in marine natural resource use and dynamics to develop four ‘radical ocean futures,' incorporating and extrapolating from existing environmental, technological, social and economic trends. We argue that the distinctive method as applied here can complement existing scenario methodologies and assist scientists in developing a holistic understanding of complex systems dynamics. The approach holds promise for making scenarios more accessible and interesting to non-academics and can be useful for developing proactive governance mechanisms.","2018","2026-05-02 15:48:47","2026-05-02 15:48:47","","22-32","","","95","","","","","","","","","","","","","","","","","","","","","Fisheries; Complex adaptive systems; Global change; Oceans; Scenarios; Science fiction prototyping","","","","","","","","","","","","","","","","","","","","","","","","","","","","","","","","","","","","","","","","","","","","","","",""
"EYBSLCYG","journalArticle","2016","Rosegrant, Mark W.; Dey, Madan Mohan; Valmonte-Santos, Rowena; Chen, Oai Li","Economic impacts of climate change and climate change adaptation strategies in Vanuatu and Timor-Leste","Marine Policy","","0308-597X","https://doi.org/10.1016/j.marpol.2015.12.010","https://www.sciencedirect.com/science/article/pii/S0308597X15003802","The fisheries sectors in Vanuatu and Timor-Leste are important sources of food and income. Similar to other developing countries and those in the Pacific, they are vulnerable to the impacts of climate change more so because of their geographic location, socioeconomic conditions and political instability. Nonetheless, there are approaches to alleviate the damaging effects of climate change in the region's fisheries sector. Using economic modeling, this paper estimates the economic costs of potential climate change adaptation strategies for the fisheries sector in Vanuatu and Timor-Leste through assessment of alternative future scenarios. Strategies include aquaculture development, natural resource management through establishment and/or expansion of marine protected areas, and deployment of low-cost inshore fish aggregating devices. Modeling results demonstrate that the above innovations will enable the two countries to significantly improve coastal and freshwater fish production in the medium-term (2035) and long-term (2050). Fish consumption is projected to grow due to population and income improvements; yet considerable increases in production will augment demand. Furthermore, national-level gains are projected from these adaptation strategies through fish exports. Improved production under climate change will require significant investments from the national governments of Vanuatu and Timor-Leste and/or private sectors.","2016","2026-05-02 15:48:47","2026-05-02 15:48:47","","179-188","","","67","","","","","","","","","","","","","","","","","","","","","Aquaculture; Economic modeling; Fish aggregating devices; Natural resource management; Timor-Leste; Vanuatu","","","","","","","","","","","","","","","","","","","","","","","","","","","","","","","","","","","","","","","","","","","","","","",""
"HQHHD7BP","journalArticle","2020","Moore, Bradley R.; Bell, Johann D.; Evans, Karen; Farley, Jessica; Grewe, Peter M.; Hampton, John; Marie, Amandine D.; Minte-Vera, Carolina; Nicol, Simon; Pilling, Graham M.; Phillips, Joe Scutt; Tremblay-Boyer, Laura; Williams, Ashley J.; Smith, Neville","Defining the stock structures of key commercial tunas in the Pacific Ocean I: Current knowledge and main uncertainties","Fisheries Research","","0165-7836","https://doi.org/10.1016/j.fishres.2020.105525","https://www.sciencedirect.com/science/article/pii/S0165783620300424","Tunas are the focus of significant fisheries in the Pacific Ocean, where landings of four species – skipjack tuna (Katsuwonus pelamis), yellowfin tuna (Thunnus albacares), bigeye tuna (Thunnus obesus) and albacore tuna (Thunnus alalunga) – constitute approximately 70 % of the global tuna catch. Stock assessments for skipjack, yellowfin and bigeye tunas in the Pacific Ocean currently assume eastern and western stocks. For albacore tuna, separate North Pacific Ocean and South Pacific Ocean stocks are currently assumed. In each case, these geographic definitions reﬂect the historical development of fisheries management across the Pacific rather than biological considerations. There is widespread agreement that uncertainties surrounding the stock structures of these four tuna species could have important impacts on the population dynamics models used to assess their status and inform management options. Knowledge of stock structure is also essential for improved modelling of the effects of climate change on tuna distribution and abundance and associated implications for fisheries. This paper reviews current knowledge and understanding of the stock structures of skipjack, yellowfin, bigeye and South Pacific albacore tunas in the Pacific Ocean, by exploring available literature relating to their biology, movement and spatial dynamics. As a guide for future research in this area, we identify the main uncertainties in defining the stock structure of these four tunas in the Pacific, including i) spawning dynamics; ii) the degree of spawning area fidelity and localised residency; iii) the provenance of individuals in, and proportional contributions of self-replenishing populations to, fishery catches within the Pacific Ocean; iv) linkages with adjacent ‘stocks’; v) the effects of climate change on stock structure and proportional contributions of self-replenishing populations to fisheries; and vi) the implications of improved knowledge of tuna stock structure for stock assessment and climate change model assumptions and fisheries management. We also briefly propose some approaches that future studies could use to address these uncertainties.","2020","2026-05-02 15:48:47","2026-05-02 15:48:47","","105525","","","230","","","","","","","","","","","","","","","","","","","","","Fisheries management; Movement; Stock structure; Tuna; Pacific Ocean; Spatial dynamics","","","","","","","","","","","","","","","","","","","","","","","","","","","","","","","","","","","","","","","","","","","","","","",""
"HUG2WULP","journalArticle","2026","Asio, Ma Victoria Stephane; Cvitanovic, Christopher; Lau, Jacqueline; Diedrich, Amy","Collaborative governance in marine and coastal management: A systematic review","Ocean & Coastal Management","","0964-5691","https://doi.org/10.1016/j.ocecoaman.2025.108020","https://www.sciencedirect.com/science/article/pii/S0964569125004831","Strengthened collaboration across different levels of governance can lead to improved marine and coastal management outcomes. For example, collaborative governance can improve coordination between institutions and communities, enhance trust to facilitate the participation of diverse actors, and build capacity for shared decision-making among both state and non-state sectors. While interest in collaborative governance for marine and coastal systems is growing, critical gaps in the scholarship remain, particularly regarding its implementation and success. Systematically identifying these knowledge gaps is essential to guide future research efforts and funding investments. To address this, we systematically reviewed empirical case studies, examining the roles of actors, the barriers and opportunities to collaboration, and the outcomes reported. We applied qualitative thematic analysis to identify key themes across the studies. A total of 4196 articles were retrieved from literature databases, and after a multi-stage screening process, 60 articles qualified for inclusion in the systematic review. We find that while collaborative governance involves a diversity of actors in marine and coastal settings, power remains unevenly distributed, often concentrated within the state. Our findings further highlight that essential conditions for supporting and sustaining collaborative governance include power sharing, legitimacy, engagement with bridging actors, and access to financial resources. Finally, we emphasise the need for standardised approaches to evaluating both social and ecological outcomes. This review contributes a roadmap for advancing collaborative governance research in marine and coastal contexts and offers recommendations to better align theory with practice.","2026","2026-05-02 15:48:47","2026-05-02 15:48:47","","108020","","","272","","","","","","","","","","","","","","","","","","","","","Fisheries; Co-management; Civil society organisations; Community-based management; Decentralisation; Legitimacy; Power asymmetry","","","","","","","","","","","","","","","","","","","","","","","","","","","","","","","","","","","","","","","","","","","","","","",""
"G3MD3FUS","journalArticle","2025","Lee, Yi-Jou; Hsu, William Wei-Yuan; Lee, Hung-Tai; Liao, Cheng-Hsin","Enhancing the resolution of fishing dynamics in Taiwan’s mixed-trawl fisheries: Investigating gear type operation patterns through vessel tracks","Regional Studies in Marine Science","","2352-4855","https://doi.org/10.1016/j.rsma.2024.103928","https://www.sciencedirect.com/science/article/pii/S2352485524005619","Vessel tracking systems, such as voyage data recorders (VDRs), facilitate the spatial and temporal analysis of fishing behaviors. In multi-gear fisheries, diverse operational characteristics influence the accuracy of speed-based classification of fishing activities. Our approach adjusts fishing speed criteria according to vessel tonnage and gear type, addressing the operational differences among bottom and mid-water trawls. To enhance information on fishing effort and investigate the distribution of fishery resources in Taiwan’s mixed-trawl fisheries, we conducted stratified random sampling from 2010 to 2020, covering various vessel sizes and gear types. Manually labeled VDR data were used to establish speed criteria tailored to these factors, achieving overall accuracy and true skill statistic values of 0.91 and 0.80, respectively. This approach notably reduces misclassification of activities for mid-water trawls. Additionally, Pearson correlation analysis demonstrates a strong positive relationship between fishing effort and catch, supporting more precise spatial allocation of landings. These findings offer valuable insights for improving fishery management, providing a robust framework for resource allocation and enhancing our understanding of the operational differences in multi-gear fisheries. Finally, this research lays a foundation for future studies aimed at refining classification methods for fishing activities.","2025","2026-05-02 15:48:47","2026-05-02 15:48:47","","103928","","","81","","","","","","","","","","","","","","","","","","","","","Trawl; Fishing activity; Fleet behavior; Multi-gear; Vessel tracking","","","","","","","","","","","","","","","","","","","","","","","","","","","","","","","","","","","","","","","","","","","","","","",""
"L6GJPHHP","journalArticle","2019","Teh, Louise S. L.; Bond, Natachia; KC, Krishna; Fraser, Evan; Seng, Ratha; Sumaila, U. Rashid","The economic impact of global change on fishing and non-fishing households in the Tonle Sap ecosystem, Pursat, Cambodia","Fisheries Research","","0165-7836","https://doi.org/10.1016/j.fishres.2018.10.005","https://www.sciencedirect.com/science/article/pii/S0165783618302741","This paper investigates the economic impact of future global change on fishing dependent inhabitants of the Tonle Sap floodplain in Cambodia. We compare the net income from individuals’ current livelihoods to that derived from reallocating their livelihood activities under 4 different scenarios depicting future change. Respondents generally chose to retain their current livelihood strategy under all future scenarios. Less than 10% of those who did change livelihood allocation actually experienced a gain in economic benefits. Those engaged in single livelihoods experienced an average income loss of 18% across all scenarios, compared to 9% for the multi-livelihood group. Respondents’ choices generated the best economic outcome under a status quo scenario, thus suggesting a low capacity to adapt when faced with unfamiliar future scenarios. Our study contributes to identifying and understanding the economic impact of future global changes on fisheries dependent individuals in the Tonle Sap floodplain ecosystem.","2019","2026-05-02 15:48:47","2026-05-02 15:48:47","","71-80","","","210","","","","","","","","","","","","","","","","","","","","","Vulnerability; Economic analysis; Lake fisheries; Livelihoods; Tonle Sap Cambodia","","","","","","","","","","","","","","","","","","","","","","","","","","","","","","","","","","","","","","","","","","","","","","",""
"8HKT5MAE","journalArticle","2022","Tolentino-Zondervan, Frazen; Zondervan, Niels A.","Sustainable fishery management trends in Philippine fisheries","Ocean & Coastal Management","","0964-5691","https://doi.org/10.1016/j.ocecoaman.2022.106149","https://www.sciencedirect.com/science/article/pii/S0964569122001247","Sustainable production of fish and seafood products contributes to achieving the economic, social, and environmental goals in fisheries. Different sustainability strategies are applied to achieve these three goals. This paper presents a meta-analysis of the status and implementation of various sustainable fishery management strategies in the Philippines over the past 20 years. We identified various management themes and the extent these themes are related to economic, social and environmental sustainability goals using Preferred Reporting Items for Systematic Reviews and Meta Analyses (PRISMA) and text mining. Six sustainability management themes were identified. The analysis shows that overall, the sustainability management themes appear to be socio-economic in nature based on the relative occurrences of indicators belonging to the three sustainability goals. When comparing the strength of the three sustainability goals in each management theme, the social goal appears to be most prominent in four management themes, the economic goal in one theme, and a balance of the three sustainability goals in another theme. Furthermore, this study shows which fishery management themes are most (dis-)similar based on clustering. Policy makers and other fishery management bodies can use these insights to optimize the sustainability goals in fisheries by not only relying on a single management theme in each fishery, by improving focus on large scale fishers, by incorporating underexplored sustainability indicators, and by adapting current trends and proven-to-be effective management themes.","2022","2026-05-02 15:48:47","2026-05-02 15:48:47","","106149","","","223","","","","","","","","","","","","","","","","","","","","","Sustainability; Fishery management; Philippines; PRISMA; Text-mining","","","","","","","","","","","","","","","","","","","","","","","","","","","","","","","","","","","","","","","","","","","","","","",""
"MT3KB5PV","journalArticle","2026","Fraga, Isabela Figueiredo; Coutinho, Rebeca Dias de Souza; Araújo, Pedro Magno Vilar de; Gadig, Otto Bismarck Fazzano; Vianna, Marcelo; Hauser-Davis, Rachel Ann","Total and subcellular metals are associated with fluctuating asymmetry in Sphyrna lewini and Sphyrna zygaena (Elasmobranchii: Sphyrnidae)","Marine Pollution Bulletin","","0025-326X","https://doi.org/10.1016/j.marpolbul.2025.119121","https://www.sciencedirect.com/science/article/pii/S0025326X25015978","Sharks are key components of marine ecosystem services, contributing to nutrient transport, regulating lower trophic level populations, and serving as important fishery resources for human communities. While overfishing remains the most harmful threat to shark populations, chemical contamination is a growing concern, with the potential to disrupt the morphological development of exposed individuals. Studies on fluctuating asymmetry in elasmobranchs are still extremely scarce, and none have associated this condition to metal and metalloid contamination, either total or subcellular. In this sense, five bilateral cephalofoil parameters of hammerhead sharks from Rio de Janeiro and São Paulo were measured and correlated with total metal and metalloid concentrations detected in the ampullae of Lorenzini, eyes, muscle, and brain, as well as with subcellular metallothionein-bound metals, in a novel approach, to assess fluctuating asymmetry. The correlations observed between total and subcellular metals and metalloids and fluctuating asymmetry indices determined herein for the first time suggest that metal exposure may impair the symmetrical development of these animals. However, it is important to note that certain methodological limitations, such as the use of soft structures susceptible to deformation, may compromise measurement reliability. Future studies are paramount to assess these potential morphological outcomes of metal contamination in these elasmobranch species.","2026","2026-05-02 15:48:47","2026-05-02 15:48:47","","119121","","","224","","","","","","","","","","","","","","","","","","","","","Ecotoxicology; Bilateral asymmetry; Chondrichthyes; Hammerhead sharks; Southeastern Brazil","","","","","","","","","","","","","","","","","","","","","","","","","","","","","","","","","","","","","","","","","","","","","","",""
"E747JAZF","journalArticle","2024","Allen, Kira L.; Lewis, Kristy A.","Future impacts of reduced freshwater inflow and sea level rise on forage fish and their predators in Apalachicola Bay, Florida","Food Webs","","2352-2496","https://doi.org/10.1016/j.fooweb.2024.e00372","https://www.sciencedirect.com/science/article/pii/S2352249624000387","Estuarine ecosystems often support large populations of forage fish, but these small-medium sized fish and the predators they feed may be affected by multiple climate change and human-induced stressors. In the Apalachicola Bay estuary, Florida, USA, reduced freshwater inflow and sea level rise are two prevalent stressors, and little is known about how these environmental changes might impact the forage fish species who inhabit the estuary. This study uses a food web model for Apalachicola Bay to simulate the impacts of future changes in water temperature and salinity on forage fish and predator species who inhabit the estuary. Water temperature and salinity conditions were based on previously developed simulations of reduced freshwater inflow and sea level rise in Apalachicola Bay from 2020 to 2049. These simulated environmental changes were applied as forcing functions in the food web model to drive shifts in species biomasses over time. This study centered on changes in biomass for two highly abundant forage fish species, juvenile silver perch (Bairdiella chrysoura) and juvenile pinfish (Lagodon rhomboides), as well as their major predators, spotted seatrout (Cynoscion nebulosus) and inshore lizardfish (Synodus foetens). These changes were assessed at both 10- and 30-year time intervals relative to 2019, along with an examination of forage fish consumption by their predators. Juvenile silver perch biomass increased across all scenarios and time scales, while juvenile pinfish biomass decreased. Consumption of juvenile silver perch by spotted seatrout increased across all scenarios and time scales, and consumption of juvenile pinfish by inshore lizardfish decreased, in concordance with the trends in prey biomass. Both spotted seatrout and inshore lizardfish biomasses decreased across future scenarios, though the high biomass of juvenile silver perch may have played a role in stabilizing the decline of spotted seatrout. Changes in forage fish biomasses and their impacts on predator species as a result of reduced freshwater inflow and sea level rise have implications for ecosystem productivity and the fisheries of the region.","2024","2026-05-02 15:48:47","2026-05-02 15:48:47","","e00372","","","41","","","","","","","","","","","","","","","","","","","","","Forage fish; Estuarine food web; Predator diets; River flow; Sea level rise","","","","","","","","","","","","","","","","","","","","","","","","","","","","","","","","","","","","","","","","","","","","","","",""
"47MZEFHA","journalArticle","2021","Campos, Leonardo; Berrios, Fernando; Oses, Rómulo; González, Jorge E.; Bonnail, Estefanía","Unravelling Lessonia trabeculata management in coastal areas of the Atacama region of northern Chile through a DPSIR approach: Insights for sustainable plans","Marine Policy","","0308-597X","https://doi.org/10.1016/j.marpol.2021.104737","https://www.sciencedirect.com/science/article/pii/S0308597X21003481","Subtidal Lessonia trabeculata is one of the primary kelp resources of northern Chile. It is an ecosystem engineer that provides habitat, shelter, and food for invertebrates and fish. This fishery has been developed by a collection of stranded algae carried out by legally registered fishers and illegal collectors in open-access areas and management and exploitation areas for benthic resources. Due to the current high demand on the international market, the collection of dead plants is supplemented by direct extraction. In response, a management plan has been implemented to regulate extraction efforts and institute annual quotas. The dynamics of the L. trabeculata fishery in the Atacama region over 20years were evaluated using the conceptual framework of the driver-pressure-state-impact-response (DPSIR) approach. The fishing dynamics are strongly conditioned by price fluctuations, promoting the growth of fishing efforts (pressure) in response to economic indicators (driving forces). This often leads to a high volume of extractions of resources (impact) reflected in the increase in extractors and landings in spite of the establishment of quotas (responses), that generate intense pressure on local populations of algae and other commercially important fish and invertebrates (state). A lack of knowledge was detected regarding population aspects and its associated communities. Consequently, this kelp has been mismanaged without a specific focus on this species. Finally, the indicators included in the present DPSIR analysis enable a global understanding of the L. trabeculata fishery, and it should be considered as a basis for future studies and the implementation of resource management strategies.","2021","2026-05-02 15:48:47","2026-05-02 15:48:47","","104737","","","133","","","","","","","","","","","","","","","","","","","","","Artisanal fisheries; Fisheries management; Benthic resources; Socio-economic analysis; Subtidal kelps","","","","","","","","","","","","","","","","","","","","","","","","","","","","","","","","","","","","","","","","","","","","","","",""
"VKK88HMF","journalArticle","2014","Santana-Garcon, Julia; Newman, Stephen J.; Langlois, Tim J.; Harvey, Euan S.","Effects of a spatial closure on highly mobile fish species: an assessment using pelagic stereo-BRUVs","Journal of Experimental Marine Biology and Ecology","","0022-0981","https://doi.org/10.1016/j.jembe.2014.07.003","https://www.sciencedirect.com/science/article/pii/S0022098114001919","The effects of a spatial area closure on pelagic fish assemblages within the Houtman Abrolhos Islands were assessed using mid-water pelagic stereo-BRUVs. The spatial area closure within the Easter group of the Houtman Abrolhos Islands was found to have no significant effect on the species composition and relative abundance of pelagic fish assemblages. The most abundant demersal target species recorded was pink snapper (Chrysophrys auratus) and, individuals measured within the spatial closure were significantly larger than those sampled in the area open to fishing. This spatial area closure is of moderate size (22.3km2), but the spatial management of highly mobile species may require larger area closures than those for reef-associated species. The monitoring of pelagic species both in large and small spatial area closures is required in order to better understand how mobile species respond to this management strategy. Some species were only recorded in relatively low numbers using pelagic stereo-BRUVs. Moreover, some of the highly mobile pelagic fish species, such as tunas, mackerel and some shark species have proven difficult to measure, as these species were observed furthest from the camera systems. While pelagic stereo-BRUVs are an effective fishery-independent approach to monitor spatial fishing closures, improving the power of replicates by pooling individual deployments, and increasing the attraction rate of pelagic fish to the stereo-cameras, will enhance their performance in future studies.","2014","2026-05-02 15:48:47","2026-05-02 15:48:47","","153-161","","","460","","","","","","","","","","","","","","","","","","","","","Monitoring; Marine protected area; Fishery independent; Houtman Abrolhos Islands; Marine reserve; Spatial management","","","","","","","","","","","","","","","","","","","","","","","","","","","","","","","","","","","","","","","","","","","","","","",""
"YALYKPRA","journalArticle","2026","Dixon, Rachel L.; Fabrizio, Mary C.; Mazzini, Piero L. F.; Latour, Robert J.","Climate change threatens stability conferred by asynchronous coastwide recruitment of Atlantic striped bass, Morone saxatilis","Fisheries Research","","0165-7836","https://doi.org/10.1016/j.fishres.2025.107629","https://www.sciencedirect.com/science/article/pii/S0165783625003662","Contemporary fishery management approaches do not fully account for the spatial structuring evident in many populations. Yet, synchrony in recruitment among intrapopulation components may afford insights on population productivity and inform future management efforts. The coastal population of Atlantic striped bass (Morone saxatilis) is comprised of individuals from multiple distinct estuarine nurseries along the east coast of the United States, including Chesapeake Bay, Delaware River, and the Hudson River. The relative contribution of each producing area to the coastal population fluctuates annually, but the link between variable regional recruitment and the dynamics of the coastal population remains unexplored. Fishery-independent catch data of age-0 striped bass were used to generate time series of recruitment from each producing area from 1983 to 2021. Dynamic factor analysis was applied to identify common trends and the level of synchrony in recruitments, and investigate biotic and abiotic factors hypothesized to impact year-class strength and production in this species. Time series of recruitments were best represented by multiple common trends, highlighting asynchronous patterns in recruitment from individual producing areas. Two climate signals, the winter index of the North Atlantic Oscillation and marine heatwaves in the coastal ocean, had the largest impact on the observed patterns in recruitment. Differential production among individual producing areas may have conferred historical stability to the coastal population, but shared responses to broad scale stressors may indicate reduced resilience to climate impacts.","2026","2026-05-02 15:48:47","2026-05-02 15:48:47","","107629","","","293","","","","","","","","","","","","","","","","","","","","","Age-0 striped bass; Climate; Marine heatwaves; Portfolio effects; Recruitment; Resilience; Synchrony","","","","","","","","","","","","","","","","","","","","","","","","","","","","","","","","","","","","","","","","","","","","","","",""
"NRUXMG8X","journalArticle","2024","Wang, Geng; Feng, Yan","Analysis of carbon emission drivers and peak carbon forecasts for island economies","Ecological Modelling","","0304-3800","https://doi.org/10.1016/j.ecolmodel.2023.110611","https://www.sciencedirect.com/science/article/pii/S0304380023003411","Sea islands are an essential support for expanding the blue economic space, and the study of the carbon emissions of Changhai County's island economies and their carbon peaking time is of great significance for achieving the goal of building an ecological low-carbon demonstration island with northern characteristics in Changhai County. In this study, the Logarithmic Mean Divisia Index (LMDI) method was used to explore the three main drivers affecting the carbon emissions of the island economies in Changhai County. The carbon emissions of Changhai County in 2012–2019 were estimated through the system dynamics model. The low-carbon development path and possible carbon peak time of Changhai County in 2020–2035 were predicted. The results show that: ①The urban system is the first positive driver of carbon emissions, followed by the residential system, and finally, the fishery system, the energy structure effect is the main positive driving effect affecting carbon emissions, and the population effect always shows a negative inhibitory impact on carbon emissions. ②The activities on the islands of Changhai County in 2012–2019 cumulatively produced 167.53 × 104 t of carbon emissions, 46.83 × 104 t of carbon sinks, and their net carbon emissions were 120.69 × 104 t. The results of the future scenario projections show that neither non-intervention nor a single policy of only adjusting land use and transport can achieve minor carbon emissions and that the best path for future low-carbon development in Changhai County is to develop all kinds of activities in a low-carbon (L) mode. ④Among the future forecast scenarios, Scenario 5 is an ideal model for the fastest way to achieve carbon peak, which generates 318.39 × 104 t of carbon emissions, and the cumulative emission reduction reaches 26.37 × 104 t.","2024","2026-05-02 15:48:47","2026-05-02 15:48:47","","110611","","","489","","","","","","","","","","","","","","","","","","","","","System dynamics; Carbon emissions; Island economies; LMDI method","","","","","","","","","","","","","","","","","","","","","","","","","","","","","","","","","","","","","","","","","","","","","","",""
"PZHSP58C","journalArticle","2018","Tomlinson, Benjamin; Maynou, Francesc; Sabatés, Ana; Fuentes, Verónica; Canepa, Antonio; Sastre, Sergio","Systems approach modelling of the interactive effects of fisheries, jellyfish and tourism in the Catalan coast","Estuarine, Coastal and Shelf Science","","0272-7714","https://doi.org/10.1016/j.ecss.2015.11.012","https://www.sciencedirect.com/science/article/pii/S0272771415301360","Despite the large fluctuation in annual recordings of gelatinous plankton along the Catalan coast in the north western Mediterranean and the lack of long term data sets, there is a general perception that jellyfish abundances are increasing. Local authorities are concerned about the stranding events and arrivals of jellyfish to beaches and believe it could reduce the recreational appeal of the beaches – a valuable ecosystem service for the regional tourist industry. Previous studies also demonstrate the predation of jellyfish (Pelagia noctiluca ephyrae) upon some small pelagic fish larvae (Engraulis encrasicolus). Small pelagics are the principal source of revenue for the local fisheries. A social-ecological model was created in order to capture the effects of changes in abundance of P. noctiluca upon the local fisheries, the tourist industry and the wider economy. The following sub-models were constructed and connected following the systems approach framework methodology: an age-class based fisheries model; a jellyfish population matrix model; a jellyfish stranding model; a study on the impact of jellyfish strandings on beach users; and an economic input–output matrix. Various future scenarios for different abundances of jellyfish blooms were run. The “Expected blooms” scenario is similar to the quantity and size of blooms for 2000–2010. For a hypothetical “No blooms” scenario (standard background level of jellyfish but without any blooms) landings would increase by around 294 tonnes (5.1%) per year (averaged over 10 years) or approximately 0.19 M€ in profits per year (4.5%), and strandings would decrease by 49%. In a “Frequent blooms” scenario, landings would decrease by around 147 tonnes per year (2.5%) and decrease profits by 0.10 M€ per year (2.3%), and strandings would increase by 32%. Given the changes that these scenarios would cause on the regional gross domestic product and employment, this study concludes that the overall impact of either of these scenarios on the economy would not be significant at the regional scale.","2018","2026-05-02 15:48:47","2026-05-02 15:48:47","","198-207","","","201","","","","","","","","","","","","","","","","","","","","","Anchovy; Catalonia; Jellyfish strandings; Mediterranean; Sardine; Small pelagic fisheries; Social-ecosystem model; Spain","","","","","","","","","","","","","","","","","","","","","","","","","","","","","","","","","","","","","","","","","","","","","","",""
"68E7P3RZ","journalArticle","2017","Maury, O.; Campling, L.; Arrizabalaga, H.; Aumont, O.; Bopp, L.; Merino, G.; Squires, D.; Cheung, W.; Goujon, M.; Guivarch, C.; Lefort, S.; Marsac, F.; Monteagudo, P.; Murtugudde, R.; Österblom, H.; Pulvenis, J. F.; Ye, Y.; Ruijven, B. J. van","From shared socio-economic pathways (SSPs) to oceanic system pathways (OSPs): Building policy-relevant scenarios for global oceanic ecosystems and fisheries","Global Environmental Change","","0959-3780","https://doi.org/10.1016/j.gloenvcha.2017.06.007","https://www.sciencedirect.com/science/article/pii/S0959378016306343","There is an urgent need for developing policy-relevant future scenarios of biodiversity and ecosystem services. This paper is a milestone toward this aim focusing on open ocean fisheries. We develop five contrasting Oceanic System Pathways (OSPs), based on the existing five archetypal worlds of Shared Socioeconomic Pathways (SSPs) developed for climate change research (e.g., Nakicenovic et al., 2014 and Riahi et al., 2016). First, we specify the boundaries of the oceanic social-ecological system under focus. Second, the two major driving forces of oceanic social-ecological systems are identified in each of three domains, viz., economy, management and governance. For each OSP (OSP1 “sustainability first”, OSP2 “conventional trends”, OSP3 “dislocation”, OSP4 “global elite and inequality”, OSP5 “high tech and market”), a storyline is outlined describing the evolution of the driving forces with the corresponding SSP. Finally, we compare the different pathways of oceanic social-ecological systems by projecting them in the two-dimensional spaces defined by the driving forces, in each of the economy, management and governance domains. We expect that the OSPs will serve as a common basis for future model-based scenario studies in the context of the Intergovernmental Panel on Climate Change (IPCC) and the Intergovernmental Platform on Biodiversity and Ecosystem Services (IPBES).","2017","2026-05-02 15:48:47","2026-05-02 15:48:47","","203-216","","","45","","","","","","","","","","","","","","","","","","","","","Scenarios; Management; Governance; Economy; Oceanic fisheries; Oceanic system pathways (OSPs); Shared socioeconomic pathways (SSPs)","","","","","","","","","","","","","","","","","","","","","","","","","","","","","","","","","","","","","","","","","","","","","","",""
"NPMYBDRS","journalArticle","2020","Wells, Mark L.; Karlson, Bengt; Wulff, Angela; Kudela, Raphael; Trick, Charles; Asnaghi, Valentina; Berdalet, Elisa; Cochlan, William; Davidson, Keith; Rijcke, Maarten De; Dutkiewicz, Stephanie; Hallegraeff, Gustaaf; Flynn, Kevin J.; Legrand, Catherine; Paerl, Hans; Silke, Joe; Suikkanen, Sanna; Thompson, Peter; Trainer, Vera L.","Future HAB science: Directions and challenges in a changing climate","Harmful Algae","","1568-9883","https://doi.org/10.1016/j.hal.2019.101632","https://www.sciencedirect.com/science/article/pii/S156898831930099X","There is increasing concern that accelerating environmental change attributed to human-induced warming of the planet may substantially alter the patterns, distribution and intensity of Harmful Algal Blooms (HABs). Changes in temperature, ocean acidification, precipitation, nutrient stress or availability, and the physical structure of the water column all influence the productivity, composition, and global range of phytoplankton assemblages, but large uncertainty remains about how integration of these climate drivers might shape future HABs. Presented here are the collective deliberations from a symposium on HABs and climate change where the research challenges to understanding potential linkages between HABs and climate were considered, along with new research directions to better define these linkages. In addition to the likely effects of physical (temperature, salinity, stratification, light, changing storm intensity), chemical (nutrients, ocean acidification), and biological (grazer) drivers on microalgae (senso lato), symposium participants explored more broadly the subjects of cyanobacterial HABs, benthic HABs, HAB effects on fisheries, HAB modelling challenges, and the contributions that molecular approaches can bring to HAB studies. There was consensus that alongside traditional research, HAB scientists must set new courses of research and practices to deliver the conceptual and quantitative advances required to forecast future HAB trends. These different practices encompass laboratory and field studies, long-term observational programs, retrospectives, as well as the study of socioeconomic drivers and linkages with aquaculture and fisheries. In anticipation of growing HAB problems, research on potential mitigation strategies should be a priority. It is recommended that a substantial portion of HAB research among laboratories be directed collectively at a small sub-set of HAB species and questions in order to fast-track advances in our understanding. Climate-driven changes in coastal oceanographic and ecological systems are becoming substantial, in some cases exacerbated by localized human activities. That, combined with the slow pace of decreasing global carbon emissions, signals the urgency for HAB scientists to accelerate efforts across disciplines to provide society with the necessary insights regarding future HAB trends.","2020","2026-05-02 15:48:47","2026-05-02 15:48:47","","101632","","","91","","","","","","","","","","","","","","","","","","","","","Aquaculture; Fisheries; Climate change; Temperature; Cyanobacteria; Grazing; Nutrients; Benthic; Ocean acidification; Experimental strategies; HAB; Modeling; Multi-stressor; New tools; Observatories; Stratification","","","","","","","","","","","","","","","","","","","","","","","","","","","","","","","","","","","","","","","","","","","","","","",""
"TKVCR2L4","journalArticle","2026","Wilkinson, Sydney; Horstmann, Lara; Barst, Benjamin D.; Sformo, Todd; Sutton, Trent; Dunton, Kenneth; Iken, Katrin","Patterns of trophic niche overlap of diadromous and marine Arctic fishes in Beaufort Sea coastal lagoons","Estuarine, Coastal and Shelf Science","","0272-7714","https://doi.org/10.1016/j.ecss.2025.109657","https://www.sciencedirect.com/science/article/pii/S0272771425005359","Ongoing climatic changes in the coastal Arctic can influence the food webs that support a variety of fish species and subsistence fisheries in coastal lagoons. Along the Beaufort Sea coast, lagoons provide productive summer feeding habitats for both diadromous fishes migrating from freshwater and marine fishes migrating from the shelf. We compared trophic niche size and niche overlap between diadromous species, Arctic Cisco (Coregonus autumnalis), Least Cisco (Coregonus sardinella), and Dolly Varden (Salvelinus malma), and marine species, Polar Cod (Boreogadus saida), Fourhorn Sculpin (Myoxocephalus quadricornis), and Saffron Cod (Eleginus gracilis), across lagoon systems differing in freshwater input and oceanic exchange. Using complementary biomarkers (stomach contents, bulk δ13C and δ15N, compound-specific amino acid δ13C, and fatty acid profiles), we found that diadromous fishes consistently exhibited broader trophic niches than marine fishes, reflecting their ability to exploit both freshwater and offshore pelagic resources. Trophic overlap occurred across the two life histories in both lagoon types, but was greater in high-exchange lagoons, primarily due to shared reliance on amphipods, mysids, and marine carbon sources. Considering the different biomarker turnover times, this overlap likely extends from late winter ice cover into open water periods. These results suggest that competition for prey is probable among species with contrasting life histories, particularly during periods of low prey abundance. By resolving seasonal and spatial patterns of trophic overlap, our findings provide important baseline knowledge for modeling future scenarios of lagoon connectivity and for informing subsistence fisheries management under ongoing changes in the Arctic.","2026","2026-05-02 15:48:47","2026-05-02 15:48:47","","109657","","","330","","","","","","","","","","","","","","","","","","","","","","","","","","","","","","","","","","","","","","","","","","","","","","","","","","","","","","","","","","","","","","","","","","","",""
"LW7IFQDK","bookSection","2019","Sunderland, Elsie M.; Chan, Hing Man; Cheung, William W. L.","Chapter 17 - Fisheries and seafood security under changing oceans","Predicting Future Oceans","978-0-12-817945-1","","https://doi.org/10.1016/B978-0-12-817945-1.00017-4","https://www.sciencedirect.com/science/article/pii/B9780128179451000174","Global changes to marine systems will largely be experienced by humans through changing fisheries and seafood supply. The chapters in this section of the book focus on four components that are important for projecting the future contributions and sustainability of fish stocks to food security, safety, and human health. These components are (1) fisheries management, (2) fisheries and food supply, (3) security and safety in seafood production, and (4) seafood and human well-being. We summarize the key messages of the chapters in this section and offer a synthesis of how these chapters contribute to projecting future scenarios for fisheries, seafood supply, and security under changing oceans. Finally, we identify key areas that will require additional information to inform the development of pathways for sustainable future oceans.","2019","2026-05-02 15:48:47","2026-05-02 15:48:47","","175-179","","","","","","","","","","","Elsevier","","","","","","","","","","","","","food security; Seafood; adaptation; fisheries management; food safety; public health","","Cisneros-Montemayor, Andrés M.; Cheung, William W. L.; Ota, Yoshitaka","","","","","","","","","","","","","","","","","","","","","","","","","","","","","","","","","","","","","","","","","","","","",""
"K25BQGBU","journalArticle","2021","Anderson, A. B.; Assis, J.; Batista, M. B.; Serrão, E. A.; Guabiroba, H. C.; Delfino, S. D. T.; Pinheiro, H. T.; Pimentel, C. R.; Gomes, L. E. O.; Vilar, C. C.; Bernardino, A. F.; Horta, P.; Ghisolfi, R. D.; Joyeux, J.-C.","Global warming assessment suggests the endemic Brazilian kelp beds to be an endangered ecosystem","Marine Environmental Research","","0141-1136","https://doi.org/10.1016/j.marenvres.2021.105307","https://www.sciencedirect.com/science/article/pii/S0141113621000635","Kelps are canopy-forming brown seaweed sustaining critical ecosystem services in coastal habitats, including shelter, nursery grounds, and providing food resources to a myriad of associated species. This study modeled the fundamental niche of Laminaria abyssalis along the Brazilian continental margin, an endemic species of the South Atlantic, to anticipate potential distributional range shifts under two contrasting scenarios of future environmental changes (RCP2.6 and RCP8.5). The model for fundamental niche predictions considering the “present scenario” has shown a wider potential area than the realized niche (i.e., the area where the species actually occurs) along the Brazilian coast. In both future scenarios, the models have shown niche erosion on the northern portion of the Brazilian coast and niche gains towards the south. In both scenarios, L. abyssalis populations tend to shift to deeper regions of the reef. The restricted range of occurrence (33,000 km2), intense anthropic activities along these beds (e.g., trawling fisheries, oil/gas mining, or removal for agricultural purposes) acting synergically with global warming, may drive this ecosystem to collapse faster than kelp species’ ability to adapt. We propose to classify L. abyssalis as Endangered - (EN) under IUCN criteria, and highlight that long-term monitoring of kelp beds is an urgent need to develop effective conservation initiatives to protect such rare and invaluable ecosystem.","2021","2026-05-02 15:48:47","2026-05-02 15:48:47","","105307","","","168","","","","","","","","","","","","","","","","","","","","","Laminariales; Conservation; Global warming; Anthropocene; Endangered species; Endemic species; Niche modeling","","","","","","","","","","","","","","","","","","","","","","","","","","","","","","","","","","","","","","","","","","","","","","",""
"T86TTQ6Z","journalArticle","2023","Tiralongo, Francesco; Marino, Sebastiano; Ignoto, Sara; Martellucci, Riccardo; Lombardo, Bianca Maria; Mancini, Emanuele; Scacco, Umberto","Impact of Hermodice carunculata (Pallas, 1766) (Polychaeta: Amphinomidae) on artisanal fishery: A case study from the Mediterranean sea","Marine Environmental Research","","0141-1136","https://doi.org/10.1016/j.marenvres.2023.106227","https://www.sciencedirect.com/science/article/pii/S0141113623003550","Invasive species can cause severe economic damages, ecosystem alterations, and can even threat human health. In the global warming scenario, which can act as a driving force for the expansion of thermophilic species, we investigated for the first time the economic damage caused by the invasive bearded fireworm, Hermodice carunculata, to artisanal longline fishery in the Mediterranean Sea. We focused on bottom longline fishery targeting the highly prized white seabream Diplodus sargus, investigating catch composition of the fishing gear and Catch Per Unit Effort (CPUE) of species caught, with particular emphasis on the economic damage caused by the bearded fireworm, H. carunculata, in relation to water temperature. Our results clearly indicated direct and indirect economic damage to fishing activities practiced in the southeastern coast of Sicily (Ionian Sea). Type and extent of the damage caused by the invasive worm (H. carunculata) were discussed in relation to temporal scale and overall yields obtained by this traditional artisanal fishery, and some solutions are proposed. However, the actual situation requires special attention because it is expected to worsen in the context of the global warming future scenarios, such that further studies are urgently needed.","2023","2026-05-02 15:48:47","2026-05-02 15:48:47","","106227","","","192","","","","","","","","","","","","","","","","","","","","","Artisanal fisheries; Bycatch; Bearded fireworm; Ionian sea; Sparidae; White seabream","","","","","","","","","","","","","","","","","","","","","","","","","","","","","","","","","","","","","","","","","","","","","","",""
"MIU37QFL","journalArticle","2020","Lauber, T. Bruce; Stedman, Richard C.; Connelly, Nancy A.; Ready, Richard C.; Rudstam, Lars G.; Poe, Gregory L.","The effects of aquatic invasive species on recreational fishing participation and value in the Great Lakes: Possible future scenarios","Journal of Great Lakes Research","","0380-1330","https://doi.org/10.1016/j.jglr.2020.04.003","https://www.sciencedirect.com/science/article/pii/S0380133020300812","The impacts of aquatic invasive species (AIS) on the recreational fishery in the Laurentian Great Lakes are of concern to managers and policy makers. Some AIS have the potential to depress sportfish populations, reducing recreational fishing opportunities and damaging local economies. Alternatives that could reduce the threat of AIS could be costly. Assessments of how AIS could affect recreational fishing participation and the economic value derived from it would contribute to the evaluation of these alternatives. We assessed best-case and worst-case scenarios for how a range of AIS could affect recreational fishing participation and economic value. We utilized previously developed scenarios for how AIS could affect sportfish populations as input for a recreational fishing model developed by Ready et al. (2018). Their model estimated changes in fishing participation and economic value from such scenarios. Given uncertainty in how AIS could affect sportfish, projected effects of AIS on economic value varied widely, with some scenarios likely to have minimal effects and others leading to losses of over $100 million annually. None of the scenarios would lead to a large percentage decrease in recreational fishing in the eight Great Lake states, largely because anglers have numerous inland fishing opportunities. Nevertheless, lakeshore communities dependent on Great Lakes fishing could still suffer considerable economic loss. Collectively the economic valuation of the range of scenarios narrows down the possible impacts on fishing and the economy that decision makers need to consider.","2020","2026-05-02 15:48:47","2026-05-02 15:48:47","","656-665","","3","46","","","","","","","","","","","","","","","","","","","","","Recreational fishing; Economic value; Invasive species","","","","","","","","","","","","","","","","","","","","","","","","","","","","","","","","","","","","","","","","","","","","","","",""
"5XYZX2PW","journalArticle","2026","González-Roca, Fernando; Vásquez, Julio A.; Gelcich, Stefan; Pérez-Ruzafa, Ángel","Management regimes influence the response of Chilean kelp fishers when facing hypothetical future scenarios","Journal for Nature Conservation","","1617-1381","https://doi.org/10.1016/j.jnc.2025.127082","https://www.sciencedirect.com/science/article/pii/S1617138125002596","Co-management of kelp resources in northern Chile involves diverse access regimes that could influence artisanal fishers’ responses to economic, environmental, and social changes. This study analyzes the responses of 126 fishers from 25 coastal associations in the Atacama and Coquimbo regions to three hypothetical scenarios: a significant drop in kelp prices, environmental impacts from El Niño, and increased illegal activity. The research uses surveys, contingency tables, and multinomial logistic regression to explore the socio-economic characteristics and response strategies of fishers within different management regimes, such as Regional Management Plans (MP) and Management and Exploitation Areas for Benthic Resources (MEABR). Results indicate that migratory status, resource dependence, and management regime in which they operate significantly influence fishers’ decisions. Particularly, MEABR affiliates are more likely to adopt conservation-oriented actions compared to those under MP when faced with the three types of shocks. This study contributes insights on critical variables which can be tailored to refine co-management policies to better accommodate future possible ecological and socio-economic changes.","2026","2026-05-02 15:48:47","2026-05-02 15:48:47","","127082","","","89","","","","","","","","","","","","","","","","","","","","","Fisheries; Co-management; ENSO event; Protected areas; Resource conservation policy","","","","","","","","","","","","","","","","","","","","","","","","","","","","","","","","","","","","","","","","","","","","","","",""
"6RAXLGFD","journalArticle","2023","Teneva, Lida; Free, Christopher M.; Hume, Andrew; Agostini, Vera N.; Klein, Carissa J.; Watson, Reg A.; Gaines, Steven D.","Small island nations can achieve food security benefits through climate-adaptive blue food governance by 2050","Marine Policy","","0308-597X","https://doi.org/10.1016/j.marpol.2023.105577","https://www.sciencedirect.com/science/article/pii/S0308597X23001045","Small island nations are highly dependent on food from aquatic environments, or blue food, and vulnerable to climate change and global food market price volatility. By 2050, rising populations will demand more food through various protein sources, including from the sea. This study identifies which small island nations can improve food self-sufficiency from the sea by implementing tailored climate-adaptive fisheries governance strategies that adapt to shifting marine resources. We combined projections of seafood demand and local catch under different future scenarios of global carbon emissions and local adaptive fisheries management to estimate potential seafood surpluses or deficits from by 2050 for 31 small island nations worldwide. We find that adapting fisheries management every 10 years could mitigate even worst-case projections of climate change impacts on locally available seafood, building a seafood surplus by 2050 in the Seychelles, Maldives, Cabo Verde, Bahamas, Antigua and Barbuda, Kiribati, PNG, Fiji, FSM, Tuvalu, and Marshall Islands. Strategic financial and capacity investments by the international community could help realize the full potential of food security from the sea for those nations. However, we project deficits in locally caught seafood by 2050 in Comoros, Sao Tome and Principe, Mauritius, Barbados, Dominican Republic, Cuba, Dominica, Jamaica, Grenada, St. Lucia, St. Vincent and the Grenadines, Trinidad and Tobago, Haiti, Palau, Samoa, Nauru, and the Solomon Islands, regardless of adapting fisheries management. For those nations, we recommend international collaboration that strengthens food security from sources other than the sea coupled with investments in locally sustainable aquaculture. Overall, we find that climate-adaptive fisheries management can benefit a range of the studied small island nations, by supporting both food security goals as well as economic goals of productive fisheries for international trade","2023","2026-05-02 15:48:47","2026-05-02 15:48:47","","105577","","","151","","","","","","","","","","","","","","","","","","","","","Blue food; Climate-smart fisheries; Future seafood; Island food security","","","","","","","","","","","","","","","","","","","","","","","","","","","","","","","","","","","","","","","","","","","","","","",""
"S2H38D9Z","journalArticle","2023","Erauskin-Extramiana, Maite; Chust, Guillem; Arrizabalaga, Haritz; Cheung, William W. L.; Santiago, Josu; Merino, Gorka; Fernandes-Salvador, Jose A.","Implications for the global tuna fishing industry of climate change-driven alterations in productivity and body sizes","Global and Planetary Change","","0921-8181","https://doi.org/10.1016/j.gloplacha.2023.104055","https://www.sciencedirect.com/science/article/pii/S0921818123000280","Tunas and billfishes are the main large pelagic commercial fish species. Tunas comprised around 5.5 million t and USD 40 billion in 2018. Climate change studies and projections estimate that overall, global fisheries productivity will decrease due to climate change. However, there are seldom projections of the climate-driven productivity of the higher trophic levels where tunas and billfishes belong. In this work, we use a mechanistic model to evaluate the effects of climate change and fishing for globally distributed and commercially exploited seven tuna species and swordfish which are divided into 30 stocks for management purposes, under a range of climate change (RCP 2.6 and 8.5) and fishing scenarios (from no fishing to 1.5 times the fishing mortality (F) at the Maximum Sustainable Yield, FMSY) from two Earth System Models (IPSL and MEDUSA). The results suggest that high trophic level species will be more impacted by climate change than by fishing pressure under the assumption that they remain nearby their MSY levels. However, no-fishing scenarios project much higher biomass. The overall productivity of the target species will decrease by 36% and only the Pacific bluefin showing a slight increase in the future. Five species; Atlantic and Southern bluefins, swordfish, bigeye, and albacore are estimated to decrease in biomass and size at different rates. These species represent almost a third of the landings in the Atlantic Ocean and 10% in the Pacific Ocean being the bluefins, the highest-valued tuna species. On average, the body size is expected to decrease up to 15% by 2050. Fish price and demand are partially driven by body size and therefore, revenues can be reduced even in stocks with an increase in productivity. The fishing industry can adapt to the changing climate by increasing the value of fish through sustainability certifications and reducing fuel consumption and time at sea with higher digitalization. Reducing fuel consumption would also be an additional mitigation measure to climate change since it would reduce CO2 emissions.","2023","2026-05-02 15:48:47","2026-05-02 15:48:47","","104055","","","222","","","","","","","","","","","","","","","","","","","","","Climate change; Tuna fishery; Fishing pressure; Future scenarios; Bioclimatic envelope model; Ecosystem-based model; Size spectrum","","","","","","","","","","","","","","","","","","","","","","","","","","","","","","","","","","","","","","","","","","","","","","",""
"LNK52SKB","bookSection","2019","Day, John W.; Ramachandran, Ramesh; Giosan, Liviu; Syvitski, James; Kemp, G. Paul","Chapter 9 - Delta Winners and Losers in the Anthropocene","Coasts and Estuaries","978-0-12-814003-1","","https://doi.org/10.1016/B978-0-12-814003-1.00009-5","https://www.sciencedirect.com/science/article/pii/B9780128140031000095","Deltas are the most productive and economically important global ecosystems, associated with some of the largest coastal marine fisheries and the majority of global coastal wetlands. They are often regions of intense economic activity. Because of their ecological richness, deltas support the highest values of ecosystem goods and services in the world. We synthesize information presented on deltas in this book and elsewhere and discuss how individual deltas will fare given the given global megatrends of the 21st century. Deltas formed over the past several thousand years after sea level stabilization following the end of the last glacial epoch during a period of relatively stable sea level, predictable and regular input from drainage basins, and a high degree of interaction within its hinterland, drainage basins, river channels, the deltaic plain, and the coastal ocean. The functioning and sustainability of deltas depend on regular and episodic, external and internal, inputs of energy and materials that produce benefits over different spatial and temporal scales. Deltas are among the most threatened coastal ecosystems because human impacts have fundamentally changed the environmental setting of deltas. Deltaic sustainability can be considered from geomorphic, ecological, and economic perspectives. Here we build on earlier work to examine the sustainability of a subset of deltas presented in this book. Roughly running from less to more sustainable are deltas in arid environments, deltas with highly energy-intensive management and flood defense systems, deltas with significant areas below sea level, arctic deltas, tropical and subtropical deltas with growing human impact, deltas with relatively low energy management, and tropical deltas with relatively low human impact and high freshwater input. Using the database and approach of Giosan and colleagues, we consider the sustainability trajectory of individual delta given their ability to survive sea level with changing sediment input and environmental setting. Deltas with increasing aridity will likely cease to function as deltaic systems. Large deltas with sufficient freshwater input will lose wetlands and become dominated by large expanses of shallow water in a process of estuarization.","2019","2026-05-02 15:49:21","2026-05-02 15:49:21","","149-165","","","","","","","","","","","Elsevier","","","","","","","","","","","","","Climate impact on deltas; Delta sustainability; Estuarization; Human impact on deltas","","Wolanski, Eric; Day, John W.; Elliott, Michael; Ramachandran, Ramesh","","","","","","","","","","","","","","","","","","","","","","","","","","","","","","","","","","","","","","","","","","","","",""
"733KKUG9","bookSection","2021","Ji, Yan; Gao, Kunshan","Chapter Two - Effects of climate change factors on marine macroalgae: A review","","","0065-2881","https://doi.org/10.1016/bs.amb.2020.11.001","https://www.sciencedirect.com/science/article/pii/S0065288120300602","Marine macroalgae, the main primary producers in coastal waters, play important roles in the fishery industry and global carbon cycles. With progressive ocean global changes, however, they are increasingly exposed to enhanced levels of multiple environmental drivers, such as ocean acidification, warming, heatwaves, UV radiation and deoxygenation. While most macroalgae have developed physiological strategies against variations of these drivers, their eco-physiological responses to each or combinations of the drivers differ spatiotemporally and species-specifically. Many freshwater macroalgae are tolerant of pH drop and its diel fluctuations and capable of acclimating to changes in carbonate chemistry. However, calcifying species, such as coralline algae, are very sensitive to acidification of seawater, which reduces their calcification, and additionally, temperature rise and UV further decrease their physiological performance. Except for these calcifying species, both economically important and harmful macroalgae can benefit from elevated CO2 concentrations and moderate temperature rise, which might be responsible for increasing events of harmful macroalgal blooms including green macroalgal blooms caused by Ulva spp. and golden tides caused by Sargassum spp. Upper intertidal macroalgae, especially those tolerant of dehydration during low tide, increase their photosynthesis under elevated CO2 concentrations during the initial dehydration period, however, these species might be endangered by heatwaves, which can expose them to high temperature levels above their thermal windows' upper limit. On the other hand, since macroalgae are distributed in shallow waters, they are inevitably exposed to solar UV radiation. The effects of UV radiation, depending on weather conditions and species, can be harmful as well as beneficial to many species. Moderate levels of UV-A (315–400nm) can enhance photosynthesis of green, brown and red algae, while UV-B (280–315nm) mainly show inhibitory impacts. Although little has been documented on the combined effects of elevated CO2, temperature or heatwaves with UV radiation, exposures to heatwaves during midday under high levels of UV radiation can be detrimental to most species, especially to their microscopic stages which are less tolerant of climate change induced stress. In parallel, reduced availability of dissolved O2 in coastal water along with eutrophication might favour the macroalgae's carboxylation process by suppressing their oxygenation or photorespiration. In this review, we analyse effects of climate change-relevant drivers individually and/or jointly on different macroalgal groups and different life cycle stages based on the literatures surveyed, and provide perspectives for future studies.","2021","2026-05-02 15:49:21","2026-05-02 15:49:21","","91-136","","","88","","","","Advances in Marine Biology","","","","Academic Press","","","","","","","","","","","","","Macroalgae; Temperature; CO; Deoxygenation; Heatwaves; Ocean acidification; Ultraviolet radiation; UV","","Sheppard, Charles","","","","","","","","","","","","","","","","","","","","","","","","","","","","","","","","","","","","","","","","","","","","",""
"DFGPUQUB","journalArticle","2012","Afonso, Pedro; Graça, Gonçalo; Berke, Gregory; Fontes, Jorge","First observations on seamount habitat use of blackspot seabream (Pagellus bogaraveo) using acoustic telemetry","Journal of Experimental Marine Biology and Ecology","","0022-0981","https://doi.org/10.1016/j.jembe.2012.08.003","https://www.sciencedirect.com/science/article/pii/S0022098112003085","The application of the “ecosystem approach” to fisheries management demands knowledge of the patterns of habitat use of target species but in the case of seamounts, this information is still very limited or, for most species, simply unavailable. Novel approaches, such as the use of acoustic biotelemetry in deep sea environments can potentially elucidate the spatial behaviour of seamount associated fishes. We tested the use of passive acoustic telemetry to study the residency of sub-adult and adult blackspot seabream (Pagellus bogaraveo) at the Condor seamount, Azores, mid-north Atlantic. Twenty‐eight fish tagged with acoustic transmitters were monitored by two receivers moored at the summit of the seamount (ca. 200m depth) over two and a half years. Twenty‐two of these fish were detected by the receivers but only twelve fish (43%) were detected beyond the two initial days after release. This sub-group of fish was detected at the seamount summit for an average 25% of the days monitored and up to 829days, with a predicted 50% chance of detection at the seamount 278days after release. While at the summit, fish were typically site attached to one side of the seamount summit, particularly at night. Our data indicate that 1) there is high individual variability in the residency at the seamount, ranging from short interspersed visits to year-long residency and 2) the fine-scale movements of blackspot seabream at the Condor seamount could well be characterised by horizontal displacements smaller than previously thought and by frequent diel vertical migrations. This work demonstrates the great potential of acoustic telemetry as a tool to study the habitat use of seamount fishes and to provide information relevant for the spatial management and conservation of these species and habitats. Concurrently, it also highlights the problems and methodological challenges with post-release mortality, particularly in larger individuals, and appropriate receiver coverage, that need to be addressed in future studies.","2012","2026-05-02 15:49:22","2026-05-02 15:49:22","","1-10","","","436-437","","","","","","","","","","","","","","","","","","","","","Deepwater telemetry; Seamounts; Site fidelity","","","","","","","","","","","","","","","","","","","","","","","","","","","","","","","","","","","","","","","","","","","","","","",""
"6JR7GTJC","journalArticle","2008","Bishop, J. M.; Ye, Y.; Alsaffar, A. H.; Al-Foudari, H. M.; Al-Jazzaf, S.","Diurnal and nocturnal catchability of Kuwait's commercial shrimps","Fisheries Research","","0165-7836","https://doi.org/10.1016/j.fishres.2008.06.020","https://www.sciencedirect.com/science/article/pii/S0165783608001963","In descending order of importance, the shrimps Penaeus semisulcatus De Haan, 1844; Metapenaeus affinis (H. Milne-Edwards, 1837); and Parapenaeopsis stylifera (H. Milne-Edwards, 1837) account for over 95% of Kuwait's commercial landings. Throughout its range, P. semisulcatus is nocturnal, but Kuwait trawlers are active 24h a day during season. Historically, all scientific shrimp surveys in Kuwait have been conducted during daylight because of regional security concerns. In order to more accurately assess shrimp stocks using survey data, comparative trawl tows were conducted during day and night from March 1999 through December 2000. Monthly catches from one to four different stations were standardized to catches (kg and no.) per net hour at 3.3 knots. Catch rates of eight shrimp species (P. semisulcatus, M. affinis, P. stylifera, Metapenaeus stebbingi Nobili, 1904, Metapenaeopsis stridulans (Alcock, 1905), Megodris granulosus (Haswell, 1879), Trachysalambria curvirostris (Stimpson, 1860), and Solenocera crassicornis (H. Milne-Edwards, 1837) and fish by-catch were analyzed using generalized linear models and tested for significant differences for timing (day vs. night), month, year, region, time×month, time×year, time×region, month×year, month×region, and year×region. Of the 80 comparisons (8 species×10 variables) for mass and numbers, significant differences were similar for all but 15 comparisons. Significantly higher catch rates (kg or no. neth−1@3.3 knots) during night than during day were found for P. semisulcatus (3.705 vs. 3.198kg), M. affinis (1.420 vs. 1.077kg; 135 vs. 95 no.), M. stridulans (0.420 vs. 0.050kg; 143 vs. 14 no.), M. granulosus (0.437 vs. 0.018kg; 125 vs. 8 no.), T. curvirostris (0.082 vs. <0.001kg; 21 vs. 0 no.), S. crassicornis (0.007 vs. 0.003kg; 1.4 vs. 0.8 no.). Significant differences also occurred between years for P. stylifera (2000>1999), M. granulosus (1999>2000), and S. crassicornis (2000>1999). Monthly and regional differences occurred for five or six of the eight species, depending on mass or no., reflecting recruitment patterns, fishing season, and distance from the Shatt Al-Arab. These differences are believed to be influenced by a combination of water turbidity and predation pressure. With the damming of the Tigris and Euphrates Rivers in Turkey, the silt load as well as water volume discharges of the Shatt Al-Arab will decrease. Consequently, future studies of shrimps’ diel behavior may find changes from the results presented here.","2008","2026-05-02 15:49:22","2026-05-02 15:49:22","","58-72","","1","94","","","","","","","","","","","","","","","","","","","","","Arabian Gulf; By-catch; Shrimp fisheries","","","","","","","","","","","","","","","","","","","","","","","","","","","","","","","","","","","","","","","","","","","","","","",""
"8HPCS8GB","journalArticle","2020","Eriksen, Elena; Benzik, Aleksander N.; Dolgov, Andrey V.; Skjoldal, Hein Rune; Vihtakari, Mikko; Johannesen, Edda; Prokhorova, Tatiana A.; Keulder-Stenevik, Felicia; Prokopchuk, Irina; Strand, Espen","Diet and trophic structure of fishes in the Barents Sea: The Norwegian-Russian program “Year of stomachs” 2015 – Establishing a baseline","Progress in Oceanography","","0079-6611","https://doi.org/10.1016/j.pocean.2019.102262","https://www.sciencedirect.com/science/article/pii/S0079661119304422","There is a long history of investigations of fish diet in the Barents Sea. The focus has been on commercially important fish species and their food consumption, while diet and interactions of other fishes have been studied only sporadically. In 2015, a large-scale stomach sampling program was carried out for fish species caught on routine monitoring surveys in the Barents Sea during different seasons of the year, supplemented with samples collected from Russian commercial fisheries. A total of 27,657 stomachs from 70 fish species (including two genera) were analysed, providing a baseline on fish diet in the Barents Sea which can serve as a reference for future studies related to climate change. We summarize methodological aspects and diet composition for the studied species. Cluster analysis grouped the fishes in nine trophic groups based on similarities in diet among fish species, while principal component analyses revealed the position of the species and trophic groups along axes reflecting degrees of piscivory, planktivory, and benthivory. The three most distinctly separated groups were piscivores, a group of benthivores feeding on polychaetes, and planktivores feeding on small crustaceans. The latter could be further split into two groups: fishes of Atlantic origin feeding on copepods and euphausiids, and fishes of Arctic origin feeding on hyperiid amphipods. Warming in the Barents Sea were associated with redistribution of water masses, species and increasing biomass of krill and jellyfish. A boreal Meganyctiphanes norvegica, not observed in the northern Barents Sea before, were found in diet of three Arctic fishes (2% of stomachs only). Gelatinous plankton, mainly Ctenophora, were observed in the diet of 1430 individuals from 15 fish species, including two species which have not been reported to eat gelatinous plankton in the Barents Sea before. This work updates our knowledge about trophic structure and interactions in the Barents Sea, providing a baseline for further investigations.","2020","2026-05-02 15:49:22","2026-05-02 15:49:22","","102262","","","183","","","","","","","","","","","","","","","","","","","","","Trophic interactions; Fish diet; Food-web; The Barents Sea; Warming","","","","","","","","","","","","","","","","","","","","","","","","","","","","","","","","","","","","","","","","","","","","","","",""
"HLHPH8F5","journalArticle","2021","Errickson, Lauren B.; Horikawa, Helena Silva; Hallman, William K.; Hanna, Mark","O38 How Seafood Says “Sustainable”: A Content Analysis of Retail Package Labels","Journal of Nutrition Education and Behavior","","1499-4046","https://doi.org/10.1016/j.jneb.2021.04.047","https://www.sciencedirect.com/science/article/pii/S1499404621001743","Background When harvested or raised within sustainable systems, products of domestic fisheries and aquaculture offer healthy, affordable seafood choices with minimal environmental impact that can help Americans meet dietary guidelines for seafood intake. However, some consumers hesitate to purchase seafood products, associating them with negative environmental impact, and adherence to intake recommendations remains low. Consistent sustainability labeling on seafood products could better signal environmental responsibility and encourage consumers toward increased intake. Objective To characterize label attributes indicative of sustainability on seafood packages. Study Design, Setting, Participants A content analysis of seafood package labels was conducted using the Label Insight product database. Characterized attributes included 320 terms and certifications documented on packages. From over 400,000 food products, 2,200 seafood packages were selected for inclusion based on type: salmon (n = 730), shrimp (n = 1,387), and oysters (n = 83). Mixed dishes were excluded. Measurable Outcome/Analysis Four trained coders characterized label attributes according to a priori themes, including sustainability. Total usage frequencies of sustainability-related labels, and frequencies of specific terms and certifications, were determined for each seafood type. Pearson chi-square analyses were conducted to evaluate statistical associations between seafood type and sustainability labeling practices. Results Thirty-eight attributes (11.9%) were coded as sustainability labels. Overall, more salmon (47.9%) and shrimp (47.6%) packages displayed sustainability labels than did oysters (26.5%), (χ2 (2, N = 2,200) = 14.443, P = 0.001). Specific terms used varied by seafood type. Salmon (41.6%) and oyster (26.5%) packages displaying sustainability labels most frequently utilized unstandardized “environmental” terms, whereas shrimp packages (36%) most often displayed a third-party sustainability certification label. Lesser-used terms included planet friendly, responsibly produced, and responsibly caught. Conclusion While encouraging that nearly half the evaluated salmon and shrimp packages reference sustainability, use of terminology and certifications across and within seafood types is inconsistent. Future studies might investigate whether more frequent use of standardized sustainability labels measurably increases seafood purchase and consumption.","2021","2026-05-02 15:49:22","2026-05-02 15:49:22","","S18","","7, Supplement","53","","","","","","","","","","","","","","","","","","","","","","","","","","","","","","","","","","","","","","","","","","","","","","","","","","","","","","","","","","","","","","","","","","","",""
"H6SCF8YT","journalArticle","2013","Park, Tae Gyu; Lim, Weol Ae; Park, Young Tae; Lee, Chang Kyu; Jeong, Hae Jin","Economic impact, management and mitigation of red tides in Korea","Harmful Algae","","1568-9883","https://doi.org/10.1016/j.hal.2013.10.012","https://www.sciencedirect.com/science/article/pii/S1568988313001534","Over the past three decades, a total of USD $121 million in economic losses (fish/shellfish kills) has occurred in the Korean aquaculture industry due to harmful algal blooms (HABs). Paralytic shellfish poisoning (PSP) has also been noted almost every year, closing shellfish farms, and 46 people were poisoned including five people killed by consuming wild mussels. Since 1980, PSP has been officially monitored and managed, and the nationwide control of fish/shellfish kills by HAB species began in 1995. Management and control strategies include both precautionary and emergency measures. Precautionary management includes establishing an observation network and prediction system, an early warning system, and mitigating damage to aquafarms. Along with regular HAB monitoring including species, chlorophyll a, and associated water quality and meteorological parameters, automatic HAB alarm systems equipped with chlorophyll a and turbidity sensors are used in aquafarms as early HAB warnings. Emergency management is essential after a HAB outbreak to prevent fisheries damage. This method includes supplying oxygen to fish, stopping feeding, transferring fish to a safe area, and clay dispersal. Clay dispersion is the prime mitigation technique for HABs in Korea, because clay is natural, nontoxic, inexpensive, and easy to use in field operations. Clay is dispersed over the sea surface using a clay dispensing device to efficiently remove HABs. A third generation (3G) clay dispenser has been developed recently, combining an electrolytic water generator and a clay dispenser, significantly reducing the amount of clay used, resulting in high removal efficiencies. Since using this device, the economic losses from HAB fish kills have dropped >80% in Korea, although the frequency of HABs has increased since 1980. Clay is a natural component, but using too much clay may cause negative impacts on marine organisms and environments. In addition, clay dispersal is not an effective method to control poisoning of fish/shellfish from algal toxins that accumulate in fish and shellfish at low density toxic blooms. Future studies of HAB control should include control of HABs using minimum amounts of clay and practical use of biological control agents.","2013","2026-05-02 15:49:22","2026-05-02 15:49:22","","S131-S143","","","30","","","","","","","","","","","","","","","","","","","","","Clay; Fish kills; Harmful algal blooms (HABs); Paralytic shellfish poisoning (PSP); Red tide","","","","","","","","","","","","","","","","","","","","","","","","","","","","","","","","","","","","","","","","","","","","","","",""
"PLW5CQUV","journalArticle","2005","Brown, Eloise J.; Finney, Bruce; Dommisse, Michaela; Hills, Sue","Effects of commercial otter trawling on the physical environment of the southeastern Bering Sea","Continental Shelf Research","","0278-4343","https://doi.org/10.1016/j.csr.2004.12.005","https://www.sciencedirect.com/science/article/pii/S0278434304003292","The effects of commercial bottom trawling on the physical environment were investigated in a sandy habitat at ∼26-m water depth in the southeastern Bering Sea. We compared an area closed to trawling for 10 years with an adjacent commercial fishery area, examined the immediate effects of experimental trawling on sediment properties, and compared bottom trawling to natural disturbance by waves. The sediments in the top 3cm of the fished area were slightly better sorted, less variable, and contained fewer fine grains than those of the closed area. Relative to controls, no shift in means was detected immediately after experimental trawling, but significant increases in variability occurred for several grain size and organic matter parameters. Wave disturbance to the study area was persistent and of greater magnitude than disturbance associated with commercial trawling. However, the trawl season occurred at a time of year when sediment resuspension by waves was diminished. Previous work suggested that such trawling-related factors have important biological consequences and account for the different benthic communities observed between trawled and closed areas. Given the physical setting, it is difficult to explain our subtle but significant results by purely physical processes. We hypothesize that the differences in sediment characteristics could result from a biological feedback process, where trawling results in different communities which in turn result in different sediment mixing and bioturbation rates, thereby influencing grain size parameters and labile carbon distributions. Functional differences in the benthic communities are consistent with the observed differences in sedimentary characteristics. This study is unique in identifying potential trawling effects in sandy high-energy environments, and suggests that interactions between physical and biological processes should be addressed in future studies.","2005","2026-05-02 15:49:22","2026-05-02 15:49:22","","1281-1301","","10","25","","","","","","","","","","","","","","","","","","","","","Alaska; Bering Sea; Bioturbation; Bottom trawling; Disturbance; Sandy habitat; Sediment resuspension; USA","","","","","","","","","","","","","","","","","","","","","","","","","","","","","","","","","","","","","","","","","","","","","","",""
"3D6J6CF9","journalArticle","2016","Wang, Kailai; Espinosa, Emmanuelle Pales; Tanguy, Arnaud; Allam, Bassem","Alterations of the immune transcriptome in resistant and susceptible hard clams (Mercenaria mercenaria) in response to Quahog Parasite Unknown (QPX) and temperature","Fish & Shellfish Immunology","","1050-4648","https://doi.org/10.1016/j.fsi.2015.12.006","https://www.sciencedirect.com/science/article/pii/S1050464815302631","Quahog Parasite Unknown (QPX) is a fatal protistan parasite that causes severe losses in the hard clam (Mercenaria mercenaria) fisheries along the northeastern coast of the US. Field and laboratory studies of QPX disease have demonstrated a major role for water temperature and M. mercenaria genetic origin in disease development. Infections are more likely to occur at cold temperatures, with clam stocks originating from southern states being more susceptible than clams from northern origin where disease is enzootic. Even though the influence of temperature on QPX infection have been examined in susceptible and resistant M. mercenaria at physiological and cellular scales, the underlying molecular mechanisms associated with host–pathogen interactions remain largely unknown. This study was carried out to explore the molecular changes in M. mercenaria in response to temperature and QPX infection on the transcriptomic level, and also to compare molecular responses between susceptible and resistant clam stocks. A M. mercenaria oligoarray (15 K Agilent) platform was produced based on our previously generated transcriptomic data and was used to compare gene expression profiles in naive and QPX-infected susceptible (Florida stock) and resistant (Massachusetts) clams maintained at temperatures favoring disease development (13 °C) or clam healing (21 °C). In addition, transcriptomic changes reflecting focal (the site of infection, mantle) and systemic (circulating hemocytes) responses were also assessed using the oligoarray platform. Results revealed significant regulation of multiple biological pathways by temperature and QPX infection, mainly associated with immune recognition, microbial killing, protein synthesis, oxidative protection and metabolism. Alterations were widely systemic with most changes in gene expression revealed in hemocytes, highlighting the role of circulating hemocytes as the first line of defense against pathogenic stress. A large number of complement-related recognition molecules with fibrinogen or C1q domains were shown to be specially induced following QPX challenge, and the expression of these molecules was significantly higher in resistant clams as compared to susceptible ones. These highly variable immune proteins may be potent candidate molecular markers for future study of M. mercenaria resistance against QPX. Beyond the specific case of clam response to QPX, this study also provides insights into the primitive complement-like system in the hard clam.","2016","2026-05-02 15:49:22","2026-05-02 15:49:22","","163-176","","","49","","","","","","","","","","","","","","","","","","","","","Temperature; Gene expression; Hard clam; Immunity; Microarray; QPX","","","","","","","","","","","","","","","","","","","","","","","","","","","","","","","","","","","","","","","","","","","","","","",""
"DBUN36G8","journalArticle","2013","Grilo, T. F.; Cardoso, P. G.; Pato, P.; Duarte, A. C.; Pardal, M. A.","Organochlorine accumulation on a highly consumed bivalve (Scrobicularia plana) and its main implications for human health","Science of The Total Environment","","0048-9697","https://doi.org/10.1016/j.scitotenv.2013.04.096","https://www.sciencedirect.com/science/article/pii/S0048969713005378","Contamination by polychlorinated biphenyls (PCBs) and hexachlorobenzene (HCB) was investigated along a spatial gradient in water, sediments and in commercially important bivalve species Scrobicularia plana, from Ria de Aveiro (Portugal). Organochlorines dissolved in water were below detection limit and concerning suspended particulate matter, only PCBs were quantified, ranging from 3.8 to 5.8ng∙g−1 DW (Σ13PCBs). There was a distinct spatial gradient regarding PCB accumulation in sediments. The highest concentrations were found in deeper layers and closest to the pollution source, decreasing gradually along a 3km area. Contamination in sediments exceeded the Canadian and Norwegian sediment quality guidelines, inducing potential toxic effects in related biota. PCBs tended to bioaccumulate throughout S. plana lifespan but with different annual rates along the spatial gradient. The maximum values were found in older individuals up to 3+ years old, reaching 19.4ng∙g−1 DW. HCB concentrations were residual and no bioaccumulation pattern was evident. Congeners 138, 153 and 180 were the most accumulated due to their abundance and long-term persistence in the environment. In the inner area of the Laranjo Bay (0.6km2), the species was able to remove up to 0.4g of PCBs annually from sediments into their own tissues, which is consequently free for trophic transfer (biomagnification). Concerning human health, and despite the high concentrations found in sediments, PCB levels in bivalves do not exceed the limit established by the European Union for fishery products and are largely below tolerable daily intake. Although PCBs in Scrobicularia plana are present at low levels, their impact to human health after consumption over many years might be harmful and should be monitored in future studies.","2013","2026-05-02 15:49:22","2026-05-02 15:49:22","","188-197","","","461-462","","","","","","","","","","","","","","","","","","","","","Human health; Bioaccumulation; PCBs; HCB; Trophic transfer","","","","","","","","","","","","","","","","","","","","","","","","","","","","","","","","","","","","","","","","","","","","","","",""
"QX8XW875","journalArticle","2012","Roomen, Marc van; Laursen, Karsten; Turnhout, Chris van; Winden, Erik van; Blew, Jan; Eskildsen, Kai; Günther, Klaus; Hälterlein, Bernd; Kleefstra, Romke; Potel, Petra; Schrader, Stefan; Luerssen, Gerold; Ens, Bruno J.","Signals from the Wadden sea: Population declines dominate among waterbirds depending on intertidal mudflats","Ocean & Coastal Management","","0964-5691","https://doi.org/10.1016/j.ocecoaman.2012.04.004","https://www.sciencedirect.com/science/article/pii/S0964569112000737","The Wadden Sea, shared by Denmark, Germany and the Netherlands, is one of the world's largest intertidal wetlands. Waterbirds are an important element of the Wadden Sea ecosystem. By their migratory behaviour they connect the Wadden Sea with other sites, ranging from the arctic to the western seaboards of Europe and Africa, forming the East-Atlantic Flyway. The Joint Monitoring of Migratory Birds (JMMB) project of the Trilateral Monitoring and Assessment Program (TMAP) follows the changes in population size within the Wadden Sea. In this paper we describe and analyse population trends over the years 1991–2009 for 22 waterbird species using the Wadden Sea in internationally important numbers and depending on intertidal mudflats. Population declines predominated in this 18-year period. More populations decreased in Schleswig-Holstein and Niedersachsen than in The Netherlands and Denmark. This is the case particularly for species feeding on polychaetes. In contrast, waterbirds feeding on bivalves are in decline in all regions except Denmark. On the finer spatial scale of tidal basins, these patterns in trends are still apparent, although much variation in trend directions exists within the Dutch Wadden Sea, especially in bivalve specialists. For those species for which we could compare the trend in the Wadden Sea with the trend of their entire flyway population, we found that the former were more negative. This finding and the contrasting trends between regions and tidal basins within the Wadden Sea suggest that causes of the population changes are to be sought within the Wadden Sea itself. These causes, which may act in combination, could be related to factors operating within the Wadden Sea only or with factors operating on a larger scale but having an intensified or differentiated effect within the Wadden Sea. Interestingly, the Wadden Sea regions where negative trends of benthivorous waterbirds predominate are characterized by a large tidal amplitude, whereas areas where bird numbers have generally increased are characterized by a small tidal amplitude. An inventory of possible causes indicated climate change, eutrophication, shellfish fisheries, invasive species and increasing numbers of avian predators as the most important candidates to be investigated further to explain the observed trends.","2012","2026-05-02 15:49:42","2026-05-02 15:49:42","","79-88","","","68","","","","","","","","","","","","","","","","","","","","","","","","","","","","","","","","","","","","","","","","","","","","","","","","","","","","","","","","","","","","","","","","","","","",""
"FDVEGEH2","journalArticle","2020","Rohonczy, Jillian; Cott, Peter A.; Benwell, Amanda; Forbes, Mark R.; Robinson, Stacey A.; Rosabal, Maikel; Amyot, Marc; Chételat, John","Trophic structure and mercury transfer in the subarctic fish community of Great Slave Lake, Northwest Territories, Canada","Journal of Great Lakes Research","","0380-1330","https://doi.org/10.1016/j.jglr.2019.12.009","https://www.sciencedirect.com/science/article/pii/S0380133019302448","In recent decades, mercury concentrations have increased in fish of Great Slave Lake (GSL), a subarctic great lake in northern Canada with important recreational, subsistence, and commercial fisheries. This study characterized habitat use and trophic position of common fish species in GSL near the City of Yellowknife (Northwest Territories, Canada), measured mercury concentrations in water and in taxa from lower trophic levels of the food web, and examined trophic and biological influences on mercury concentrations within and among fish species. Northern pike (Exos lucius) and lake whitefish (Coregonus clupeformis) fed predominantly nearshore, cisco (Coregonus artedi) and longnose sucker (Catostomus catostomus) fed predominantly offshore, and burbot (Lota lota) fed roughly equally in both habitats. Habitat-specific feeding did not influence mercury bioaccumulation in fish, in contrast with published studies of smaller lakes. Water concentrations of total mercury and methylmercury were low and showed little spatial variation among sites or depths. Zooplankton (>200 μm) had similarly low methylmercury concentrations as littoral and profundal amphipods, suggesting little habitat-variation of mercury exposure near the base of the food web. Age, size, and trophic position were significant explanatory variables for muscle total mercury concentrations within populations of fish species. Among fish species, size and trophic position explained 80% of the variation in muscle total mercury concentrations. This study generated the most comprehensive dataset to date on mercury bioaccumulation in the food web of GSL, which will serve as a baseline for future studies of this great lake.","2020","2026-05-02 15:49:42","2026-05-02 15:49:42","","402-413","","2","46","","","","","","","","","","","","","","","","","","","","","Stable isotopes; Mercury; Foraging behaviour; Arctic; Food web; Great lake","","","","","","","","","","","","","","","","","","","","","","","","","","","","","","","","","","","","","","","","","","","","","","",""
"5T4HTTFI","journalArticle","2021","Cai, Cassia; Kwon, Young-Oh; Chen, Zhuomin; Fratantoni, Paula","Mixed layer depth climatology over the northeast U.S. continental shelf (1993–2018)","Continental Shelf Research","","0278-4343","https://doi.org/10.1016/j.csr.2021.104611","https://www.sciencedirect.com/science/article/pii/S0278434321002661","The Northeast U.S. (NEUS) continental shelf has experienced rapid warming in recent decades. Over the NEUS continental shelf, the circulation and annual cycle of heating and cooling lead to local variability of water properties. The mixed layer depth (MLD) is a key factor that determines the amount of upper ocean warming. A detailed description of the MLD, particularly its seasonal cycle and spatial patterns, has not been developed for the NEUS continental shelf. We compute the MLD using an observational dataset from the Northeast Fisheries Science Center hydrographic monitoring program. The MLD exhibits clear seasonal cycles across five eco-regions on the NEUS continental shelf, with maxima in January–March and minima in July or August. The seasonal cycle is largest in the western Gulf of Maine (71.9 ± 24.4 m), and smallest in the southern Mid-Atlantic Bight (34.0 ± 7.3 m). Spatial variations are seasonally dependent, with greatest homogeneity in summer. Interannual variability dominates long-term linear trends in most regions and seasons. To evaluate the sensitivity of our results, we compare the MLDs calculated using a 0.03 kg/m3 density threshold with those using a 0.2 °C temperature threshold. Temperature-based MLDs are generally consistent with density-based MLDs, although a small number of temperature-based MLDs are biased deep compared to density-based MLDs particularly in spring and fall. Finally, we compare observational MLDs to the MLDs from a high-resolution ocean reanalysis GLORYS12V1. While the mean values of GLORYS12V1 MLDs compare well with the observed MLDs, their interannual variability are not highly correlated, particularly in summer. These results can be a starting point for future studies on the drivers of temporal and spatial MLD variability on the NEUS continental shelf.","2021","2026-05-02 15:49:42","2026-05-02 15:49:42","","104611","","","231","","","","","","","","","","","","","","","","","","","","","Climatology; Mixed layer depth; Northeast U.S. continental shelf","","","","","","","","","","","","","","","","","","","","","","","","","","","","","","","","","","","","","","","","","","","","","","",""
"VK9Q7XMS","journalArticle","2021","González-Roca, Fernando; Gelcich, Stefan; Pérez-Ruzafa, Ángel; Vega, J. M. Alonso; Vásquez, Julio A.","Exploring the role of access regimes over an economically important intertidal kelp species","Ocean & Coastal Management","","0964-5691","https://doi.org/10.1016/j.ocecoaman.2021.105811","https://www.sciencedirect.com/science/article/pii/S0964569121002945","Achieving sustainable use of kelps is key for small-scale fishers’ livelihoods and biodiversity. During the last three decades, Chile has implemented different policy approaches to manage kelps. Unfortunately, assessments of the biological impacts of these management regimes have not received the attention they deserve. In this study, we explore biomass, density, size structure and holdfast diameter/stipe length relation of the kelp Lessonia spp., associated to a territorial user rights policy, which grant exclusive access to fishers, and a regional management plan policy which defines control rules in what were historically de facto open access areas. We compare these with marine protected areas where harvesting is banned, thus serving as a benchmark. The study was performed along the coast of two of the main kelp harvesting regions of Chile. The analyses, performed in two time periods, shows that biomass is greater inside areas managed through territorial user rights and in marine protected areas compared to areas where regional management plans have been implemented, which perform in a similar way to open access sites. Enforcement is a key driver of kelp response. Densities of recruits and juveniles are higher in areas where harvesting and gathering are allowed, whilst adult plants have higher density in marine protected areas. In all cases, kelps have become denser after eleven years. The holdfast diameter/stipe length relation provides an indicator of protection efficiency: stricter regulatory measures are related to larger holdfast diameters and shorter stipes. We conclude that, in general, territorial user rights policies and marine protected areas have contributed to the conservation of wild intertidal Lessonia populations. Results highlight the potential of the regional management plans policy to improve kelp management, but it will probably need important adjustments to enhance enforcement and compliance. In addition management innovations such as rotational harvest strategies could provide an important complement which should be further assessed.","2021","2026-05-02 15:49:42","2026-05-02 15:49:42","","105811","","","212","","","","","","","","","","","","","","","","","","","","","Artisanal fisheries; Management; Conservation policies; Enforcement; Kelp harvesting","","","","","","","","","","","","","","","","","","","","","","","","","","","","","","","","","","","","","","","","","","","","","","",""
"3SVDMLSH","journalArticle","2021","Castro, Nuno; Romão, Filipe; Castro, João J.; Pereira, Tadeu José; Pedro, Sílvia; Viegas, Vera; Costa, José Lino","Catches, sales and discards: Small-scale fisheries in a Portuguese Marine park","Regional Studies in Marine Science","","2352-4855","https://doi.org/10.1016/j.rsma.2021.101643","https://www.sciencedirect.com/science/article/pii/S2352485521000359","The natural park “Parque Natural do Sudoeste Alentejano e Costa Vicentina” (PNSACV; SW coast of continental Portugal) includes a recently implemented marine protected area of 2 km along its coast, where important, although not quantified, small-scale commercial fisheries are carried out. Conservation measures were implemented since 2011. The present study aimed to estimate the fishing effort, catches, discards and seasonality of the small commercial fleet in the northern part of PNSACV. A total of 32 fishing vessels were selected and their activity was monitored between 2011 and 2013. Fortnight interviews were made to the captains of those vessels (n= 435) together with on board observations (n= 89). The data obtained allowed to estimate a total of 100 commercial fishing vessels operating in the study area. Longlines, bottom-traps and gill/trammel nets were the most frequent fishing gears used. Over the studied period, fishing effort was more intense in the warmer season, from April to September. It was estimated that the annual fish and shellfish catches in the study area reached about 564 t, including 465 t of sales and 99 t of discards. Main species caught were Octopus vulgaris (65%), Conger conger (12%), Argyrosomus regius (2%) and Diplodus sargus (1%). Main species discarded were O. vulgaris (45%) and C. conger (39%), mainly due to its small size. The present pioneer work will serve as a benchmark for future studies concerning the evolution of the PNSACV and phenomena reflecting the implementation of the MPAs. Further studies should be conducted to implement legislation adjustments to improve fisheries management in PNSACV.","2021","2026-05-02 15:49:42","2026-05-02 15:49:42","","101643","","","42","","","","","","","","","","","","","","","","","","","","","MPA; Artisanal; Marine protected areas; Multi-gears; PNSACV; Portugal","","","","","","","","","","","","","","","","","","","","","","","","","","","","","","","","","","","","","","","","","","","","","","",""
"WMBYU7UZ","journalArticle","2020","Bean, Tim P.; Khatir, Zenaba; Lyons, Brett P.; Aerle, Ronny van; Minardi, Diana; Bignell, John P.; Smyth, David; Giraldes, Bruno Welter; Leitão, Alexandra","De novo transcriptome assembly of the Qatari pearl oyster Pinctada imbricata radiata","Marine Genomics","","1874-7787","https://doi.org/10.1016/j.margen.2019.100734","https://www.sciencedirect.com/science/article/pii/S1874778719301850","The pearl oyster Pinctada imbricata radiata is an iconic species in Qatar, representing an integral part of the nation's cultural heritage and one of the main economic foundations upon which the nation developed. During the early part of the 20th century, nearly half the Qatar population was involved in the pearl oyster industry. However, the fishery has undergone steady decline since the 1930s, and the species is now under threat due to multiple confounding pressures. This manuscript presents the first de novo transcriptome of the Qatari pearl oyster assembled into 30,739 non-redundant coding sequences and with a BUSCO completeness score of 98.4%. Analysis of the transcriptome reveals the close evolutionary distance to the conspecific animal Pinctada imbricata fucata but also highlights differences in immune genes and the presence of distinctive transposon families, suggesting recent adaptive divergence. This data is made available for all to utilise in future studies on the species.","2020","2026-05-02 15:49:42","2026-05-02 15:49:42","","100734","","","51","","","","","","","","","","","","","","","","","","","","","Bivalve; Arabian-Persian gulf; Pearl oyster; Pinctada; Transcriptome","","","","","","","","","","","","","","","","","","","","","","","","","","","","","","","","","","","","","","","","","","","","","","",""
"8ZUDZ7CA","journalArticle","2025","Araya-Lopez, Rocio; Possignham, Hugh P.; Wartman, Melissa; Macreadie, Peter I.; Costa, Micheli Duarte de Paula","Prioritizing tidal marsh restoration in grazing lands","Journal of Environmental Management","","0301-4797","https://doi.org/10.1016/j.jenvman.2025.124952","https://www.sciencedirect.com/science/article/pii/S0301479725009284","Globally, tidal marshes have been intensively grazed, leading to changes in ecosystem functioning, and consequently in the provision of ecosystem services. Fencing is a cost-effective animal exclusion measure to restore lost or damaged tidal marshes and protect upland areas for inland ecosystem migration due to sea level rise. However, limited funding and poor site selection hinder the implementation of restoration projects at meaningful scales. We applied the decision support tool Marxan to identify priority areas for 1) the restoration of collapsed tidal marshes within grazing land, and 2) the creation of new tidal marsh areas adapting to sea-level rise along the Victorian coastline in Australia. For both objectives we tested two scenarios: 1) recovering at least 30 % of multiple ecosystem services including carbon and nitrogen sequestration, enhancement of commercial and recreational fisheries, and coastal hazard mitigation, and 2) recovering at least 30 % of each individual ecosystem service at a time, while minimizing management costs for each management approach. The sensitivity of the spatial location of selected restoration sites was tested by varying the targets, including recovering 10 % and 20 % of multiple ecosystem services. The results show that fencing 26 % of collapsed tidal marsh area and fencing 22 % of future inundated areas to allow tidal marsh upland migration due to sea level rise could help recover nearly 30 % of the total supply of ecosystem services. High-priority restoration sites concentrated in two of the five Catchment Authority Management regions, West Gippsland (43 %) and Melbourne Water (36 %). Our results show the spatial distribution of restoration sites differed depending on the ecosystem services and target levels. Prioritizing restoration sites exclusively for coastal hazard mitigation delivered poor outcomes for other ecosystem services showing that there are trade-offs. High spatial variability of ecosystem services influenced spatial priorities rather than management costs, unlike many other spatial planning processes. Planners must clearly identify which ecosystem services are most important, given the spatial trade-offs between them. Due to these trade-offs, future studies should focus on refining the quantification of ecosystem services, particularly coastal hazard mitigation, and incorporate measures of site condition and opportunity costs.","2025","2026-05-02 15:49:42","2026-05-02 15:49:42","","124952","","","380","","","","","","","","","","","","","","","","","","","","","Ecosystem services; Exclusion; Fencing; Marxan; Restoration; Spatial prioritization; Tidal marsh","","","","","","","","","","","","","","","","","","","","","","","","","","","","","","","","","","","","","","","","","","","","","","",""
"9F7M8S5K","journalArticle","2025","Napathorn, Chaturong","The adoption and implementation of sustainable human resource management practices across firms: evidence from an emerging market economy in Asia","Industrial and Commercial Training","","0019-7858","https://doi.org/10.1108/ICT-06-2024-0055","https://www.sciencedirect.com/science/article/pii/S001978582500007X","Purpose This study aims to identify sustainable human resource management (HRM) practices that firms in emerging market economies (EMEs) adopt and implement to improve their financial, social and environmental performance and foster sustainability over time. Design/methodology/approach A cross-case analysis is conducted of 16 firms in diverse industries in Thailand, an EME in Asia with various societal and environmental concerns. Evidence is drawn from semi-structured interviews with top managers, HR managers and employees; virtual and onsite field visits; nonparticipant observations; and a review of archival documents and Web-based resources, including newspaper reports. Findings Sustainable HR practices to improve firms’ financial, social and environmental performance and foster sustainability over time tend to be classified into eight categories: (1) strategic HRM; (2) workforce planning, recruitment and selection; (3) training and development; (4) compensation and benefits; (5) employee relations; (6) employee safety and well-being; (7) HR information systems and metrics; and (8) diversity and equal employment opportunities. Each area consists of HR practices that reinforce one another. These HR practices can be grouped into three bundles–ability, motivation and opportunities–which foster common values. In addition, the adoption and implementation of the above sustainable HRM practices can respond to problems incurred in nations with constrained skill formation systems, health-care institutions and welfare state regimes. Research limitations/implications This study does have some limitations. First, because the study is based on 16 firms in Thailand, the findings may not be generalizable to firms in other countries. Second, the study did not include key industries, such as agriculture and fisheries. Future research could explore these industries as well. Moreover, quantitative studies using large samples of managers and employees across industries could deepen the understanding of the adoption and implementation of sustainable HR practices. Furthermore, future studies can explore how sustainable HR practices lead to personal and organizational resilience, because both types of resilience are crucial in helping firms remain viable within rapidly changing organizational contexts and pressures from various stakeholders. Practical implications This study has practical implications for top HR managers of firms in Thailand and in other EMEs. Specifically, these firms need to adopt and implement the HR practices analyzed here to sustainably achieve their financial, social and environmental goals. These HR practices, ultimately classified into three bundles, reinforce each other to encourage firm response to stakeholders. They support not only the firms but also the collective interests of society and the environment. Thus, these practices can help a country solve various societal and environmental problems and move toward achieving the sustainable development goals proposed by the United Nations and the bio-circular-green economic model. The sustainable HR practices identified also foster personal and organizational resilience so that firms can respond quickly to dynamic and uncertain environments. Social implications The paper has social and policy implications for governments and relevant public agencies in Thailand and in other EMEs, especially as they face problems related to economic and social inequality, environmental pollution and climate change. These governments need to encourage firms to adopt and implement sustainable HR practices, as such practices can help alleviate skill shortages and mismatches in the labor market, as well as problems incurred in health-care institutions and welfare state regimes. Originality/value This study contributes to HRM literature in the following ways. First, it focuses on how firms translate sustainable HRM concepts into practices. These practices are based on the perspectives of both employers and employees, whereas previous studies in strategic HRM have focused primarily on the employer perspective. In fact, formal company practices may differ from actual HR practices as perceived by employees (Khilji and Wang, 2006). In addition, the study explores the impact of national institutions of the EME of Thailand on the adoption and implementation of sustainable HRM practices aimed at improving financial, social and environmental performance and fostering sustainability over time. Finally, the author discusses the need for sustainable HRM practices in Thailand, as well as other EMEs. The literature on HRM, especially sustainable HRM, tends to overlook EMEs, such as Thailand, an under-researched country in Asia.","2025","2026-05-02 15:49:42","2026-05-02 15:49:42","","427-455","","4","57","","","","","","","","","","","","","","","","","","","","","Sustainability; BCG economy; Emerging market economy; HR bundles; Human resource management; National institutions; Training and development","","","","","","","","","","","","","","","","","","","","","","","","","","","","","","","","","","","","","","","","","","","","","","",""
"F2PQJR99","journalArticle","2020","Pecoraro, C.; Zudaire, I.; Galimberti, G.; Romeo, M.; Murua, H.; Fruciano, C.; Scherer, C.; Tinti, F.; Diaha, N. C.; Bodin, N.; Chassot, E.","When size matters: The gonads of larger female yellowfin tuna (Thunnus albacares) have different fatty acid profiles compared to smaller individuals","Fisheries Research","","0165-7836","https://doi.org/10.1016/j.fishres.2020.105726","https://www.sciencedirect.com/science/article/pii/S0165783620302435","How the size of female yellowfin tuna (Thunnus albacares) affects their spawning capability and fecundity is still an open and unresolved question due to the difficulties in investigating these complex effects in highly migratory pelagic marine fish species. However, this information is key to understanding the reproductive potential and resilience of the stock. We investigate how energetic resources are allocated for reproduction by female yellowfin tuna according to their size in the Gulf of Guinea (central-eastern Atlantic Ocean). Our results reveal that larger females have not only larger ovaries by virtue of their greater abdominal cavity, but also different fatty acid profiles in the gonads compared to smaller females, with potential effects on their spawning and recruitment patterns. This study contributes to the knowledge of size-dependent variation in female yellowfin tuna and paves the way for future studies on size-dependent effects on reproductive parameters in this species.","2020","2026-05-02 15:49:42","2026-05-02 15:49:42","","105726","","","232","","","","","","","","","","","","","","","","","","","","","Maternal effect; Reproductive potential; Tuna fishery; Yellowfin tuna","","","","","","","","","","","","","","","","","","","","","","","","","","","","","","","","","","","","","","","","","","","","","","",""
"6VYLAUYL","journalArticle","2016","Sambe, Birane; Tandstad, Merete; Caramelo, Ana Maria; Brown, Bradford E.","Variations in productivity of the Canary Current Large Marine Ecosystem and their effects on small pelagic fish stocks","Environmental Development","","2211-4645","https://doi.org/10.1016/j.envdev.2015.11.012","https://www.sciencedirect.com/science/article/pii/S2211464515300580","The Canary Current Large Marine Ecosystem (CCLME) is a Global Environmental Facility (GEF) Project, situated in the Atlantic Ocean on the North West coast of Africa. It has seven countries with a population estimate of 64.5 million and a coastline of more than 5400km with a sea area of 2 million km2 within their Exclusive Economic Zones (EEZ). This area is one of the richest productive marine ecosystems in the world and its coastal and oceanic waters are rich in biodiversity and hosts approximately 12,500 species dominated by crustaceans, mollusks and fish. The total annual value of the ecosystem services provided by the CCLME is estimated to be around U$11.7 billion. The interaction between the CCLME and seasonal change in the ocean-atmospheric dynamics drives the productivity which has a mean annual value for chlorophyll of 1.31mgchla/m3 and 372gCm2yr−1 for primary productivity, based on SeaWiFS satellite data. This productivity supports abundant fish stocks with catches up to 3 million tonnes per annum being landed from the region. Fish population are dominated by the small pelagics especially sardine (Sardina pilchardus), sardinellas (Sardinella sp.) and horse mackerels (Trachurus sp). Satellite derived measurements from 1997 to 2012 reveal a downward trend in primary production and this decline is accompanied by a net warming of the system and a decrease in the upwelling. The declining trends and variability in biomass of some main target commercial fish species observed during these last year was accompanied by significant fishing pressure together with fluctuations in environmental factors which may have been a key drivers of change. Future studies on the ocean dynamics of the CCLME system, its impact on resources, environmental interactions and climate change will have to be closely monitored to ensure effective transboundary management.","2016","2026-05-02 15:49:42","2026-05-02 15:49:42","","105-117","","","17","","","","","","","","","","","","","","","","","","","","","Ecosystem; Fisheries; Canary Current; Productivity; Small pelagics","","","","","","","","","","","","","","","","","","","","","","","","","","","","","","","","","","","","","","","","","","","","","","",""
"MZ2WI298","journalArticle","2015","Sinopoli, Mauro; Cattano, Carlo; Andaloro, Franco; Sarà, Gianluca; Butler, Christopher M.; Gristina, Michele","Influence of fish aggregating devices (FADs) on anti-predator behaviour within experimental mesocosms","Marine Environmental Research","","0141-1136","https://doi.org/10.1016/j.marenvres.2015.10.008","https://www.sciencedirect.com/science/article/pii/S0141113615300593","Commercial fishers have used fish aggregating devices throughout the Mediterranean Sea for over 40 years. These devices attract numerous predatory and forage species in both coastal and offshore environments. This study examined the influence of fish aggregating devices on schooling and aggregating behaviour by small forage fish in quasi-natural mesocosms. Anti-predator behaviour was evaluated for juvenile Caranx crysos under a variety of treatment conditions. Results suggest that, in the absence of physical structure, C. crysos first respond to a predatory threat by forming a school. When a physical structure is present, however, C. crysos show an occasional tendency to aggregate near the structure. These results suggest that a threatened prey species can change their defensive strategy against predatory behaviour. Further examination is required to explain if fish aggregating devices can increase survival rates of post-larval and juvenile prey species in the southern Mediterranean Sea. Management agencies should consider the relationship between the use of fish aggregating devices by commercial fisheries and the potential influence such devices possess on population dynamics of aggregating fish species.","2015","2026-05-02 15:49:42","2026-05-02 15:49:42","","152-159","","","112","","","","","","","","","","","","","","","","","","","","","Behaviour; Aggregation; Carangidae; FAD; Predation; Predator-prey interactions; Refuge; Schooling","","","","","","","","","","","","","","","","","","","","","","","","","","","","","","","","","","","","","","","","","","","","","","",""
"Y2A7CQDA","journalArticle","2020","Griffith, Andrew W.; Gobler, Christopher J.","Harmful algal blooms: A climate change co-stressor in marine and freshwater ecosystems","Harmful Algae","","1568-9883","https://doi.org/10.1016/j.hal.2019.03.008","https://www.sciencedirect.com/science/article/pii/S1568988319300344","Marine and freshwater ecosystems are warming, acidifying, and deoxygenating as a consequence of climate change. In parallel, the impacts of harmful algal blooms (HABs) on these ecosystems are intensifying. Many eutrophic habitats that host recurring HABs already experience thermal extremes, low dissolved oxygen, and low pH, making these locations potential sentinel sites for conditions that will become more common in larger-scale systems as climate change accelerates. While studies of the effects of HABs or individual climate change stressors on aquatic organisms have been relatively common, studies assessing their combined impacts have been rare. Those doing so have reported strong species- and strain-specific interactions between HAB species and climate change co-stressors yielding outcomes for aquatic organisms that could not have been predicted based on investigations of these factors individually. This review provides an ecological and physiological framework for considering HABs as a climate change co-stressor and considers the consequences of their combined occurrence for coastal ecosystems. This review also highlights critical gaps in our understanding of HABs as a climate change co-stressor that must be addressed in order to develop management plans that adequately protect fisheries, aquaculture, aquatic ecosystems, and human health. Ultimately, incorporating HAB species into experiments and monitoring programs where the effects of multiple climate change stressors are considered will provide a more ecologically relevant perspective of the structure and function of marine ecosystems in future, climate-altered systems.","2020","2026-05-02 15:49:42","2026-05-02 15:49:42","","101590","","","91","","","","","","","","","","","","","","","","","","","","","Harmful algae; Climate change; Ocean warming; Ocean acidification; Hypoxia","","","","","","","","","","","","","","","","","","","","","","","","","","","","","","","","","","","","","","","","","","","","","","",""
"ED7E78HH","journalArticle","2005","Pelicice, Fernando Mayer; Agostinho, Angelo Antonio","Perspectives on ornamental fisheries in the upper Paraná River floodplain, Brazil","Fisheries Research","","0165-7836","https://doi.org/10.1016/j.fishres.2004.09.005","https://www.sciencedirect.com/science/article/pii/S0165783604002322","South America has remarkable fish diversity, with many species regarded as ornamentals. Each year, ornamental fishes worth billions of dollars are traded worldwide. In Brazil, in spite of its large geographic area and many different drainage basins, the trade is restricted to the Amazon region. Considering that the ornamental potential is unknown in other basins, this work aimed to assess the potential in the last remaining floodplain of the upper Paraná River basin. Fish collections associated with the PELD-CNPq project (Site 6) from 2000 and 2001 were analyzed. Fishes were collected with gill nets and beach seines in lagoons, channels and rivers of the floodplain. To evaluate the ornamental potential, this analysis categorized all taxa recorded as: (i) ornamental, (ii) potentially ornamental, (iii) lawful, and (iv) suggested lawful. A total of 101 taxa were captured, with 40.6% cited as ornamental in the literature and an additional 42.6% are considered as potentially ornamental. Of these taxa, Brazilian legislation restricts the trade to only 10 species, mainly small Characiformes, which are abundant in many lagoons and already well known in the market. CPUE and density catches differed among environments, with higher values for ornamental and lawful taxa observed in lagoons. Some isolated lagoons showed extremely high lawful fish densities (over 3000ind./100m2). Considering our results, the upper Paraná River floodplain has great potential for ornamental fisheries. The ornamental fishery could be a new economic alternative to help alleviate the social poverty found in many cities along the Paraná River. Due to the proximity of the floodplain to larger cities such as Maringá and Paranavaí, establishment of ornamental trade activities will demand less capital and at the same time reduce problems associated with transport, aviamento and fish mortality. Species richness and captures (density and CPUE) indicated an existing ornamental potential in this floodplain, but only future studies will assure if stocks can endure pressures of such a selective fishery.","2005","2026-05-02 15:49:42","2026-05-02 15:49:42","","109-119","","1","72","","","","","","","","","","","","","","","","","","","","","Legislation; Fishery establishment; Ornamental fisheries; Reservoir impacts; Resource exploitation; Tropical fishes; Wildlife conservation","","","","","","","","","","","","","","","","","","","","","","","","","","","","","","","","","","","","","","","","","","","","","","",""
"XLFCRST8","journalArticle","2021","Wang, Hui; Xie, Dong; Bowler, Peter A.; Zeng, Zhangfan; Xiong, Wen; Liu, Chunlong","Non-indigenous species in marine and coastal habitats of the South China Sea","Science of The Total Environment","","0048-9697","https://doi.org/10.1016/j.scitotenv.2020.143465","https://www.sciencedirect.com/science/article/pii/S0048969720369965","The South China Sea (SCS) sustains and is a regional center of high marine and coastal biodiversity. It is also one of the most important mariculture and marine fisheries regions in the world. Many non-indigenous species (NIS) were introduced into the SCS as artifacts of increasing mariculture production and fishery harvests. Little information exists about NIS in the SCS. In this study, research examining NIS and their threats in the SCS are reviewed. Current NIS conditions assessed include their status, threat to native biodiversity, contribution to mariculture and fisheries harvest, management, and the need for future research in specific areas are identified. A total of 90 NIS including 17 algae, 6 vascular plants, 3 bryozoans, 23 molluscs, 6 crustacea, 3 ascidians, and 32 fishes were introduced into the SCS from 1600 to the present. The primary pathways of introduction are through aquaculture, followed by shipping, ecological restoration, and biocontrol. The main introduced country is China. Some NIS have caused negative impacts on the environment and economy. Some NIS are potential threats to humans as well as biodiversity in the SCS. More research focused upon monitoring and managing NIS in the SCS is needed.","2021","2026-05-02 15:49:42","2026-05-02 15:49:42","","143465","","","759","","","","","","","","","","","","","","","","","","","","","Aquaculture; Aquatic systems; Biodiversity conservation; Biological invasions; Ecological impacts; Marine biodiversity","","","","","","","","","","","","","","","","","","","","","","","","","","","","","","","","","","","","","","","","","","","","","","",""
"UBD3VDIL","journalArticle","2023","Simon, Janek; Lewin, Wolf-Christian; Fladung, Erik","Length–weight relations for 19 freshwater fish species (Actinopterygii) from the lowland Elbe River, Germany","ACTA ICHTHYOLOGICA ET PISCATORIA","","0137-1592","https://doi.org/10.3897/aiep.53.107199","https://www.sciencedirect.com/science/article/pii/S0137159223000225","Abstract Monthly and mean length–weight relations (LWRs) were calculated for 19 freshwater fish species from the middle section of the lowland Elbe River (Germany): Abramis brama (Linnaeus, 1758); Alburnus alburnus (Linnaeus, 1758); Anguilla anguilla (Linnaeus, 1758); Ballerus ballerus (Linnaeus, 1758); Blicca bjoerkna (Linnaeus, 1758); Cobitis taenia Linnaeus, 1758; Esox lucius Linnaeus, 1758; Gobio gobio (Linnaeus, 1758); Gymnocephalus cernua (Linnaeus, 1758); Leuciscus aspius (Linnaeus, 1758); Leuciscus idus (Linnaeus, 1758); Leuciscus leuciscus (Linnaeus, 1758); Lota lota (Linnaeus, 1758); Perca fluviatilis Linnaeus, 1758; Romanogobio albipinnatus (Lukasch, 1933); Rutilus rutilus (Linnaeus, 1758); Sander lucioperca (Linnaeus, 1758); Scardinius erythrophthalmus (Linnaeus, 1758); and Squalius cephalus (Linnaeus, 1758). The values of the exponent b in the LWR W = aTLb ranged from 2.882 (Lota lota) to 3.517 (Cobitis taenia) and the correlation coefficient (r2) was greater than 0.96 for all species except for Cobitis taenia with 0.93. The relations allow for the accurate estimation of weight from length data with reduced handling times of fish in the field while enabling comparisons with other regions and future studies. The calculated LWRs together with species-specific abundance and catch data will be useful for fisheries modeling and estimating population status and related fish species protection, especially for the endangered species in the Elbe River.","2023","2026-05-02 15:49:42","2026-05-02 15:49:42","","129-135","","","53","","","","","","","","","","","","","","","","","","","","","Germany; Elbe River; freshwater fish; length–weight relation; LWR","","","","","","","","","","","","","","","","","","","","","","","","","","","","","","","","","","","","","","","","","","","","","","",""
"SZJWN2G3","journalArticle","2016","Bower, Shannon D.; Danylchuk, Andy J.; Brownscombe, Jacob W.; Thiem, Jason D.; Cooke, Steven J.","Evaluating effects of catch-and-release angling on peacock bass (Cichla ocellaris) in a Puerto Rican reservoir: A rapid assessment approach","Fisheries Research","","0165-7836","https://doi.org/10.1016/j.fishres.2015.11.014","https://www.sciencedirect.com/science/article/pii/S0165783615301375","Catch-and-release recreational angling is growing in developing countries in tropical regions and can generate valuable economic activity. However, management agencies may not have the capacity for studies to determine how angling and handling practices influence the fate of released fish, an important consideration for effective management of the resource. We developed a 3-day rapid assessment protocol and used it to evaluate the consequences of recreational fishing using artificial lures to target peacock bass (Cichla ocellaris) in the La Plata reservoir, Puerto Rico. Peacock bass were angled using conventional rod and reel and exposed to either short (minimum angling times and air exposures <45s) or extended (extended angling times and air exposures >1min) handling practices in water temperatures averaging 30±1°C. Angling-related injuries, post-capture physiological stress (as measured by blood sampling) and reflex impairment were quantified prior to holding angled fish in floating net pens overnight to quantify mortality. Blood glucose and lactate levels were elevated post-capture, although the changes to reflex impairment were negligible. Injuries were minimal with most fish hooked in the jaw. Peacock bass exhibited high post-capture survival (95%, n=97, size range 140–495mm total length) with mortality only associated with the extended handling treatment. Using a rapid assessment protocol we were able to generate useful information on the consequences of catch-and-release on a poorly studied sportfish and identify where efforts should be directed for future studies on this and similar species.","2016","2026-05-02 15:49:42","2026-05-02 15:49:42","","95-102","","","175","","","","","","","","","","","","","","","","","","","","","Catch-and-release mortality; Fish conservation; RAMP; Recreational fisheries management","","","","","","","","","","","","","","","","","","","","","","","","","","","","","","","","","","","","","","","","","","","","","","",""
"395JH5CX","journalArticle","2013","Fetherman, Eric R.; Lepak, Jesse M.","Addressing depletion failure and estimating gear efficiency using back-calculation of capture probabilities","Fisheries Research","","0165-7836","https://doi.org/10.1016/j.fishres.2013.06.005","https://www.sciencedirect.com/science/article/pii/S0165783613001574","Removal abundance (N) estimation methods are commonly used in fisheries but if capture probability (p) is not accurately estimated accurate estimates of N cannot be obtained. Further, if adequate depletions are not achieved during removal, this must be addressed to improve data collection and estimation procedures. Here, two disparate research projects are used as case studies to illustrate: (1) a method in Program MARK for back-calculating p estimated by the removal method following depletion failure; and (2) a Program MARK modeling approach used to estimate efficiency of gear deployed in removal studies. In the first case study, a depletion failure occurred in white sucker Catostomus commersonii populations sampled concurrently with rainbow trout Oncorhynchus mykiss populations using a weighted seine. Back-calculation of closed capture–recapture estimates of p was used to account for depletion failure and obtain per-pass estimates of p for both species. The second case study describes a pilot experiment to determine the efficacy of two removal gears deployed to estimate N of fathead minnows Pimephales promelas in cattle troughs. Back-calculation of p was used to select the appropriate gear to complete removal estimates in future studies. Results indicate that using Program MARK to back-calculate estimates of p allows researchers to detect problems associated with capture that may have resulted in depletion failure. Further, the method allows for comparisons of gear efficiency prior to full-scale experimentation.","2013","2026-05-02 15:49:42","2026-05-02 15:49:42","","284-289","","","147","","","","","","","","","","","","","","","","","","","","","Capture probability; Depletion failure; Gear selection; Program MARK; Removal method","","","","","","","","","","","","","","","","","","","","","","","","","","","","","","","","","","","","","","","","","","","","","","",""
"QGUFF7QM","journalArticle","2015","Veldhuizen, L. J. L.; Berentsen, P. B. M.; Bokkers, E. A. M.; Boer, I. J. M. de","Social sustainability of cod and haddock fisheries in the northeast Atlantic: what issues are important?","Journal of Cleaner Production","","0959-6526","https://doi.org/10.1016/j.jclepro.2015.01.078","https://www.sciencedirect.com/science/article/pii/S0959652615000839","Research on the sustainability of capture fisheries has focused more on environmental and economic sustainability than on social sustainability. To assess social sustainability, first relevant and important social sustainability issues need to be identified. The objective of this study was to identify relevant social sustainability issues for cod and haddock fisheries in the northeast Atlantic and to determine the importance of these issues based on stakeholder input. A heterogeneous group of stakeholders was invited to take part in two consecutive surveys on social sustainability issues. The first survey (n = 41) resulted in a long list of 27 relevant social sustainability issues, including six issues that were not identified in previous studies and that address aspects of fish welfare, employees' training and education opportunities, and employees' time off from work. The second survey (n = 51) resulted in a ranking of the social sustainability issues in order of importance. The most important issues are worker safety, product freshness and companies' salary levels. In general, social sustainability issues concerning working conditions, employees' job fulfilment and fish welfare are seen as more important than other social sustainability issues. A main discussion point concerns the relation between the importance of a social sustainability issue on the one hand and the type of need that the issue relates to and the state of the issue on the other hand. From the study it can be concluded that the relative importance of social sustainability issues differs per stakeholder group depending on the relation between the stakeholder group and each particular issue. This demonstrates the importance of consulting different stakeholder groups in future studies on social sustainability in order to get a balanced view on the importance of social sustainability issues. Results on the relevance and importance of social sustainability issues for cod and haddock fisheries in the northeast Atlantic enable the fishing industry and policy-makers to direct improvement efforts towards the more important issues.","2015","2026-05-02 15:49:42","2026-05-02 15:49:42","","76-85","","","94","","","","","","","","","","","","","","","","","","","","","Stakeholders; Capture fisheries; Fish welfare; Product quality; Social issues; Working conditions","","","","","","","","","","","","","","","","","","","","","","","","","","","","","","","","","","","","","","","","","","","","","","",""
"RPTLNNVB","journalArticle","2013","Colotelo, Alison H.; Cooke, Steven J.; Blouin-Demers, Gabriel; Murchie, Karen J.; Haxton, Tim; Smokorowski, Karen E.","Influence of water temperature and net tending frequency on the condition of fish bycatch in a small-scale inland commercial fyke net fishery","Journal for Nature Conservation","","1617-1381","https://doi.org/10.1016/j.jnc.2013.01.001","https://www.sciencedirect.com/science/article/pii/S1617138113000034","To date, most studies of commercial fisheries bycatch have focused on mortality at time of capture as an endpoint. However, sub-lethal indicators of organismal condition have the potential to reveal mechanisms associated with mortality (both at time of capture and post-release) and opportunities for improving fish welfare. In this study, we simulated commercial fishing efforts in inland lakes with fyke nets during a typical fishing season (early April to late June) in southeastern Ontario, Canada, where bycatch of non-target fish species had previously been documented. Using non-target gamefish (i.e., largemouth bass [Micropterus salmoides, Lacépède], northern pike [Esox Lucius, L.]), as well as a target species (i.e., bluegill [Lepomis macrochirus, Rafinesque]), we examined the sub-lethal consequences of capture (e.g., blood physiology, reflex impairment, and injury) and compared the effects of being retained in the net for two different durations (i.e., two or six days) over a range of water temperatures (i.e., 3–28°C). Sub-lethal physiological disturbances (i.e., blood glucose and lactate) in largemouth bass and bluegill tended to be greater at higher water temperatures. However, fish retained for six days generally did not exhibit greater stress than those retained for two days, with the exception of plasma glucose in largemouth bass. Reflex impairment was similar among temperature and retention periods. Fish retained in nets experienced a range of injuries (including fin frays, scale loss, and mouth damage) that had the potential to facilitate the development of opportunistic pathogenic infections. Greater incidences of injury on fish bycatch tended to be associated with higher temperatures and longer retention. To reduce physiological disturbances and injury that could lead to delayed mortality, we suggest that regulations for inland commercial fishers require them to check their nets more frequently as water temperatures increase. We suggest that future studies of bycatch incorporate sub-lethal endpoints given that they serve as an objective measure of fish welfare and can provide quantitative mechanistic information to support management actions.","2013","2026-05-02 15:49:42","2026-05-02 15:49:42","","217-224","","4","21","","","","","","","","","","","","","","","","","","","","","Bycatch; Injury; Inland commercial fisheries; Physiology","","","","","","","","","","","","","","","","","","","","","","","","","","","","","","","","","","","","","","","","","","","","","","",""
"4WG3V5UN","journalArticle","2019","Dilshad, Tanzina; Mallick, Dwijen; Udas, Pranita B.; Goodrich, Chanda G.; Prakash, Anjal; Gorti, Ganesh; Bhadwal, Suruchi; Anwar, Muhammad Zubair; Khandekar, Neha; Hassan, S. M. Tanvir; Habib, Nusrat; Abbasi, Saqib Shakeel; Syed, Md Abu; Rahman, Atiq","Growing social vulnerability in the river basins: Evidence from the Hindu Kush Himalaya (HKH) Region","Environmental Development","","2211-4645","https://doi.org/10.1016/j.envdev.2018.12.004","https://www.sciencedirect.com/science/article/pii/S2211464518302495","Vulnerability is a set of conditions of people that is derived from the historical and prevailing socio-economic, cultural, environmental and political contexts along with understanding future scenarios, especially for climate change. This study aimed at better understanding the nature and types of socio-economic drivers and social vulnerabilities in the context of increasing climatic stresses in four river basins in the Hindu Kush Himalaya (HKH) region. A multidimensional, contextual and integrated approach has been applied using participatory qualitative tools and techniques to identify major socio-economic drivers and conditions along with climatic factors in upstream, midstream and downstream of the river basins. In upstream and midstream region, people’s livelihood is dependent on subsistent agriculture, horticulture, pastoralism and tourism while in downstream, agriculture and fisheries are the major livelihood options. Climate sensitive natural resources based livelihoods are severely affected across the river basins. Poor and marginal population are not able take adequate adaptation measures due to lack of capacities, poor access to resources, services, information, which push them into greater vulnerability. The vulnerable groups in all four river basins are marginalized sections who are conditioned by economic classes, gender and social norms and living in geographically underdeveloped areas. For instance, poor, women, religious/ ethnic minorities, subordinate caste groups, char dwellers. Poor governance and the lack of access to resources and services have made the situation worse. All these factors are enhancing social vulnerability across the basins and study sites. Social protection measures, enhancement of human capitals and livelihood diversification with pro-poor and gender responsive adaptation and socially inclusive policy are needed to address growing social vulnerability.","2019","2026-05-02 15:49:42","2026-05-02 15:49:42","","19-33","","","31","","","","","","","","","","","","","","","","","","","","","Climate change stress; Gender responsive adaptation; Hindu Kush Himalaya; Marginalization; Social drivers and conditions; Social vulnerability","","","","","","","","","","","","","","","","","","","","","","","","","","","","","","","","","","","","","","","","","","","","","","",""
"2IAQTK5Z","journalArticle","2010","Nicol, Stephen; Brierley, Andrew S.","Through a glass less darkly—New approaches for studying the distribution, abundance and biology of Euphausiids","Deep Sea Research Part II: Topical Studies in Oceanography","","0967-0645","https://doi.org/10.1016/j.dsr2.2009.10.002","https://www.sciencedirect.com/science/article/pii/S0967064509003671","Euphausiids are vital components of many oceanic foodwebs. Due to their large size, they are key prey species for many vertebrates, and several species are subject to commercial fisheries. The best studied euphausiid species is Antarctic krill (Euphausia superba), and a considerable literature exists documenting its ecology. The abundance of Antarctic krill varies enormously over multiple time and space scales in the Southern Ocean. This variability is driven partly by physical processes, but also by the behaviour of the animals as individuals and as groups. It is likely that such variability also affects the populations of other large euphausiid species. In order to understand this variability, particularly in the context of rapid environmental change and expanding fisheries interests, we need to shift emphasis from conventional point- and transect-sampling conducted from brief research cruises—usually in summer—to basin-scale observations over extended time periods. Future studies of the large-scale biology of krill of all species will also need to consider how their growth, reproduction and behaviour might alter in response to predicted environmental changes such as decline in sea ice cover, rising temperature and acidification of the ocean. Paradoxically, to answer many outstanding questions in krill biology, there also needs to be a shift towards examining the three-dimensional dynamics of krill aggregations on very small space and timescales. This paper outlines some of the approaches that might enable us to make progress in understanding these key organisms at multiple spatial and temporal scales, approaches that in turn may leave us better able to manage krill populations into the future. Whilst the paper’s focus is primarily on Antarctic krill, the findings are applicable generally to other large, schooling euphausiid species.","2010","2026-05-02 15:49:42","2026-05-02 15:49:42","","496-507","","7","57","","","","","","","","","","","","","","","","","","","","","Acoustic; Krill; Net; Sampling","","","","","","","","","","","","","","","","","","","","","","","","","","","","","","","","","","","","","","","","","","","","","","",""
"VT8VE4V4","journalArticle","2020","Boussarie, Germain; Kopp, Dorothée; Méhault, Sonia; Morfin, Marie","High survivability of discarded invertebrates from bottom trawling fisheries","Regional Studies in Marine Science","","2352-4855","https://doi.org/10.1016/j.rsma.2020.101543","https://www.sciencedirect.com/science/article/pii/S235248552030671X","The impacts of bottom trawling in coastal ecosystems are significant, not only for targeted species but also for non-commercial ones. However, the critical gaps in scientific knowledge associated with these impacts on untargeted but functionally important species remain to be filled. This is notably the case for a great proportion of discarded invertebrates, for which only a handful of studies have investigated their survival. In this study, 600 individuals from six different benthic invertebrate species were collected in commercial conditions in the Bay of Biscay for short-term survival experiments. Overall, the observed survival after 100–130 h and the predicted survival via mixture models were very high (>93%) for Asterias rubens, Aphrodita aculeata, Buccinum undatum and Pagurus sp. Survival of Maja brachydactyla was lower though still high (>80% overall) and Atelecyclus undecimdentatus was more vulnerable to trawling and handling, with ∼50% of survival. Both showed 100% mortality when presenting carapace cracks and survival of M. brachydactyla was lower when missing appendages. No biotic nor abiotic parameters were correlated to survival, except injury class for M. brachydactyla and A. undecimdentatus. This study shows an overall high survival but highlights the fact that otter trawl fisheries may differentially affect discarded benthic invertebrates, therefore bringing light for future studies on longer-term impacts on benthic communities and coastal ecosystems. Furthermore, we recommend incorporating survival rates of discarded invertebrates in ecosystem-level modelling studies and encourage the use of detailed information and biomass reports of benthic invertebrates for a better management of natural populations and fisheries resources.","2020","2026-05-02 15:49:42","2026-05-02 15:49:42","","101543","","","40","","","","","","","","","","","","","","","","","","","","","Fisheries management; Benthic invertebrates; Discard mortality; Physical injuries; Survival mixture models","","","","","","","","","","","","","","","","","","","","","","","","","","","","","","","","","","","","","","","","","","","","","","",""
"8WSD8LT9","journalArticle","2017","Bello-Perez, Melissa; Falco, Alberto; Medina, Regla; Encinar, Jose Antonio; Novoa, Beatriz; Perez, Luis; Estepa, Amparo; Coll, Julio","Structure and functionalities of the human c-reactive protein compared to the zebrafish multigene family of c-reactive-like proteins","Developmental & Comparative Immunology","","0145-305X","https://doi.org/10.1016/j.dci.2016.12.001","https://www.sciencedirect.com/science/article/pii/S0145305X16303329","Because of the recent discovery of multiple c-reactive protein (crp)-like genes in zebrafish (Danio rerio) with predicted heterogeneous phospholipid-binding amino acid sequences and heterogeneous transcript expression levels in viral survivors and adaptive-deficient mutants, zebrafish constitute an attractive new model for exploring the evolution of these protein's functions, including their possible participation in fish trained immunity. Circulating human CRP belongs to the short pentraxin family of oligomeric proteins that are characteristic of early acute-phase innate responses and is widely used as a clinical inflammation marker. In contrast to pentameric human CRP (pCRP), zebrafish CRPs are trimeric (tCRP); however monomeric CRP (mCRP) conformations may also be generated when associated with cellular membranes as occurs in humans. Compared to human CRP, zebrafish CRP-like proteins show homologous amino acid sequence stretches that are consistent with, although not yet demonstrated, cysteine-dependent redox switches, calcium-binding spots, phosphocholine-binding pockets, C1q-binding domains, regions interacting with immunoglobulin Fc receptors (FcR), unique mCRP epitopes, mCRP binding peptides to cholesterol-enriched rafts, protease target sites, and/or binding sites to monocyte, macrophage, neutrophils, platelets and/or endothelial cells. Amino acid variations among the zebrafish CRP-like multiprotein family and derived isoforms in these stretches suggest that functional heterogeneity best fits the wide variety of aquatic pathogens. As occurs in humans, phospholipid-tagged tCRP-like multiproteins might also influence local inflammation and induce innate immune responses; however, in addition, different zebrafish tCRP-like proteins and/or isoforms might fine tune new still unknown functions. The information reviewed here could be of value for future studies not only to comparative but also medical immunologists and/or fisheries sectors. This review also introduces some novel speculations for future studies.","2017","2026-05-02 15:49:42","2026-05-02 15:49:42","","33-40","","","69","","","","","","","","","","","","","","","","","","","","","Structure; c-reactive protein; Function; Multi-gene family; Pentraxins; Zebrafish","","","","","","","","","","","","","","","","","","","","","","","","","","","","","","","","","","","","","","","","","","","","","","",""
"K8YYDIMH","journalArticle","2024","Morales, Mark M.; Fiechter, Jerome; Field, John C.; Kashef, Neosha S.; Hazen, Elliott L.; Carr, Mark H.","Development and application of a bioenergetics growth model for multiple early life stages of an ecologically important marine fish","Ecological Modelling","","0304-3800","https://doi.org/10.1016/j.ecolmodel.2023.110575","https://www.sciencedirect.com/science/article/pii/S0304380023003058","Spatial and temporal variability in temperature and food availability are key drivers of growth of marine fishes. Growth during the early life stages (ELS's) is tightly coupled to survival, and in turn, can set year-class strength (i.e. annual recruitment) and overall stock productivity of populations and fished stocks. Ontogenetic changes in physiology, dietary preferences, and growth across ELS's can be accounted for within bioenergetics models, but existing models lack resolution within larval and early juvenile stages. We leveraged daily output from a coupled physical-biogeochemical model to force a highly resolved ontogenetic bioenergetics model parametrized for an ecologically important rockfish in the California Current System. Size-at-age predictions closely track empirical growth trajectories of the ELS's. Scenario testing revealed that growth performance is disproportionately driven by changes in temperature compared to food availability. We then expanded the model to incorporate spatial climatological differences in temperature and prey concentration and found that preflexion growth potential is maximized in areas of historical spawning, suggesting the timing and location of reproduction is an adaptive strategy that places larvae in habitat favorable for survival. Growth potential for late-stage larvae (postflexion) is greatest over a broad areal extent, implying that if a particle tracking algorithm was coupled to the bioenergetics model, a wide range of larval dispersal pathways would place postflexion larvae in habitat suitable for rapid growth. Finally, growth potential of pelagic juveniles is maximized over the continental shelf and shelf-break, aligning with high juvenile catch rates from a fisheries-independent survey. In summary, this study (i) serves as a proof of concept that a bioenergetics model with high ontogenetic resolution can reproduce life stage-specific growth trajectories even though the underlying physiology data for model parameterization is imperfect and (ii) can aid future studies aimed at understanding how ecosystem processes interact with ontogenetic growth and changes in year class strength of early life stages of marine fishes.","2024","2026-05-02 15:49:42","2026-05-02 15:49:42","","110575","","","488","","","","","","","","","","","","","","","","","","","","","Bioenergetics; Food availability; Larval growth; Ocean temperature; Physical-biogeochemical model; Rockfish biology","","","","","","","","","","","","","","","","","","","","","","","","","","","","","","","","","","","","","","","","","","","","","","",""
"XBQBPK5A","journalArticle","2021","García-Rodríguez, Encarnación; Coll, Marta; Vivas, Miguel; Bellido, José María; Esteban, Antonio; Torres, María Ángeles","A food-web comparative modeling approach highlights ecosystem singularities of the Gulf of Alicante (Western Mediterranean Sea)","Journal of Sea Research","","1385-1101","https://doi.org/10.1016/j.seares.2021.102073","https://www.sciencedirect.com/science/article/pii/S1385110121000794","A food-web comparative modeling approach using Ecopath with Ecosim (EwE) was built to characterize the ecosystem of the Gulf of Alicante (GoA) and investigate its singularities. The GoA differs from neighboring ecosystems of the Western Mediterranean Sea because of its different oceanographic characteristics. We developed a model of the study area representing early 2010s, covering a total area of 7085 km2, and including the continental shelf and upper slope with depths from 50 to 800 m. In total, 45 functional groups considering all components of the food web (fish, marine mammals, seabirds, invertebrates, primary producers, and detritus) were selected to build the ecological model. The fishery was represented by the four main fleets operating in the area (i.e., bottom trawl, purse seine, longlines, and small-scale fisheries) and we included official landing data and estimated percentage of discarded species. Results were then compared with available outputs of available models representing adjacent ecosystems such as the Gulf of Cadiz (in the Atlantic side) and the North Western Mediterranean Sea (north of the study area). The study revealed that the major differences found between models were due to the lower primary production in the GoA. This led to lower catches and higher importance of the demersal compartment, where the most biomass was associated to the detritus. The main trophic flows in the GoA were originated at the basis of the food web, likely related to bottom-up flow control. Interactions between pelagic and demersal groups were weaker than in neighboring areas. Despite the high values of ecotrophic efficiencies and mortality rates, results showed a lower fishing pressure than in neighboring areas, suggesting a moderate exploitation level of marine resources in the GoA. This study fills a knowledge gap in the area and sets the baseline to develop future studies to test scenarios of change and management options.","2021","2026-05-02 15:49:42","2026-05-02 15:49:42","","102073","","","174","","","","","","","","","","","","","","","","","","","","","Trophic interactions; Comparative modeling approach; Ecological indicators; Ecopath model; Ecosystem-based approach to fisheries management (EAFM); Fishing impacts","","","","","","","","","","","","","","","","","","","","","","","","","","","","","","","","","","","","","","","","","","","","","","",""
"7E35ITH9","journalArticle","2021","Thiaw, Modou; Gascuel, Didier; Sadio, Oumar; Ndour, Ismaïla; Diadhiou, Hamet Diaw; Kantoussan, Justin; Faye, Saliou; Thiam, Modou; Meissa, Beyah; Brehmer, Patrice","Efficiency of two contrasted marine protected areas (MPA) in West Africa over a decade of fishing closure","Ocean & Coastal Management","","0964-5691","https://doi.org/10.1016/j.ocecoaman.2021.105655","https://www.sciencedirect.com/science/article/pii/S0964569121001393","Using trophodynamic models, the present study evaluated how a decade fishing closure inside and outside two marine protected areas (MPAs) in Senegal has influenced on the ecosystem trophic network. Scientific surveys in the Bamboung MPA (68 km2, mangrove) were conducted since 2003, one year before fishery closure. The resulting dataset was used to generate a time series of abundance indices, and Ecopath mass-balanced models were constructed for the 2003, 2008–2012, and 2015–2016 periods (one fished and two unfished periods, respectively). These three Bamboung MPA models were subsequently used to evaluate the effects of fishing closure. Based on the biomass trophic spectrum of the 2015–2016 model, the trophic structure of the Bamboung MPA was compared to that constructed in the same period of an area that was still fished (Bolong de Sankago). Using a model based on ecosystem trophic levels (EcoTroph) we simulated fishery activity in the Bamboung MPA from 2008, to assess possible poaching in the MPA. Then, the effect of fishing closure was also evaluated on the continental shelf for the Joal-Fadiouth MPA (174 km2; sandy coast/mangrove), and comparing the trophic structure inside and outside of this second MPA. The results showed that the Bamboung MPA had high biomass, especially for higher trophic level species. After a decade of fishing closure, a 2-fold increase in predator biomass and a 1.5-fold decrease in prey biomass was recorded. The models showed that poaching effects exist both studied MPA. So official fishing closure had after a decade a lower effect in both MPAs. For the Joal-Fadiouth MPA, low-mobility species had high biomass, suggesting that high habitat diversity and fishery closure had a positive effect. However, the biomass of large species from high-trophic-levels was still low inside this MPA. The obtained results could serve as a reference for future studies in this MPA. In conclusion, fishery closure increased the total biomass in the MPAs over the medium and long-term; however, the trophic network might also be modified by high natural variability in the annual recruitment of some stocks.","2021","2026-05-02 15:49:42","2026-05-02 15:49:42","","105655","","","210","","","","","","","","","","","","","","","","","","","","","Ecopath; Senegal; EcoTroph; Efficiency; Marine protected area; Trophic network; West africa","","","","","","","","","","","","","","","","","","","","","","","","","","","","","","","","","","","","","","","","","","","","","","",""
"UQIF4GFX","journalArticle","2009","Megrey, Bernard A.; Link, Jason S.; Hunt, George L.; Moksness, Erlend","Comparative marine ecosystem analysis: Applications, opportunities, and lessons learned","Progress in Oceanography","","0079-6611","https://doi.org/10.1016/j.pocean.2009.04.002","https://www.sciencedirect.com/science/article/pii/S0079661109000196","The papers in this special issue seek to evaluate how ecosystem structure and function interact to support fisheries production. We particularly elucidate which processes amplify or dampen spatial and temporal variation in that production within and between ecosystems. This paper attempts to assess the contribution of marine comparative ecosystem analysis to knowledge of the factors that affect the structure and function of marine ecosystems. We introduce the reader to the special volume, briefly highlighting the manuscripts in this special issue as organized by various thematic emphases. Papers in this volume are reviewed and briefly summarized with respect to current approaches, applications, opportunities, and lessons learned. Several approaches, applied to ecosystems over different spatial and temporal periods as well as the application of innovative statistical methods, facilitated comparisons and revealed basic underlying patterns that would not have been observable if only one ecosystem had been examined. Results imply that deeper eastern ocean boundary systems are more strongly influenced by bottom-up forcing; that shallower western ocean boundary systems, mainly continental shelves, are more strongly influenced by top-down forcing; and that synchronous events have taken place around the world’s oceans. In many examples, it appears as if fisheries landings have shifted in emphasis from groundfish to invertebrates and that fish communities have shifted from a demersal to pelagic dominated groups. The benthos is an important, but understudied component of most ecosystems. We advocate database standardization at the onset of comparative studies as a mechanism to facilitate effective comparisons in future studies. Effective marine ecosystem comparisons require large, multi-national collaborations.","2009","2026-05-02 15:49:42","2026-05-02 15:49:42","","2-9","","1","81","","","","","","","","","","","","","","","","","","","","","","","","","","","","","","","","","","","","","","","","","","","","","","","","","","","","","","","","","","","","","","","","","","","",""
"LM887SQR","journalArticle","2023","Sarr, Ousmane; Kindong, Richard; Sow, Fambaye Ngom; Tian, Siquan","Estimation of Atlantic bonito (Sarda sarda) stock status in the Senegalese Exclusive Economic Zone (SEEZ) from the catch-based model (CMSY) and length-based bayesian estimation (LBB) method","Regional Studies in Marine Science","","2352-4855","https://doi.org/10.1016/j.rsma.2023.103052","https://www.sciencedirect.com/science/article/pii/S2352485523002426","Among the seven major small tuna species defined in the ICCAT priority list for future studies, Atlantic bonito (Sarda sarda) is the most heavily targeted by artisanal and industrial fisheries in many coastal areas. Considering this high pressure and the limits of previous studies on its status in some areas of the Atlantic Ocean, this study focused on assessing the Atlantic bonito stock mainly harvested by the artisanal fisheries in the Senegalese Exclusive Economic Zone (SEEZ) using two data-limited approaches (LBB and CMSY). These models used the recorded length composition, catch, and CPUE data for Atlantic bonito caught by various fishing gears to provide significant fisheries reference points to evaluate the stock status of this species. The LBB model indicated an Atlantic bonito healthy stock status with B/BMSY values ranging from 1.3 to 1.6 and B/B0 values varying from 0.47 to 0.61 of the main scenarios performed (BON_AFG_CL, BON_GN_Length, and BON_PS_Length). The results estimated by LBB are consistent with those obtained by CMSY. The CMSY model results demonstrate that the SEEZ Atlantic bonito stock is in a sound condition in the final year of the main scenarios analyzed (BON, BON-bt, BON-GN-bt, and BON-PS-bt) with sustainable relative stock biomass (B2018/BMSY= 1.13 to 1.3) and fishing pressure levels (F2018/FMSY= 0.52 to 1.43). However, the results of the two models show that longlines and sleeping nets negatively affect this species’ stock in this area, showing a slightly overfished and overfished stock status, respectively. The results of the scenarios formulated by these two fishing gears (BON_LL_Length, BON_SN_Length for LBB and BON-LL-bt, BON-SN-bt for CMSY) are below the reference values. LBB shows Lc/Lc_opt values ranging from 0.61 to 1, B/BMSY from 0.49 to 1, and B/B0 from 0.18 to 0.39. For CMSY, these two scenarios show a B/BMSY varying between 0.33 and 0.8.","2023","2026-05-02 15:49:42","2026-05-02 15:49:42","","103052","","","65","","","","","","","","","","","","","","","","","","","","","Atlantic bonito; CMSY; Healthy stock; LBB; SEEZ","","","","","","","","","","","","","","","","","","","","","","","","","","","","","","","","","","","","","","","","","","","","","","",""
"8UCBSW4B","journalArticle","2012","Vázquez-Rowe, Ian; Hospido, Almudena; Moreira, M. Teresa; Feijoo, Gumersindo","Best practices in life cycle assessment implementation in fisheries. Improving and broadening environmental assessment for seafood production systems","Trends in Food Science & Technology","","0924-2244","https://doi.org/10.1016/j.tifs.2012.07.003","https://www.sciencedirect.com/science/article/pii/S092422441200146X","A total of 33 publications have been reviewed in order to determine the current state-of-the-art of LCA development in fishery based seafood production systems, focusing mainly on methodological innovations and the different assumptions that are taken into consideration in the different stages of LCA. The assessment revealed a strong proliferation of LCA in seafood systems in recent years, but unequal levels of methodological development. Based on this evaluation, the article proposes a simple and straightforward guideline to set a common denominator for future seafood system LCA studies. Finally, innovation pathways that may potentially turn LCA into a more integrated methodology to evaluate the environmental performance of seafood systems are discussed throughout the review.","2012","2026-05-02 15:49:42","2026-05-02 15:49:42","","116-131","","2","28","","","","","","","","","","","","","","","","","","","","","","","","","","","","","","","","","","","","","","","","","","","","","","","","","","","","","","","","","","","","","","","","","","","",""
"HK9CEDTH","journalArticle","2017","Henriksson, Patrik John Gustav; Tran, Nhuong; Mohan, Chadag Vishnumurthy; Chan, Chin Yee; Rodriguez, U.-Primo; Suri, Sharon; Mateos, Lara Dominguez; Utomo, Nur Bambang Priyo; Hall, Stephen; Phillips, Michael John","Indonesian aquaculture futures – Evaluating environmental and socioeconomic potentials and limitations","Journal of Cleaner Production","","0959-6526","https://doi.org/10.1016/j.jclepro.2017.06.133","https://www.sciencedirect.com/science/article/pii/S0959652617313033","Indonesia is the world's second largest seafood producer, but capture fisheries landings have stagnated over the last decade. In response, the Indonesian government has set ambitious targets for expanding the aquaculture sector up to 2030. The present research therefore quantifies environmental impacts using life cycle assessments (LCAs), and some socioeconomic indicators, for six alternative scenarios projecting the growth of Indonesia's aquaculture up to 2030 by Tran et al. (2017). From these results, policy implications are drawn and suggestions for improvements made for gearing the Indonesian government and seafood industry towards blue growth. Ten dominant aquaculture farming systems were characterized and benchmarked using LCA, building upon data collected on Sumatra, Java, Lombok, and Sulawesi between 2014 and 2015. Assuming business as usual up to 2030, the impacts/indicators global warming (3.3-fold increase), acidification (3.3-fold increase), eutrophication (3.5-fold increase), land-use (3.6-fold increase), freshwater consumption (4-fold increase), energy use (3.4-fold increase), reliance on wild fish (3.4-fold increase), total fish output (3.3-fold increase), and full-time employments (3.3-fold increase) would increase by three to four-fold, while monetary value would increase almost six-fold. Business as usual alongside several other future scenarios would consequently require more wild fish and land than is physically manageable using current production practices, while still not satisfying the growth targets set by the Indonesian government. A major transformation of the aquaculture industry supported by public policies is therefore needed to avoid extensive environmental damage. Similar studies on future food growth projections are encouraged in order to give more realistic recommendations to policy makers.","2017","2026-05-02 15:49:42","2026-05-02 15:49:42","","1482-1490","","","162","","","","","","","","","","","","","","","","","","","","","Aquaculture; Life cycle assessment; Seafood; Environmental impact; Future projection; Indonesia","","","","","","","","","","","","","","","","","","","","","","","","","","","","","","","","","","","","","","","","","","","","","","",""
"S6YN227Q","journalArticle","2024","Nalley, Eileen M.","Highlighting the impacts of ciguatera poisoning on fishers and fish consumers in Hawaiʻi to inform future management strategies","Marine Policy","","0308-597X","https://doi.org/10.1016/j.marpol.2023.105875","https://www.sciencedirect.com/science/article/pii/S0308597X23004086","Ciguatera poisoning (CP) occurs as a result of consuming seafood that has bioaccumulated toxins produced by dinoflagellates (primarily Gambierdiscus) in tropical, coastal ecosystems. The impacts of CP can be long-lasting for affected individuals and communities, especially in places like the Hawaiian Islands, where fish provide sustenance and have important financial and cultural value. This study used anonymous online surveys (n = 106) and targeted interviews (n = 20) to address data gaps on the prevalence, distribution, and impacts of CP among fishers and fish consumers in Hawaiʻi. Survey results indicated that few individuals (22%) reported their CP cases to the Department of Health, despite the fact that most impacted respondents (67%) experienced symptoms lasting more than a week and some (10%) were affected for more than a year. Certain locations (e.g., north shore of Kauaʻi) and species (e.g., uku - Aprion virescens and knifejaw - Oplegnathus punctatus) emerged as being highly problematic, though they have received little research, monitoring, or management attention historically. Interview data revealed common interests and themes among affected individuals, including a desire for more data on the environmental drivers, factors affecting individual CP response variability, and increased education and awareness, particularly for vulnerable populations. This study offers essential information for managers crafting policy and outreach materials to mitigate the risk of CP in Hawaiʻi and provides baseline information that can be used to inform future studies in Hawaiʻi and throughout the region.","2024","2026-05-02 15:49:42","2026-05-02 15:49:42","","105875","","","159","","","","","","","","","","","","","","","","","","","","","Ciguatera poisoning; Recreational fisheries; Reef fishes; Survey","","","","","","","","","","","","","","","","","","","","","","","","","","","","","","","","","","","","","","","","","","","","","","",""
"YI8SQQTG","journalArticle","2019","Montiel, Sobeyda Arely Herrera; Coronado-Franco, Karold Viviana; Selvaraj, John Josephraj","Predicted changes in the potential distribution of seerfish (Scomberomorus sierra) under multiple climate change scenarios in the Colombian Pacific Ocean","Ecological Informatics","","1574-9541","https://doi.org/10.1016/j.ecoinf.2019.100985","https://www.sciencedirect.com/science/article/pii/S1574954118302103","Some projections predict that fishery resources in tropical areas will be negatively affected by climate change, resulting in the displacement of species and reducing their availability for fishing. In this study, the potential geographic distribution of Scomberomorus sierra under current conditions in the Colombian Pacific Ocean was simulated using maximum entropy (MaxEnt) modeling software, based on species presence data and satellite-derived environmental variables (Sea Surface Temperature (SST), Chlorophyll-a and bathymetry). The future distributions of S. sierra in 2020s (short term) and 2080s (long term) were projected under the RCP 2.6 and 8.5 scenarios for four ensembled global circulation models (GCM) obtained from the Coupled Model Intercomparison Project Phase 5 (CMIP5). The current and future geographical distributions were modeled for the species' fishing months (November to April), and pixel-wise change distribution and core shift were determined. The results indicated good performance for the distribution models in the present and future scenarios (AUC > 0.9). The RCP 8.5 scenario, in both, the short and long term, indicated the highest adverse changes in the species distribution. The distribution core shift indicates that under RCP 2.6 in the 2020s for November and December, the shift is towards the central zone of the Colombian Pacific. In the 2080s (long term), the distribution centroid tends to move towards the central zone, further from the coastline. Results also showed the same change tendency for RCP 8.5 in both the 2020s and 2080s. This is one of the first studies that elucidate the effects of climate change on a commercial species in the Colombian Pacific. The results give an insight into future management strategies for seerfish fisheries, which can also be used as a reference for studying other species.","2019","2026-05-02 15:49:42","2026-05-02 15:49:42","","100985","","","53","","","","","","","","","","","","","","","","","","","","","Climate change; Colombian Pacific Ocean; Global circulation models; Potential geographical distribution; Seerfish","","","","","","","","","","","","","","","","","","","","","","","","","","","","","","","","","","","","","","","","","","","","","","",""
"LYGBU7CJ","journalArticle","2006","Bigelow, Keith; Musyl, Michael K.; Poisson, Francois; Kleiber, Pierre","Pelagic longline gear depth and shoaling","Fisheries Research","","0165-7836","https://doi.org/10.1016/j.fishres.2005.10.010","https://www.sciencedirect.com/science/article/pii/S0165783605002973","Temperature-depth recorders (TDRs) were attached to pelagic longline gear in the Hawaii-based commercial fishery to obtain actual fishing depths and to test the accuracy of catenary algorithms for predicting fishing depths. Swordfish gear was set shallow by typically deploying four hooks between successive floats. The observed depth of the settled deepest hook had a median value of 60m for 333 swordfish sets. Tuna longline gear deployed more hooks between floats (mean=26.8), and the observed median depth of the deepest hook was 248m (n=266 sets). Maximum gear depth was predicted from estimates of the longline sag ratio and catenary algorithms; however, depth was not predicted for all TDR-monitored sets because estimating sag ratios proved problematic. Swordfish sets had less slack in the main line and correspondingly smaller catenary angles (median=54.2°) than tuna sets (median=63.7°). Median values of the predicted catenary depth were 123m for swordfish sets (n=203) and 307m for tuna sets (n=198). Shallow swordfish sets reached only ∼50% of their predicted depth, while deeper tuna sets reached about 70%. These values indicated that capture depths using traditional catenary equations may be biased without the benefit of TDRs affixed to longlines. Generalized linear models (GLMs) and generalized additive models (GAMs) were developed to explain the percentage of longline shoaling as a function of predicted catenary depth and environmental effects of wind stress, surface current velocity, and current shear. The GAM explained 67.2% of the deviance in shoaling for tuna sets and 41.3% for swordfish sets. Predicted catenary depth was always the initial variable included in the stepwise process, and the inclusion of environmental information in the GAM approach explained an additional 10–17% of the deviance compared to the GLMs. The explanatory ability of the environmental data may have been limited by the scale of the observations (1° in space; weekly or monthly in time) or the geometric (transverse versus in-line) forcing between the environment and longline set. Longline gear models with environmental forcing affecting shoaling may be improved in future studies by incorporating contemporaneous environmental information, although this may restrict analyses to fine-scale experimental longlines.","2006","2026-05-02 15:49:42","2026-05-02 15:49:42","","173-183","","2","77","","","","","","","","","","","","","","","","","","","","","Bycatch; Catenary algorithms; Fishing depth; Longline fisheries; Pelagic fishes; Temperature-depth recorders","","","","","","","","","","","","","","","","","","","","","","","","","","","","","","","","","","","","","","","","","","","","","","",""
"AHKK8NWT","journalArticle","2011","Alonso-Hernández, Carlos M.; Conte, Fabio; Misic, Cristina; Barsanti, Mattia; Gómez-Batista, Miguel; Díaz-Asencio, Misael; Covazzi-Harriague, Anabella; Pannacciulli, Federica G.","An overview of the Gulf of Batabanó (Cuba): Environmental features as revealed by surface sediment characterisation","Continental Shelf Research","","0278-4343","https://doi.org/10.1016/j.csr.2011.01.006","https://www.sciencedirect.com/science/article/pii/S0278434311000276","The main environmental features of the Gulf of Batabanó, Cuba, Caribbean, were investigated through the analyses of surface sediments collected at 23 sites. In order to highlight the potential threats affecting the sedimentary compartment of this area, samples were analysed for: granulometry, mineralogy, heavy metals concentration (As, Cd, Cu, Mn, Ni, Pb, Zn), organic carbon, total nitrogen and radionuclides. Findings were compared with published data and “grey” literature. Results showed: granulometric homogeneity and a widespread carbonatic condition all over the gulf, probably due to stable bathymetry and lack of terrigenous input (except for the La Coloma basin); a rather pristine environment for what concerns heavy metals pollution, except for La Coloma where a large arsenic input was recorded; very low levels of natural and artificial radioactivity; a relevant quantity of sedimentary organic matter, providing biota with useful substrate for feeding and enhancing the food-web development while indirectly supplying lobster fisheries. Combined data highlighted the impact of the Dique Sur in reducing terrigenous input in the coastal area. Future studies should focus on dating of sediment cores for identifying and quantifying the changes acting in the gulf and on investigating the origins of the large arsenic input to La Coloma.","2011","2026-05-02 15:49:42","2026-05-02 15:49:42","","749-757","","7","31","","","","","","","","","","","","","","","","","","","","","Heavy metals; Caribbean; Cuba; Gulf of Batabanó; Radionuclides; Sediments geochemistry","","","","","","","","","","","","","","","","","","","","","","","","","","","","","","","","","","","","","","","","","","","","","","",""
"BWGGP3H6","journalArticle","2008","Guidetti, Paolo; Milazzo, Marco; Bussotti, Simona; Molinari, Andrea; Murenu, Matteo; Pais, Antonio; Spanò, Nunziacarla; Balzano, Raffaella; Agardy, Tundi; Boero, Ferdinando; Carrada, Giancarlo; Cattaneo-Vietti, Riccardo; Cau, Angelo; Chemello, Renato; Greco, Silvestro; Manganaro, Antonio; Sciara, Giuseppe Notarbartolo di; Russo, Giovanni Fulvio; Tunesi, Leonardo","Italian marine reserve effectiveness: Does enforcement matter?","Biological Conservation","","0006-3207","https://doi.org/10.1016/j.biocon.2007.12.013","https://www.sciencedirect.com/science/article/pii/S0006320707004685","Marine protected areas (MPAs) have become popular tools worldwide for ecosystem conservation and fishery management. Fish assemblages can benefit from protection provided by MPAs, especially those that include fully no-take reserves. Fish response to protection can thus be used to evaluate the effectiveness of marine reserves. Most target fish are high-level predators and their overfishing may affect entire communities through trophic cascades. In the Mediterranean rocky sublittoral, marine reserves may allow fish predators of sea urchins to recover and thus whole communities to be restored from coralline barrens to macroalgae. Such direct and indirect reserve effects, however, are likely to be related to the enforcement implemented. In Italy, many MPAs that include no-take reserves have been declared, but little effort has been spent to enforce them. This is a worldwide phenomenon (although more common in some regions than others) that may cause MPAs and reserves to fail to meet their targets. We found that 3 of 15 Italian marine reserves investigated had adequate enforcement, and that patterns of recovery of target fish were related to enforcement. No responses were detected when all reserves were analyzed as a whole, suggesting enforcement as an important factor to be considered in future studies particularly to avoid that positive ecological responses in properly managed reserves can be masked by neutral/negative results in paper parks. Positive responses were observed for large piscivores (e.g. dusky groupers) and sea urchin predators at reserves where enforcement was effective. Those reserves with low or null enforcement did not differ from fished areas.","2008","2026-05-02 15:49:42","2026-05-02 15:49:42","","699-709","","3","141","","","","","","","","","","","","","","","","","","","","","Mediterranean Sea; Enforcement; Conservation; Fish assemblages; Marine reserves","","","","","","","","","","","","","","","","","","","","","","","","","","","","","","","","","","","","","","","","","","","","","","",""
"D743JJN3","journalArticle","2024","Benfer, Caroline; Annis, Eric; Waller, Jesica; Carloni, Joshua T.; Reardon, Kathleen; Whitney, LeAnn; Lasley-Rasher, Rachel; Henninger, Heidi","Distribution of lobster larvae, Homarus americanus, and zooplankton prey in the gulf of maine and georges bank stock area","Fisheries Research","","0165-7836","https://doi.org/10.1016/j.fishres.2024.107121","https://www.sciencedirect.com/science/article/pii/S0165783624001851","The American lobster, Homarus americanus H. Milne-Edwards, 1837 supports a valuable fishery subject to rapid warming of the Gulf of Maine (GOM) and Georges Bank (GBK). Comprehensive information related to large-scale larval distribution is lacking due to the logistical challenge of sampling their hyper-dispersed larvae. In 2021, we established seasonal abundance patterns of larvae and their prey in the GOM on an unprecedented spatial scale with a season-long survey at transects spanning approximately 300 km of coastline. We compared the current distribution of larvae with historical surveys with respect to differences between inshore and offshore (5 versus 40 km), and between eastern and western hydrographic regions. We also examined spatial and temporal patterns in the abundance of zooplankton prey. The distribution of recently hatched stage I larvae extended offshore at the transect off Rye, NH and was consistent with the reported movement of ovigerous lobsters offshore to hatch their eggs. By contrast, stage I larvae were most abundant nearshore and rare offshore at other transects along the coast. Our results confirmed historical patterns of high abundance of competent stage IV larvae in the western Gulf of Maine and low abundance in the east. We also identified the potential for a temporal mismatch between the abundance of larvae and the biovolume of copepods at transects in Milbridge, ME and Rye, NH with peak copepod abundance occurring either well before or after the peak abundance of lobster larvae. The data collected fill a gap in our understanding of larval distributions and seasonal progression in the Gulf of Maine, establish a baseline for future studies, and provide an opportunity to validate established biophysical models of larval transport. Yet a longer time series of broad-scale surveys is needed to better understand intricacies of factors influencing larval abundance and distribution. The project was an industry-led collaboration with government and academic scientists providing proof of concept for future collaborative research.","2024","2026-05-02 15:49:42","2026-05-02 15:49:42","","107121","","","278","","","","","","","","","","","","","","","","","","","","","Industry collaboration; Northwestern Atlantic; Seasonal abundance; Spatial patterns","","","","","","","","","","","","","","","","","","","","","","","","","","","","","","","","","","","","","","","","","","","","","","",""
"LQ85PAUH","journalArticle","2022","Ren, Guangming; Xu, Liming; Zhao, Jingzhuang; Shao, Yizhi; Lu, Tongyan; Zhang, Qiya","Comparative transcriptome analysis of long non coding RNA (lncRNA) in RTG-2 cells infected by infectious hematopoietic necrosis virus","Fish & Shellfish Immunology","","1050-4648","https://doi.org/10.1016/j.fsi.2021.12.001","https://www.sciencedirect.com/science/article/pii/S1050464821004174","Infectious hematopoietic necrosis virus (IHNV) is the vital pathogen that has caused the great economic loss in salmonid fisheries. To date, there is limited information concerning the changes of lncRNAs in RTG-2 cells infected by IHNV. In this study, a comparative transcriptome analysis of lncRNAs was performed in RTG-2 cells with and without IHNV infection to determine their changes and the effects on IHNV infection. The results showed that IHNV infection significantly changed the expression levels of lncRNAs and mRNAs, including 3693 differentially expressed lncRNAs (DE-lncRNAs) and 3503 differentially expressed mRNAs (DE-mRNAs) respectively. These DE-lncRNAs and DE-mRNAs induced by IHNV were mostly associated with immune response, RNA processing, and viral diseases related pathways. Further analysis found that some DE-lncRNAs might participate in the regulation of extracellular matrix metabolism, apoptosis, lipid synthesis, autophagy, and immune responses referring to the functions of their target genes. Afterwards, 349 co-expression relationships were constructed by 223 DE-lncRNAs and 271 DE-mRNAs, of which LTCONS_00146935 was the pivotal node in the interaction networks, and was together with its target genes modulated the immune responses under the IHNV infection. RT-qPCR results showed that the changes of the selected immune-related DEGs were in consistent with the RNA-seq data, suggesting that the sequencing data was relatively reliable. In summary, this is the first study to determine the changes and interactions of lncRNA-mRNA in RTG-2 cells under the IHNV infection. The results provided the valuable information concerning the lncRNAs in salmonid fish, which will benefit for future study on uncovering the roles of lncRNAs-mRNAs during the viral infection.","2022","2026-05-02 15:49:42","2026-05-02 15:49:42","","314-324","","","120","","","","","","","","","","","","","","","","","","","","","Interaction; IHNV infection; lncRNAs; Target gene","","","","","","","","","","","","","","","","","","","","","","","","","","","","","","","","","","","","","","","","","","","","","","",""
"JNLXZUJV","journalArticle","2019","Torrejón-Magallanes, Josymar; Grados, Daniel; Lau-Medrano, Wencheng","Spatio-temporal distribution modeling of dolphinfish (Coryphaena hippurus) in the Pacific Ocean off Peru using artisanal longline fishery data","Deep Sea Research Part II: Topical Studies in Oceanography","","0967-0645","https://doi.org/10.1016/j.dsr2.2019.104665","https://www.sciencedirect.com/science/article/pii/S0967064518303060","To better understand and characterize the distribution of the dolphinfish Coryphaena hippurus in the Pacific Ocean off Peru, we analyzed spatio-temporal catch per unit effort (CPUE) data from the artisanal longline dolphinfish fishery and oceanographic variables measured from October–March during 2010–2017. A Delta-GAM approach determined that high dolphinfish CPUE occurred during the period from November–January between 9-11°S at an average of 190 nautical miles (nm) from the coast. From February–March, the highest CPUE was located along the coast up to 115 nm offshore between 12-13°S, which suggested that dolphinfish migrate to the southeast during austral summer. However, there was no evidence of a reverse migration towards the northwest, although this result must be corroborated with data taken outside of the dolphinfish fishing season (October–April) in future studies. According to the environmental variables, dolphinfish preferred to stay in waters with sea surface temperatures (SST) that ranged from 22-24 °C, low chlorophyll-a concentrations (CHL; < 1 mg m−3), and surface sea heights (SSH) that ranged from 0.10-0.20 m. The information derived from this study, such as the maps, spatial indicators, and time series, contribute to the knowledge of how the spatial distribution of the dolphinfish and dolphinfish CPUE may vary under future climate conditions and provide some clues that will facilitate fishing ground forecasts in both the short and long term. Finally, our results may provide tools to develop or improve the conservation and management strategies of this species, which supports one of the most important artisanal fisheries in Peru.","2019","2026-05-02 15:49:42","2026-05-02 15:49:42","","104665","","","169-170","","","","","","","","","","","","","","","","","","","","","Artisanal fishery; Coryphaena hippurus; Generalized additive model; Oceanographic variables; Species distribution model","","","","","","","","","","","","","","","","","","","","","","","","","","","","","","","","","","","","","","","","","","","","","","",""
"QE4UFIKZ","journalArticle","2017","Lyons, Kady; Adams, Douglas H.","First evidence of persistent organic contaminants as potential anthropogenic stressors in the Barndoor Skate Dipturus laevis","Marine Pollution Bulletin","","0025-326X","https://doi.org/10.1016/j.marpolbul.2017.01.007","https://www.sciencedirect.com/science/article/pii/S0025326X17300085","Although exploited populations of elasmobranchs may be able to recover from fishing pressure, there is little information regarding the Barndoor Skate's ability to cope with other anthropogenic stressors such as organic contaminants (OCs). Legacy OCs were measured in liver, muscle and ova from fourteen Barndoor Skates with mature skates having significantly greater mean concentrations of OCs than immature skates, demonstrating bioaccumulation with age. Using Toxic Equivalency Factors, skates were found to have levels of PCBs that have been shown to elicit negative physiological responses in other fishes and these results highlight the need for future studies to investigate the potential impacts that bioaccumulated organic contaminants have on the recovery and conservation of this vulnerable species.","2017","2026-05-02 15:49:42","2026-05-02 15:49:42","","534-537","","1","116","","","","","","","","","","","","","","","","","","","","","Elasmobranch; Marine fisheries; Organic contaminants; Threatened species","","","","","","","","","","","","","","","","","","","","","","","","","","","","","","","","","","","","","","","","","","","","","","",""
"Z6Q3UHGT","journalArticle","2017","Keller, Krystle; Steffe, Aldo S.; Lowry, Michael B.; Murphy, Jeffrey J.; Smith, James A.; Suthers, Iain M.","Estimating the recreational harvest of fish from a nearshore designed artificial reef using a pragmatic approach","Fisheries Research","","0165-7836","https://doi.org/10.1016/j.fishres.2016.11.022","https://www.sciencedirect.com/science/article/pii/S0165783616304076","Designed artificial reefs (ARs) are deployed for various purposes including the enhancement of recreational fisheries. The ability to assess recreational harvest is important for determining the effectiveness of AR deployments. Harvest estimation at AR fisheries pose many logistical and budgetary challenges. We present a pragmatic approach to estimate harvest at an AR off coastal Sydney, Australia, that combines existing datasets and a cost-effective sampling design from two different time periods. Fishing effort data collected from June 2013 to May 2014 were derived directly from digital images of the AR and were validated by direct observation. Multiple datasets were then integrated to obtain a list of taxa that are harvested by recreational fishers within the AR area. Data from a series of probability-based surveys conducted prior to the deployment of the AR from March 2007 to February 2009 were used to obtain estimates of harvest rates for these taxa. Harvest at the reef was estimated by multiplying fishing effort and these harvest rates together. Total annual recreational harvest from the AR during June 2013–May 2014 was estimated to be 1016±82 fish by number, 700±59kg of fish by weight, and 12,504kg per km2. Standardized harvest at the Sydney AR was relatively high (2.3–43.6 times larger) compared to other fishery areas from which the fishable area is known. Harvest at the AR was dominated by 6 functional groups (ambush predators, leatherjackets, large to medium pelagic fish, small pelagic fish, medium demersal predators and large demersal predators), which accounted for 92% of the total annual harvest by number, and 95% of the total annual harvest by weight. Comparisons of standardized harvest between the Sydney AR and other fishery areas revealed two distinct groups, a) the AR and Swansea channel, a marine-dominated entrance to a large estuary, and b) all other fishery areas. The use of existing datasets from a previous time period to represent current conditions in a fishery can be subject to potential bias since harvest composition and harvest rates were calculated using data collected prior to the implementation of the AR. However, this pragmatic approach may be the only viable option when the implementation of probability-based survey methods is logistically complex and prohibitively costly. Future studies attempting to estimate harvest at small, discrete AR fisheries located near large population centers should therefore consider an integrated methodology that combines existing datasets and cost-effective sampling designs.","2017","2026-05-02 15:49:42","2026-05-02 15:49:42","","158-167","","","187","","","","","","","","","","","","","","","","","","","","","Artificial reef; Harvest estimation; Recreational fishing; Sampling design","","","","","","","","","","","","","","","","","","","","","","","","","","","","","","","","","","","","","","","","","","","","","","",""
"BRVNIQU4","journalArticle","2020","Chen, Zhang-Fan; Tian, Yong-Sheng; Ma, Wen-Hui; Zhai, Jie-Ming","Gene expression changes in response to low temperatures in embryos of the kelp grouper, Epinephelus moara","Cryobiology","","0011-2240","https://doi.org/10.1016/j.cryobiol.2020.05.013","https://www.sciencedirect.com/science/article/pii/S0011224020300298","The kelp grouper Epinephelus moara has high economic value and is popular in fisheries and aquaculture in China. In the previous study, we treated the embryos at 16–22 somite stage at 4 °C, −25.7 °C, −140 °C and −196 °C, and successfully obtained surviving embryos in each group. To better understand the molecular changes affected by the low temperatures, we conducted a comparative transcriptome analysis among embryos exposed at 4 °C for 30 min, embryos exposed at −25.7 °C for 30 min and the control group. qPCR assays were conducted for the validation. Signal transduction pathways were highly enriched for the differentially expressed genes. c-Fos, c-Jun, JunD, GADD45, involved in MAPK signaling pathway, were upregulated when embryos were treated at low temperatures. As immediate early genes, Egr-1a and b, and IER2, that respond quickly to the environment stress, their expression increased as well. Hsp70 showed similar expression pattern as immediate early genes. Meanwhile, transcription factors Sox, HES, TFIID, muscle movement and protein synthesis-related genes were downregulated. Taken together, our findings suggest that cooling disrupts gene expression patterns in E. moara embryos. The differentially expressed genes may be involved in cellular resistance against low temperatures, possibly through neural activation, apoptosis, proliferation, differentiation, cellular recovery and heat shock regulation. This study also provides transcriptome dataset of E. moara embryos exposed to cold temperatures for future studies focusing on the molecular effects of cryopreservation.","2020","2026-05-02 15:49:42","2026-05-02 15:49:42","","159-167","","","97","","","","","","","","","","","","","","","","","","","","","Cooling; Differential gene expression; Embryos; Grouper (); RNA-Seq","","","","","","","","","","","","","","","","","","","","","","","","","","","","","","","","","","","","","","","","","","","","","","",""
"U4Y6MCQE","journalArticle","2023","Robinson, Nathan J.; Aguzzi, Jacopo; Arias, Sofia; Gatto, Christopher; Mills, Sophie K.; Monte, Andrea; St.Andrews, Laura; Yaney-Keller, Adam; Tomillo, Pilar Santidrián","Global trends in sea turtle research and conservation: Using symposium abstracts to assess past biases and future opportunities","Global Ecology and Conservation","","2351-9894","https://doi.org/10.1016/j.gecco.2023.e02587","https://www.sciencedirect.com/science/article/pii/S2351989423002226","We quantified research trends in the field of sea turtle science by collating data from 30 years of abstracts presented annually at the International Sea Turtle Symposium – the largest scientific symposia focusing exclusively on sea turtles. From the analysis of 7370 abstracts, we revealed five key findings: (1) loggerhead and green turtles were studied more than any other species; (2) the most studied Regional Management Units (RMUs) were typically those in the North Atlantic Ocean while the least studies were in the Indian Ocean; (3) almost half of all sea turtle studies were conducted on nesting beaches, leaving juveniles and adult males extensively understudied; (4) the most studied threat to sea turtles was fisheries bycatch although the proportion of studies on climate change increased rapidly after 2006; and (5) mark-recapture was the most utilized method for studying sea turtles but its use has dropped proportionately alongside an increased use of more modern tools such as satellite telemetry, stable isotope analysis, and genetics. We conclude that long-standing biases exist in sea turtle science and this has lead to many regions, habitats, and life-stages being chronically understudied. While trends suggest that these biases are slowly being addressed, efforts are still required to ensure that future studies effectively address the greatest conservation needs or fill the largest knowledge gaps on a truly global-scale.","2023","2026-05-02 15:49:42","2026-05-02 15:49:42","","e02587","","","47","","","","","","","","","","","","","","","","","","","","","Conservation; Bibliographic survey; Conference; International sea turtle symposium; Marine turtles; Symposia","","","","","","","","","","","","","","","","","","","","","","","","","","","","","","","","","","","","","","","","","","","","","","",""
"74GEU2P7","journalArticle","2014","Pabic, Charles Le; Goux, Didier; Guillamin, Maryline; Safi, Georges; Lebel, Jean-Marc; Koueta, Noussithé; Serpentini, Antoine","Hemocyte morphology and phagocytic activity in the common cuttlefish (Sepia officinalis)","Fish & Shellfish Immunology","","1050-4648","https://doi.org/10.1016/j.fsi.2014.07.020","https://www.sciencedirect.com/science/article/pii/S1050464814002617","Little is known about the immune system of cephalopods, in spite of their many highly derived characters within the molluscan clade, including a vertebrate-like high-pressure closed circulatory system. Further the economic importance of cephalopod fisheries, potential for aquaculture, and use as ecotoxicology models demand a thorough understanding of their immune system. In this study, we present a comprehensive characterization of hemocytes in the common cuttlefish Sepia officinalis. Cytological stainings, electron microscopy- and flow cytometry-observations highlight a single granulocyte population with various densities of eosinophilic granules and unstained vesicles. These hemocytes contain acid phosphatase-, lysozyme- and proPO system enzymes, and have high activity in bead phagocytosis assays. Interestingly, bead pre-incubation in plasma results in time-dependent aggregation perhaps resulting from hemocyanin-coating, and decrease in phagocytosis. This study provides the basis for understanding hemocyte-mediated immunity in the common cuttlefish, and essential background for future studies on cephalopod immunity.","2014","2026-05-02 15:49:42","2026-05-02 15:49:42","","362-373","","2","40","","","","","","","","","","","","","","","","","","","","","Cephalopod mollusks; Cuttlefish (); Enzymatic assay; Hemocyte population; Phagocytosis","","","","","","","","","","","","","","","","","","","","","","","","","","","","","","","","","","","","","","","","","","","","","","",""
"47GZT4T6","journalArticle","2016","Prestrelo, Luana; Vianna, e Marcelo","Identifying multiple-use conflicts prior to marine spatial planning: A case study of A multi-legislative estuary in Brazil","Marine Policy","","0308-597X","https://doi.org/10.1016/j.marpol.2016.02.001","https://www.sciencedirect.com/science/article/pii/S0308597X16000452","Marine spatial planning (MSP) is essential to solve spatial multiple-use problems, but first it is necessary to identify and map all existing uses, regulations and conflicts. Use conflicts related to the multi-legislative governance, neglect of fishermen's interests, and intensifying industrial growth due to economic development were identified for in a multiple-use Brazilian estuary. Overlaps between areas that are presently used for fishing and areas that are subject to regulations prohibiting this activity were analyzed. Information on regulations establishing no-fishing zones, the most important fishing sites and fishing records were gathered and superimposed using a GIS dataset. Main fishing zones were located within prohibited fishing areas. Regulations limiting fishing activity govern navigation routes and pipeline safety zone, whereas environmental law restrictions were less important. Due to economic and industrial development, oil and gas distribution and harbor construction projects are increasing, aggravating use conflicts and jeopardizing fishing activity. Legislation fragments usable fishing areas forcing fishers to operate within prohibited zones. Neglect of fishermen's interests, and their exclusion on the decision-making process led to a legislative scenario that reduce fishing legal zone to few areas, which in most cases fisherman are not even aware were they are, beingthe main reasons for fisher's failure to comply with the current regulations, increasing the number of infractions and the marginalization of fishermen. Future studies on multiple-use coastal areas subject to multiple jurisdictions should focus on all uses, not only environmental, to better understand spatial conflicts and to establish a realistic MSP embracing fisheries management, environmental conservation and economic development.","2016","2026-05-02 15:49:42","2026-05-02 15:49:42","","83-93","","","67","","","","","","","","","","","","","","","","","","","","","Fisheries management; Estuary; Small-scale fisheries; Fisheries governance; Multiple use conflict; Zoning","","","","","","","","","","","","","","","","","","","","","","","","","","","","","","","","","","","","","","","","","","","","","","",""
"IBC5BJS7","journalArticle","2017","Kumar, Girish; Kocour, Martin","Applications of next-generation sequencing in fisheries research: A review","Fisheries Research","","0165-7836","https://doi.org/10.1016/j.fishres.2016.07.021","https://www.sciencedirect.com/science/article/pii/S0165783616302338","The rapid advancement and decreasing costs of next-generation sequencing (NGS) technologies have revolutionized the field of genomics and beyond. NGS has led to astonishing number of scientific advances and has offered a paradigm shift from gene to genome-wide research in the field of fisheries and aquaculture. Researchers in fish biology have used NGS to discover novel genetic markers for population and traceability studies. Additionally, NGS technologies have been utilized for ecotoxicological applications, genome-wide characterization to find the genomic regions associated with commercially important traits, profiling of messenger-RNAs and micro-RNAs to study the control of biological processes, and to learn more about evolutionary questions. In recent years, great efforts have been made on sequencing the genomes of economically important aquaculture species. These efforts have shown astounding potential to bring enormous change in genetic and biological research in fisheries and aquaculture. Nevertheless, genomic information for most of the fish species is still lacking and results of some studies using NGS were presented without keeping proper sampling and/or experimental design. Future studies should be spread on other non-model species, but with proper sampling respecting aim of such studies. Only then, it is possible to understand well genetic and biological significance of investigated species for fisheries and aquaculture. This review summarizes various applications of next-generation sequencing that has been used in fishery research up to now.","2017","2026-05-02 15:49:42","2026-05-02 15:49:42","","11-22","","","186","","","","","","","","","","","","","","","","","","","","","Aquaculture; Traceability; Evolution; Genome; Molecular marker; Population genetics","","","","","","","","","","","","","","","","","","","","","","","","","","","","","","","","","","","","","","","","","","","","","","",""
"2S6WMV5X","journalArticle","2011","Burkhard, Benjamin; Opitz, Silvia; Lenhart, Hermann; Ahrendt, Kai; Garthe, Stefan; Mendel, Bettina; Windhorst, Wilhelm","Ecosystem based modeling and indication of ecological integrity in the German North Sea—Case study offshore wind parks","Ecological Indicators","","1470-160X","https://doi.org/10.1016/j.ecolind.2009.07.004","https://www.sciencedirect.com/science/article/pii/S1470160X09001228","Human exploitation and use of marine and coastal areas are apparent and growing in many regions of the world. For instance, fishery, shipping, military, raw material exploitation, nature protection and the rapidly expanding offshore wind power technology are competing for limited resources and space. The development and implementation of Integrated Coastal Zone Management (ICZM) strategies could help to solve these problems. Therefore, suitable spatial assessment, modeling, planning and management tools are urgently needed. These tools have to deal with data that include complex information on different spatial and temporal scales. A systematic approach based on the development of future scenarios which are assessed by combining different simulation models, GIS methods and an integrating set of ecological integrity indicators, was applied in a case study in the German North Sea. Here, the installation of huge offshore wind parks within the near future is planned. The aim was to model environmental effects of altered sea-use patterns on marine biota. Indicators of ecological integrity were used to assess altering conditions and possible ecosystem shifts ranging from systems’ degradations to the development of highly productive and diverse artificial reef systems. The results showed that some ecosystem processes and properties and related indicators are sensitive to changes generated by offshore wind park installations while others did not react as hypothesized.","2011","2026-05-02 15:49:42","2026-05-02 15:49:42","","168-174","","1","11","","","","","","","","","","","","","","","","","","","","","Marine ecosystems; Artificial reefs; Ecosystem dynamic; Integrated Coastal Zone Management (ICZM); Offshore wind power","","","","","","","","","","","","","","","","","","","","","","","","","","","","","","","","","","","","","","","","","","","","","","",""
"29B4ZB64","journalArticle","2011","Landsman, S. J.; Nguyen, V. M.; Gutowsky, L. F. G.; Gobin, J.; Cook, K. V.; Binder, T. R.; Lower, N.; McLaughlin, R. L.; Cooke, S. J.","Fish movement and migration studies in the Laurentian Great Lakes: Research trends and knowledge gaps","Journal of Great Lakes Research","","0380-1330","https://doi.org/10.1016/j.jglr.2011.03.003","https://www.sciencedirect.com/science/article/pii/S0380133011000542","Resource management agencies in the Laurentian Great Lakes routinely conduct studies of fish movement and migration to understand the temporal and spatial distribution of fishes within and between the lakes and their tributaries. This literature has never been summarized and evaluated to identify common themes and future research opportunities. We reviewed 112 studies, published between 1952 and 2010, with the goal of summarizing existing research on the movement and migration of fishes in the Laurentian Great Lakes. The most commonly studied species were Lake Trout (Salvelinus namaycush), Walleye (Sander vitreus), and Lake Sturgeon (Acipenser fulvescens). Studies relied mainly on mark-recapture techniques with comparatively few using newer technologies such as biotelemetry, hydroacoustics, or otolith microchemistry/isotope analysis. Most movement studies addressed questions related to reproductive biology, effects of environmental factors on movement, stocking, and habitat use. Movement-related knowledge gaps were identified through the literature synthesis and a survey distributed to Great Lakes fisheries managers. Future studies on emigration/immigration of fishes through lake corridors, the dispersal of stocked fishes and of stock mixing were identified as being particularly important given their potential for developing lake- or region-wide harvest regulations and stocking strategies. The diversity of tools for studying fish movement across multiple years and various spatial scales gives researchers new abilities to address key science questions and management needs. Addressing these needs has the potential to improve upon existing fisheries management practices within the complexity of multi-jurisdictional governance in the Laurentian Great Lakes.","2011","2026-05-02 15:49:42","2026-05-02 15:49:42","","365-379","","2","37","","","","","","","","","","","","","","","","","","","","","Fishes; Management; Great Lakes; Movement; Telemetry","","","","","","","","","","","","","","","","","","","","","","","","","","","","","","","","","","","","","","","","","","","","","","",""
"JATEWLER","journalArticle","2017","DeBruyne, Robin L.; Fielder, David G.; Roseman, Edward F.; Butchko, Peter H.","Exploring potential effects of cormorant predation on the fish community in Saginaw Bay, Lake Huron","Journal of Great Lakes Research","","0380-1330","https://doi.org/10.1016/j.jglr.2016.12.004","https://www.sciencedirect.com/science/article/pii/S0380133016302349","Stakeholders and fishery managers expressed concern that double-crested cormorant Phalacrocorax auritus predation may be a factor in the recent poor survival of yellow perch Perca flavescens in Saginaw Bay. We quantified cormorant diets from two nesting colonies in Saginaw Bay during April–September in 2013 and 2014, with special emphasis on impacts to yellow perch. Cormorants (n=691) were collected when returning to colonies after foraging. Stomachs were removed and preserved in the field. Diet items were identified, enumerated, and measured (n=23.373). Cormorant diets from Saginaw Bay indicate a heavy reliance on round goby and Notropis species as prey during the breeding season, consistent with other areas of the Great Lakes where round goby and cormorants coincide. Respectively, the three most common prey species observed by number (%) and biomass (%) pooled across years and sites were round goby Neogobius melanostomus (56.6%, 42.1%), emerald shiner Notropis antherinoides (25.2%, 12.5%), and yellow perch (8.0%, 14.1%). Diet composition was more variable at Spoils Island than at Little Charity Island. Overall cormorant consumption (estimated using cormorant consumption demand rates) of yellow perch was compared to walleye consumption. Cormorant consumption of age-1 yellow perch was 13–17% as much as mean walleye consumption of yellow perch in 2013 and 8–11% in 2014. The cumulative effects of walleye and spring cormorant predation likely represent a recruitment bottleneck for yellow perch in Saginaw Bay. Future studies determining age-specific abundance of yellow perch would facilitate better determination of cormorant predation significance.","2017","2026-05-02 15:49:42","2026-05-02 15:49:42","","387-393","","2","43","","","","","","","","","","","","","","","","","","","","","Diet; Yellow perch; Saginaw Bay; Double-crested cormorant; Round goby; Walleye","","","","","","","","","","","","","","","","","","","","","","","","","","","","","","","","","","","","","","","","","","","","","","",""
"VRKEF647","journalArticle","2018","Song, Kyung-Jun","Bycatch of cetaceans in Korea fisheries in the East Sea","Fisheries Research","","0165-7836","https://doi.org/10.1016/j.fishres.2017.10.002","https://www.sciencedirect.com/science/article/pii/S0165783617302709","Bycatch of marine mammals in fishing gear is a global problem, and considered a significant threat to cetaceans in the East Sea. The characteristics of cetacean bycatches in this area between 2013 and 2014 were investigated. The Korea Coast Guard reported a total of 717 cetacean bycatches involving 10 species. Four species, spinner dolphins (Stenella longirostris), long-beaked common dolphins (Delphinus capensis), minke whales (Balaenoptera acutorostrata), and finless porpoises (Neophocaena asiaeorientalis) accounted for 95.6% of the bycaught cetaceans. More bycatches occurred in the spring (49.8%) than in other seasons, with a peak in April (22.0%). Most bycatches involved three types of fishing gear: set nets, pots and gill nets (n=706; 98.5%). The remaining bycatches were associated with trawl nets (n=4; 0.6%). Most bycatches took place within 5M of land (n=504; 79.5%).","2018","2026-05-02 15:49:42","2026-05-02 15:49:42","","7-9","","","197","","","","","","","","","","","","","","","","","","","","","Korea; Bycatch; Cetacean; Fishing gear; Gear type","","","","","","","","","","","","","","","","","","","","","","","","","","","","","","","","","","","","","","","","","","","","","","",""
"F3TLHIAX","journalArticle","2018","Stead, Selina Marguerite","Rethinking marine resource governance for the United Nations Sustainable Development Goals","Current Opinion in Environmental Sustainability","","1877-3435","https://doi.org/10.1016/j.cosust.2018.12.001","https://www.sciencedirect.com/science/article/pii/S1877343518300344","Governments are facing mounting pressure to ‘do something on the United Nations Sustainable Development Goal (SDG) 14’. The SDG 14 comprises targets and indicators for countries to show progress in achieving conservation and sustainable use of oceans, seas and marine resources for sustainable development. One novel approach experiencing traction in improving growth performance of marine resource sectors — particularly marine biotechnology and fisheries — is open innovation. This review assesses the potential impacts of using open innovation approaches more widely with good governance principles to promote sustainable management of marine resource use. Recent research filled the gap in creating a quantitative marine open innovation measure to monitor and manage marine sector innovation process. Prior 2018, formulation of marine policies — aimed at building economic prosperity from sustainable use of marine environments — were constrained by the absence of a tool to provide an index to compare marine sectors’ innovation performance. This review highlights a need to broaden the measures used to determine marine management effectiveness especially in the context of achieving the SDGs. Governments are urged to pay more attention to new governance tools including open innovation when formulating new policy aimed at building future scenarios of economic resilience involving marine resource use.","2018","2026-05-02 15:49:42","2026-05-02 15:49:42","","54-61","","","34","","","","","","","","","","","","","","","","","","","","","","","","","","","","","","","","","","","","","","","","","","","","","","","","","","","","","","","","","","","","","","","","","","","",""
"WRSPSH27","journalArticle","2015","Ogdahl, Mary E.; Steinman, Alan D.","Factors influencing macrophyte growth and recovery following shoreline restoration activity","Aquatic Botany","","0304-3770","https://doi.org/10.1016/j.aquabot.2014.10.006","https://www.sciencedirect.com/science/article/pii/S0304377014001594","Macrophytes are increasingly being used worldwide for assessing aquatic ecological condition. Because their growth is influenced by physical habitat conditions, such as sediment quality and near-shore gradient, macrophytes may also be valuable indicators of shoreline restoration efforts. An extensive shoreline restoration project in a lake with a history of industrial activity provided the opportunity to examine macrophyte and sediment status as metrics of aquatic ecosystem health and response. We surveyed macrophyte beds in Muskegon Lake, Michigan over a 4-year period to assess the ecological benefits of the restoration project. Macrophyte biomass was affected strongly by the physical features of the individual sites, including hydrologic exposure (i.e., wind and wave action) and sediment organic matter, which contributed to a large degree of variability among the sites. Declines in macrophyte biomass the year following restoration suggested a short-term negative impact on macrophyte communities. Recovery to at least pre-restoration biomass was evident two years following restoration. However, concurrent changes at the reference sites, though to a lesser degree, also suggested a possible overriding environmental cause (i.e., water level, air temperature, precipitation) for the observed changes in macrophyte growth. Lake restoration projects are usually designed to improve water quality and enhance the fishery. Although both goals are influenced by macrophytes, the plants themselves are rarely a focal point of restoration. Our study allowed us to address this information gap; even after 4 years of sampling, it appears the timeline is too short to detect a definitive response to restoration, but our results provide important baseline information and lessons learned for future studies.","2015","2026-05-02 15:49:42","2026-05-02 15:49:42","","363-370","","","120","","","","","","","","","","","","","","","","","","","","","Macrophytes; Great Lakes; Coastal wetlands; Drowned river mouth; Hardened shoreline; Shoreline restoration","","","","","","","","","","","","","","","","","","","","","","","","","","","","","","","","","","","","","","","","","","","","","","",""
"RZKZE3F3","journalArticle","2024","García-Cegarra, Ana M.; Hall, Anna; Martínez-López, Emma","Bycatch and pollution are the main threats for Burmeister's porpoises inhabiting a high-industrialized bay in the Humboldt Current System","Environmental Research","","0013-9351","https://doi.org/10.1016/j.envres.2024.118621","https://www.sciencedirect.com/science/article/pii/S0013935124005255","Pollution and bycatch are two of the main threats for cetaceans worldwide. These threats are exacerbated for nearshore species particularly for those in regions with intense industrial and fishing activities. Burmeister's porpoise is endemic to South America, has a Near Threatened conservation status because of long-term mortality in fisheries. Burmeister's porpoise occur in Mejillones Bay, northern Chile, a hot spot for heavy metals pollution from the mining industry and an intense industrial and artisanal purse-seine fishing area. From 2018 to 2021, we conducted systematic marine surveys to assess the abundance, distribution and habitat use of Burmeister's porpoises. We responded to stranding reports from 2018 to 2022, and necropsied nine individuals. From five of these, we analyzed the metal concentrations (As, Cd, Cr, Cu, Pb, Hg, Se and Zn) in muscle and skin tissues. Results showed an abundance of 76.17 individuals (CV = 25.9%) and an average density of 0.45 individuals/km2 (CV = 26%). Burmeister's porpoises were observed year round, 22.2% were mother-calf pairs present in austral summer at an average of 90.6 m depth in the southwestern bound of the bay. Two-thirds of stranded specimens died due to bycatch and one died due to bottlenose dolphin (Tursiops truncatus) attack. We report a dead Burmeister's porpoise positive for avian flu virus A (H5N1). Metals analyzed were found in muscle and skin tissues of stranded Burmeister's porpoises in the following order (Zn > Cu > Cr > As > Hg > Pb > Cd). Although we could not assess pollution as a cause of mortality, Cr, As and Pb concentrations exceeded the concentrations found in other porpoises species worldwide. We conclude that bycatch and pollution as the main threats for Burmeister's porpoise survival in northern Chile. Future studies should investigate the use of acoustic deterrent alarms to mitigate the bycatch in the bay and consider the Burmeister's porpoise as a sentinel species of pollution in northern Chilean coast.","2024","2026-05-02 15:49:42","2026-05-02 15:49:42","","118621","","","251","","","","","","","","","","","","","","","","","","","","","Abundance; Avian flu; Chile; Habitat use; Strandings; Toxic trace","","","","","","","","","","","","","","","","","","","","","","","","","","","","","","","","","","","","","","","","","","","","","","",""
"GNMQAY8V","journalArticle","2020","Silburn, Jack; Johnson, Daniel D.; Booth, David J.; Taylor, Matthew D.","The effect of subsampling when monitoring bycatch in a penaeid trawl fishery","Fisheries Research","","0165-7836","https://doi.org/10.1016/j.fishres.2019.105459","https://www.sciencedirect.com/science/article/pii/S0165783619303145","Fishery dependent and independent survey programs for multi-species trawl fisheries often employ subsampling to increase efficiency, but this is not usually accompanied by any quantitative analysis to optimise its application. Here, we measure the effect of subsampling on the information generated from trawl surveys, and provide relationships to assist the interpretation of data derived from such surveys, and confidence in associated estimates for future studies. A commercial fishing vessel was chartered to perform normal fishing operations, and various proportional subsamples (by weight) were sorted from each tow. Overall, 50 % of total species diversity in a sample would be detected if only 10 % of the total sample mass was sorted, however abundance estimates of individual species under different subsampling scenarios varied depending on their rarity. For common species, the abundance in a sample was estimated with reasonable accuracy from sorting only 10 % of the biomass, whereas sorting >60 % of the biomass was required to obtain an accurate estimate of abundance for rarer species. The careful consideration of program objectives is important in optimising the sampling approach employed, as subsampling may not be appropriate for detection of rare species. The patterns presented here provide a quantitative basis to support sampling and sorting methodology for multispecies trawl samples, as well quantifying the implications of subsampling on the confidence in estimates of diversity or abundance.","2020","2026-05-02 15:49:42","2026-05-02 15:49:42","","105459","","","224","","","","","","","","","","","","","","","","","","","","","Bycatch; Sampling design; Observer survey; Penaeidae; Sub-sample; Trawl","","","","","","","","","","","","","","","","","","","","","","","","","","","","","","","","","","","","","","","","","","","","","","",""
"N4JYH5IC","journalArticle","2014","Shepperson, Jennifer; Murray, Lee G.; Cook, Sally; Whiteley, Holly; Kaiser, Michel J.","Methodological considerations when using local knowledge to infer spatial patterns of resource exploitation in an Irish Sea fishery","Biological Conservation","","0006-3207","https://doi.org/10.1016/j.biocon.2014.10.013","https://www.sciencedirect.com/science/article/pii/S0006320714003942","Despite the potential of local knowledge (LK) to provide reliable, quick, and low cost data, its use has been limited due to the lack of understanding of the accuracy and biases. We compared fishers’ spatial LK data and fishery independent data from vessel monitoring systems (VMS) to analyse the concurrence between fisher derived and independently derived information. We examined the effect of sample size and scale on the match, to indicate the most appropriate approaches for future studies. Whilst LK provided a reasonable estimate of fishing extent, the estimated intensity of fishing was less well correlated with the VMS data. The agreement between LK and VMS data was significantly affected by the sample size from which LK knowledge was derived. There can be considerable variation in the accuracy of individual LK samples, therefore the sample size must be maximised to buffer for unreliable LK samples. A finer grid provided a more accurate representation of fishing extent; however, fishing intensity was more accurate when a coarser grid resolution was used. The use of a larger grid could also buffer some of the inaccuracy of a small sample size when determining intensity. Local knowledge can provide data of a similar accuracy to conventional scientific data, which is of particular use in data poor situations, e.g. in developing countries and for inshore fisheries that have no current mandatory VMS recording systems. However, the proportion of the community sampled should be maximised to minimise inaccuracy between individual fishers.","2014","2026-05-02 15:49:42","2026-05-02 15:49:42","","214-223","","","180","","","","","","","","","","","","","","","","","","","","","GIS; Local ecological knowledge; Participatory monitoring; Sample size; Scale effects; Vessel monitoring system","","","","","","","","","","","","","","","","","","","","","","","","","","","","","","","","","","","","","","","","","","","","","","",""
"PRC32V4K","journalArticle","2016","Hobday, Alistair J.; Alexander, Lisa V.; Perkins, Sarah E.; Smale, Dan A.; Straub, Sandra C.; Oliver, Eric C. J.; Benthuysen, Jessica A.; Burrows, Michael T.; Donat, Markus G.; Feng, Ming; Holbrook, Neil J.; Moore, Pippa J.; Scannell, Hillary A.; Gupta, Alex Sen; Wernberg, Thomas","A hierarchical approach to defining marine heatwaves","Progress in Oceanography","","0079-6611","https://doi.org/10.1016/j.pocean.2015.12.014","https://www.sciencedirect.com/science/article/pii/S0079661116000057","Marine heatwaves (MHWs) have been observed around the world and are expected to increase in intensity and frequency under anthropogenic climate change. A variety of impacts have been associated with these anomalous events, including shifts in species ranges, local extinctions and economic impacts on seafood industries through declines in important fishery species and impacts on aquaculture. Extreme temperatures are increasingly seen as important influences on biological systems, yet a consistent definition of MHWs does not exist. A clear definition will facilitate retrospective comparisons between MHWs, enabling the synthesis and a mechanistic understanding of the role of MHWs in marine ecosystems. Building on research into atmospheric heatwaves, we propose both a general and specific definition for MHWs, based on a hierarchy of metrics that allow for different data sets to be used in identifying MHWs. We generally define a MHW as a prolonged discrete anomalously warm water event that can be described by its duration, intensity, rate of evolution, and spatial extent. Specifically, we consider an anomalously warm event to be a MHW if it lasts for five or more days, with temperatures warmer than the 90th percentile based on a 30-year historical baseline period. This structure provides flexibility with regard to the description of MHWs and transparency in communicating MHWs to a general audience. The use of these metrics is illustrated for three 21st century MHWs; the northern Mediterranean event in 2003, the Western Australia ‘Ningaloo Niño’ in 2011, and the northwest Atlantic event in 2012. We recommend a specific quantitative definition for MHWs to facilitate global comparisons and to advance our understanding of these phenomena.","2016","2026-05-02 15:49:42","2026-05-02 15:49:42","","227-238","","","141","","","","","","","","","","","","","","","","","","","","","","","","","","","","","","","","","","","","","","","","","","","","","","","","","","","","","","","","","","","","","","","","","","","",""
"YT837XAK","journalArticle","2021","Guerra, Thiago Pereira; Santos, Josiene Maria Falcão Fraga dos; Pennino, Maria Grazia; Lopes, Priscila Fabiana Macedo","Damage or benefit? How future scenarios of climate change may affect the distribution of small pelagic fishes in the coastal seas of the Americas","Fisheries Research","","0165-7836","https://doi.org/10.1016/j.fishres.2020.105815","https://www.sciencedirect.com/science/article/pii/S0165783620303325","Species occurrence and distribution have already been directly affected by climate change, a scenario that is likely to be accentuated as the temperature rise is expected to exceed 2 °C by 2100. Owing to climate change, organisms are forced to migrate or adapt to new climatic conditions, and if they fail to do so, they are at risk of declining and becoming extinct. However, some species are adapted to overcome and even benefit from these new conditions, increasing their occurrence area or even their abundance. Using Bayesian Species Distribution Models (B-SDMs), we evaluated the current distribution of two halfbeak fishes, Hyporhamphus unifasciatus and Hemiramphus brasiliensis, and the effect of climate changes predicted for 2050 and 2100 on the distribution of these populations in coastal waters of the Americas. We used species occurrence data from bibliographical sources and online databases. One biotic (net primary production - NPP) and four abiotic variables (sea surface temperature - SST), sea surface salinity - SSS), depth, and sea bottom rugosity) were used as potential predictors of species distribution. Results indicated that both species are more likely found in shallower, warmer, and saltier waters. Model prediction suggests that they will probably benefit from climate change, with potential increase in their occurrence area in coastal regions of the Americas, especially due to temperature rise and increased salinity.","2021","2026-05-02 15:49:42","2026-05-02 15:49:42","","105815","","","234","","","","","","","","","","","","","","","","","","","","","Brazilian fisheries; Distribution models; Temperature rise","","","","","","","","","","","","","","","","","","","","","","","","","","","","","","","","","","","","","","","","","","","","","","",""
"8Z465237","journalArticle","2023","Cembella, Allan; Klemm, Kerstin; John, Uwe; Karlson, Bengt; Arneborg, Lars; Clarke, Dave; Yamanaka, Tsuyuko; Cusack, Caroline; Naustvoll, Lars; Bresnan, Eileen; Šupraha, Luka; Lundholm, Nina","Emerging phylogeographic perspective on the toxigenic diatom genus Pseudo-nitzschia in coastal northern European waters and gateways to eastern Arctic seas: Causes, ecological consequences and socio-economic impacts","Harmful Algae","","1568-9883","https://doi.org/10.1016/j.hal.2023.102496","https://www.sciencedirect.com/science/article/pii/S1568988323001221","The diatom Pseudo-nitzschia H. Peragallo is perhaps the most intensively researched genus of marine pennate diatoms, with respect to species diversity, life history strategies, toxigenicity, and biogeographical distribution. The global magnitude and consequences of harmful algal blooms (HABs) of Pseudo-nitzschia are particularly significant because of the high socioeconomic impacts and environmental and human health risks associated with the production of the neurotoxin domoic acid (DA) among populations of many (although not all) species. This has led to enhanced monitoring and mitigation strategies for toxigenic Pseudo-nitzschia blooms and their toxins in recent years. Nevertheless, human adaptive actions based on future scenarios of bloom dynamics and proposed shifts in biogeographical distribution under climate-change regimes have not been implemented on a regional scale. In the CoCliME (Co-development of climate services for adaptation to changing marine ecosystems) program these issues were addressed with respect to past, current and anticipated future status of key HAB genera such as Pseudo-nitzschia and expected benefits of enhanced monitoring. Data on the distribution and frequency of Pseudo-nitzschia blooms in relation to DA occurrence and associated amnesic shellfish toxin (AST) events were evaluated in a contemporary and historical context over the past several decades from key northern CoCliME Case Study areas. The regional studies comprised the greater North Sea and adjacent Kattegat-Skagerrak and Norwegian Sea, eastern North Atlantic marginal seas and Arctic gateways, and the Baltic Sea. The first evidence of possible biogeographical expansion of Pseudo-nitzschia taxa into frontier eastern Arctic gateways was provided from DNA barcoding signatures. Key climate change indicators, such as salinity, temperature, and water-column stratification were identified as drivers of upwelling and advection related to the distribution of regional Pseudo-nitzschia blooms. The possible influence of changing variables on bloom dynamics, magnitude, frequency and spatial and temporal distribution were interpreted in the context of regional ocean climate models. These climate change indicators may play key roles in selecting for the occurrence and diversity of Pseudo-nitzschia species within the broader microeukaryote communities. Shifts to higher temperature and lower salinity regimes predicted for the southern North Sea indicate the potential for high-magnitude Pseudo-nitzschia blooms, currently absent from this area. Ecological and socioeconomic impacts of Pseudo-nitzschia blooms are evaluated with reference to effects on fisheries and mariculture resources and coastal ecosystem function. Where feasible, effective adaptation strategies are proposed herein as emerging climate services for the northern CoCLiME region.","2023","2026-05-02 15:49:42","2026-05-02 15:49:42","","102496","","","129","","","","","","","","","","","","","","","","","","","","","Ocean acidification; Amnesic shellfish poisoning; Climate change indicators; CoCliME; Domoic acid; Pennate diatom","","","","","","","","","","","","","","","","","","","","","","","","","","","","","","","","","","","","","","","","","","","","","","",""
"88X8EGG7","journalArticle","2020","Vezi, Madonna; Downs, Colleen; Wepener, Victor; O'Brien, Gordon","Application of the relative risk model for evaluation of ecological risk in selected river dominated estuaries in KwaZulu-Natal, South Africa","Ocean & Coastal Management","","0964-5691","https://doi.org/10.1016/j.ocecoaman.2019.105035","https://www.sciencedirect.com/science/article/pii/S0964569119309056","Effective environmental management and restoration of impacted estuaries in South Africa necessitates a holistic understanding of the contribution of various stressor-related impacts throughout the catchment. Ecological risk assessment for aquatic ecosystems is an important tool for water resource management. In this study, we describe results of a preliminary assessment that was conducted to evaluate the relative risks of multiple anthropogenic stressors currently acting within the catchments of uMvoti, Thukela and aMatikulu/Nyoni estuaries using Bayesian Network Relative Risk Model (BN-RRM) framework. Four socio-ecological endpoints selected for the present study included biodiversity habitat, safe environment, fisheries and productivity. We constructed a conceptual model which depicted potential and effect pathways from the source, to the stressor, to the habitat and to the endpoint. We also developed five scenarios (including historical and future scenarios) to predict the potential risk distributions in different proposed scenarios. Results revealed that productivity was the endpoint at the lower risk in all the estuaries and all scenarios except for scenario 5. Results also showed that scenario 3 which is a scenario before major resource development had the lowest risk scores for all the endpoints. Scenario 4 (year 2025 if no laws and management measures are implemented) had the highest risk scores for all the endpoints. Overall endpoints generally displayed low to medium risk throughout all scenarios (except scenario 3) and different flows. All endpoints generally displayed zero risk in scenario 3. All endpoints were at a highest risk in the uMvoti Estuary followed by aMatikulu/Nyoni and then Thukela Estuary. Results highlighted that in the uMvoti and Thukela estuaries, people were at a higher risk when compared with the ecological components of these systems as social endpoints displayed higher risk scores than the ecological endpoints, however the opposite was observed in the aMatikulu/Nyoni Estuary. This study provided the foundation for evaluating the risks of multiple stressors in the catchments of these estuaries to a variety of endpoints. Management options and research should focus on collecting necessary data and information to refine the developed RRM. By establishing such framework, we believe that stakeholders within the catchments of these systems together with government organisations will be able to make more informed and risk-based management decisions pertaining restoration and rehabilitation options for these three estuaries.","2020","2026-05-02 15:49:42","2026-05-02 15:49:42","","105035","","","185","","","","","","","","","","","","","","","","","","","","","Estuaries; Land use activities; Regional ecological risk assessment; Stressors","","","","","","","","","","","","","","","","","","","","","","","","","","","","","","","","","","","","","","","","","","","","","","",""
"CUEP45RV","journalArticle","2021","Haugen, Brianna I.; Cramer, Lori A.; Waldbusser, George G.; Conway, Flaxen D. L.","Resilience and adaptive capacity of Oregon’s fishing community: Cumulative impacts of climate change and the graying of the fleet","Marine Policy","","0308-597X","https://doi.org/10.1016/j.marpol.2021.104424","https://www.sciencedirect.com/science/article/pii/S0308597X21000348","Although there has been an increase in the research of social-ecological systems, there are still many gaps to understand the effects of change within coastal communities and ecosystems. The drivers of change include climate change, management regulations, demographic shifts, and market trends, and their intersectionality and, ultimately, impacts on commercial fishing communities are poorly understood. The research presented here explores connections between climate change and the increase in the average age of commercial fishermen, referred to as “graying of the fleet”. Ultimately, these connections inform our overall objective: to understand how cumulative impacts from these two ongoing phenomena affect the resilience and adaptive capacity of the fishing community. Parsing out the connections may help managers or policy makers more accurately conceptualize future scenarios of community change and simultaneously enables the location of specific target areas for intervention or opportunity. Oral history semi-structured interviews with members of Oregon’s fishing community were analyzed and recent climate change projections from the literature were synthesized to parameterize a set of possible scenarios regarding impacts on the fishing community. Results indicate that climate change will likely intensify both the stressors contributing to and the impacts of the graying of the fleet in Oregon. Analysis of the cumulative impacts from climate change and graying of the fleet reveal a greater impact on resilient and adaptive capacities of Oregon’s fishing community than analysis of the drivers individually indicates. Therefore, an important implication from this research is the need to evaluate cumulative impacts within these coupled social-ecological systems. Relying on the responsive adaptability of fishing community members alone may not be sufficient, as their resilience and capacity to do so could be limited in the future.","2021","2026-05-02 15:49:42","2026-05-02 15:49:42","","104424","","","126","","","","","","","","","","","","","","","","","","","","","Fisheries management; Climate change adaptation; Commercial fishing community; Community resilience; Cumulative impacts","","","","","","","","","","","","","","","","","","","","","","","","","","","","","","","","","","","","","","","","","","","","","","",""
"MLS2VM58","journalArticle","2008","Stewart, John","Capture depth related mortality of discarded snapper (Pagrus auratus) and implications for management","Fisheries Research","","0165-7836","https://doi.org/10.1016/j.fishres.2007.11.003","https://www.sciencedirect.com/science/article/pii/S0165783607003062","Variables affecting the short-term survival of snapper (Pagrus auratus) captured using commercial fish traps and subsequently released were investigated by holding the fish in cages. A logistic regression model showed that capture depth had the greatest affect on short-term survival of snapper, with no mortalities observed from depths of less than 21m and ∼2% from depths of less than 30m. Mortality of snapper increased rapidly after 30m and was ∼39% between capture depths of 30 and 44m and ∼55% between capture depths of 45 and 59m. Survival was also effected by fish length, with smaller fish being more likely to die. The rate of ascent of captured snapper and the density of fish in cages were kept reasonably constant and did not appear to affect survival. The number of snapper swimming upside-down prior to being returned to the sea floor in cages was not a good predictor of mortality. Future studies that use cages to assess discard mortality rates would benefit from underwater video observations of fish behaviour. The results demonstrate that the discard mortality of snapper should be considered when managing the fishery in New South Wales, Australia.","2008","2026-05-02 15:49:42","2026-05-02 15:49:42","","289-295","","1","90","","","","","","","","","","","","","","","","","","","","","Mortality; Depth; Pagrus; Release","","","","","","","","","","","","","","","","","","","","","","","","","","","","","","","","","","","","","","","","","","","","","","",""
"UCAIQT5W","bookSection","2016","Sneddon, Lynne U.; Wolfenden, David C. C.; Thomson, Jack S.","12 - Stress Management and Welfare","Biology of Stress in Fish","","1546-5098","https://doi.org/10.1016/B978-0-12-802728-8.00012-6","https://www.sciencedirect.com/science/article/pii/B9780128027288000126","1.Introduction1.1.Defining Welfare2.Managing Stress in Fish2.1.Considerations for Care of Wild Fish in Captivity2.2.The Impact of Psychological Stress2.3.Controlling and Preparing for Stress3.The Impact of Stress on Fish Welfare3.1.Stress in Fisheries3.2.Stress in Aquaculture3.3.Stress in Recreational Fishing3.4.Stress in Ornamental Fish3.5.Stress in Research Within a Laboratory Context3.6.Stress and Welfare in Wild Fish3.7.Surgery and Anesthesia4.Conclusions and Future Directions Stress poses a significant challenge to the health and welfare of fish in a variety of contexts. Preserving fish well-being has obvious benefits for aquaculture, fisheries management practices, large-scale fisheries, recreational fishing, research, and the ornamental fish industry. Healthy fish provide better economic return, contribute to population size, provide experimentally sound data, are attractive and pleasing to watch, and pose no risk to public health. However, many practices in each of these areas where fish are used cause stress and as such may impair fish welfare. The impact of routine procedures that fish are subject to is discussed to better understand how stress can be managed in captivity. The means of reducing stress and its deleterious effects on fish behavior, development, growth, reproduction, and immune function are considered as practical management tools that could be employed by those using fish if they wish to minimize stress and improve health. The opportunity to have a sense of control over stress or being able to anticipate and prepare for stress improves the ability of fish to cope with any stressors in their environment. Inescapable, unpredictable, or chronic stress leads to loss of control and allostatic overload. This can result in behavioral abnormalities leading to displaced aggression and stereotypical behavior. Thus, allowing fish to have other behavior options such as hiding or redirecting behavior can be provided by environmental enrichment. Conditioning fish to associate cues with the onset of a stress allows them to anticipate and prepare for stress, which can be beneficial. Operant conditioning, where fish can operate self-feeders, allows fish to control their own foraging behavior and also has positive effects on fish welfare. Providing the right kind of environmental and cognitive stimulation along with optimal environmental conditions, appropriate feeding regimes and social contact appear to be key to reducing stress in captive contexts if this is logistically possible. Practices in a variety of fish industries are considered where stress may be elevated with countermeasures suggested. Future studies should investigate implementing these factors to understand their impact in different circumstances and in different species if reducing stress is important. The development of robust stress indicators and automated alert systems based on behavior or environmental parameters to detect fish health will be vital for the assessment and alleviation of stress.","2016","2026-05-02 15:49:42","2026-05-02 15:49:42","","463-539","","","35","","","","Fish Physiology","","","","Academic Press","","","","","","","","","","","","","fisheries; cognition; Allostasis; fish health; laboratory fish; refinement; welfare","","Schreck, Carl B.; Tort, Lluis; Farrell, Anthony P.; Brauner, Colin J.","","","","","","","","","","","","","","","","","","","","","","","","","","","","","","","","","","","","","","","","","","","","",""
"VDHFCZU4","journalArticle","2006","Rufino, Marta M.; Stelzenmüller, Vanessa; Maynou, Francesc; Zauke, Gert-Peter","Assessing the performance of linear geostatistical tools applied to artificial fisheries data","Fisheries Research","","0165-7836","https://doi.org/10.1016/j.fishres.2006.06.013","https://www.sciencedirect.com/science/article/pii/S0165783606002165","Most marine species are spatially clustered and thus the analysis of their distribution with geostatistical techniques is becoming increasingly common in fisheries studies, as a way of producing continuous distribution maps, reducing estimated error and analysing species spatial behaviour. The use of geostatistics is coupled with an increased computation power and development of statistical methods, leading to a greater availability of those to fisheries scientists. Thus, after the application of parametric classical geostatistical models to fisheries, a range of methods is now available that possibly are more adequate to fisheries data, typically non-normal, highly skewed and restricted to a low number of samples. However, the use of such recently available methods is still minimal and had not been widely applied or tested for its potential in fisheries studies. In the current work, we use simulated catch data, generated with an underlying spherical covariance function, considering two types of distribution function (Gaussian and log-Gaussian) and three levels of nugget variability (0, 30 and 50%). Twenty to 200 samples were randomly redrawn from the simulated data. Thus, for each case (sampling number, nugget and distribution) first, we test the efficiency of Mantel statistic in detecting significant autocorrelation. Second, we study the extent to which the originally defined covariance structure (variogram model parameters: nugget, sill and range) is recovered by different fitting methods: based on least squares (weighted least squares and Cressie) and on maximum likelihood (ML and relative ML) methods and the performance of the classical and robust variogram estimators. Third, we determine the reliability of several goodness-of-fit criteria (Akaike's, cross-validation, ‘gof’ and minimising function) in detecting the original model type (between spherical, exponential, Gaussian or linear). Finally, the bias of the fitting methods was modelled, so it can be corrected in future studies. Mantel test was able to detect significant autocorrelation in 20–85% of the cases, with Pearson r correlation coefficient varying between 0.04 and 0.12. The test statistic gave the best results with Gaussian data, increasing number of samples (more than 100) and decreasing nugget. Still, overall its behaviour was poor in identifying spatial autocorrelation. All fitting methods analysed gave significantly correct estimates for more than 50–70 samples, even when using log-Gaussian data with 50% nugget. Both estimator types behaved similarly in the Gaussian case, although the robust estimator performed considerably worse for log-Gaussian data. Using the least square methods, both weighted least squares (WLS) and Cressie behaved similarly well, for more than 50 samples, even with 50% nugget. As expected, the precision and accuracy of the estimates increased with the sample size, except for the range, which even when only 20 samples where used the estimates were correct. While the nugget was underestimated for any of the methods tested, the sill was generally overestimated, particularly in the presence of nugget. With increasing nugget variability (from 0 to 50%), more samples were required to accurately estimate the parameters. The range of variograms was in general overestimated by all methods studied. No goodness-of-fit criterion was able to detect the correct spatial model in more than 60% of the cases. Still, Akaike's, ‘gof’ using weights as pairs and the minimising function gave the best results. In this assessment, there was little influence of sample size and amount of nugget. A geostatistical analysis in a fisheries context is often carried out at the border of acceptability from a theoretical point of view; however, the results of this simulation study show that the reliability of a structural analysis can be improved when appropriate tools are employed.","2006","2026-05-02 15:49:42","2026-05-02 15:49:42","","263-279","","1","82","","","","","","","","","","","","","","","","","","","","","Maximum likelihood; Geostatistics; Goodness-of-fit criteria; Least squares methods; Non-conditional simulation; Nugget variability; Robust estimator","","","","","","","","","","","","","","","","","","","","","","","","","","","","","","","","","","","","","","","","","","","","","","",""
"6AF5952B","journalArticle","2021","Lescher, Cory; Yochum, Noëlle; Harris, Brad; Wolf, Nathan; Gauvin, John","Selecting species specific vitality metrics to predict red king crab (Paralithodes camtschaticus) discard survival","Fisheries Research","","0165-7836","https://doi.org/10.1016/j.fishres.2021.105964","https://www.sciencedirect.com/science/article/pii/S0165783621000928","Quantifiable behavior and reflex responses, termed “vitality assessment metrics”, have successfully linked impact from the commercial fishery capture and handling process with post-discard survival. These metrics have been effectively applied to commercially important crab species, including Tanner (Chionoecetes bairdi) and snow crab (C. opilio) bycaught in the Eastern Bering Sea groundfish bottom trawl fishery. When applied to red king crab (RKC; Paralithodes camtschaticus) in the same fishery, those metrics had limited success. We examined a suite of candidate RKC-specific metrics based on prior studies as well as several recommended by commercial fishermen. Provisional testing in a laboratory setting was used to narrow the list of metrics for field testing to include only those to which RKC showed consistent and definitive responses. Ultimately, seven vitality metrics were advanced for at-sea testing on RKC caught during commercial groundfish bottom trawl fishing. A total of 55 RKC were collected, 37 on deck as the codend was emptied and 18 from the below-deck factory at the regulatory point of discard. An initial assessment testing for the presence of the seven metrics was conducted immediately upon collection, generating a vitality score based on the number of absences. Crabs were tagged for individual tracking and held for 72 -hs in seawater tanks for re-assessment at 2, 4, 6, 12, 24, 48 and 72 -hs. Crab collected from the factory had higher initial impairment scores based on the vitality metrics than crab collected from the deck. In total, 6 crab, with higher impairment scores, died and the remaining 49, with lower impairment scores, showed evidence of strong to moderate recovery and were discarded alive after 72 -hs. Results from this study indicate that our species-specific vitality metrics successfully captured impairment, initial recovery and short-term mortality. This work elucidated the relationship between RKC impairment and delayed discard mortality, providing a mechanism to generate quantitative post-discard mortality rates in future studies.","2021","2026-05-02 15:49:42","2026-05-02 15:49:42","","105964","","","240","","","","","","","","","","","","","","","","","","","","","Discard survival; Groundfish; Prohibited species; Reflex response; Vitality metrics","","","","","","","","","","","","","","","","","","","","","","","","","","","","","","","","","","","","","","","","","","","","","","",""
"8CE5RZ7U","journalArticle","2023","Anton, Brian J.; Ruhs, Emily Cornelius; White, Amber M.; Dehnert, Gavin K.","Elucidating the effects of acute and chronic exposure to 2,4-Dichlorophenoxyacetic acid on fathead minnow (Pimephales promelas) innate immunity","Aquatic Toxicology","","0166-445X","https://doi.org/10.1016/j.aquatox.2023.106571","https://www.sciencedirect.com/science/article/pii/S0166445X23001741","Aquatic herbicides, such as 2,4-dichlorophenoxyacetic acid (2,4-D) formulations, are commonly used for invasive species management throughout the United States. Ecologically relevant concentrations of 2,4-D can impair essential behaviors, reduce survival, and act as an endocrine disruptor; however, there is limited knowledge of its effects on the health of non-target organisms. Here, we investigate the acute and chronic exposure impacts of 2,4-D on adult male and female fathead minnow (Pimephales promelas) innate immune function. We exposed both adult male and female fathead minnows to three different ecologically relevant concentrations of 2,4-D (0.00, 0.40, and 4.00 mg/L) and took blood samples at three acute time points (6, 24, and 96 h) and one chronic time point (30 days). We found that male fatheads had higher total white blood cell concentrations when exposed to 2,4-D at the acute time points. For the females, only proportions of specific cell types were altered when exposed to 2,4-D at the acute time points. However, we did not observe any significant impacts of chronic exposure to 2,4-D on any innate immune responses for either males or females. Overall, this study is the first step in answering an important question for game fisheries and management agencies while providing insight to future studies that investigate the impacts of herbicide exposure to freshwater fish health and immunity.","2023","2026-05-02 15:49:42","2026-05-02 15:49:42","","106571","","","260","","","","","","","","","","","","","","","","","","","","","","","","","","","","","","","","","","","","","","","","","","","","","","","","","","","","","","","","","","","","","","","","","","","",""
"U89FPFW4","journalArticle","2020","Lebepe, Jeffrey; Oberholster, Paul J.; Luus-Powell, Wilmien J.","Dataset of metal(loid) concentrations recorded in the tissues of two fish species from Flag Boshielo Dam, South Africa","Data in Brief","","2352-3409","https://doi.org/10.1016/j.dib.2020.106396","https://www.sciencedirect.com/science/article/pii/S2352340920312786","Metal(loid) pollution in aquatic ecosystems has become a cause for concern, particularly in areas where communities depend on services from these systems for their livelihood. This dataset presents the metal(loi) concentrations recorded in the water column, bottom sediment, and tissues of Oreochromis mossambicus and Labeo rosae from Flag Boshielo Dam, an impoundment in one of the most polluted river systems in Southern Africa, the Olifants River. The concentrations of metal(loid)s were measured using inductively coupled plasma-optical emission spectrophotometry (ICP-OES; Perkin Elmer, Optima 2100DV). The data generated attest that in aquatic ecosystems, metal(loid)s do not remain in suspension in the water column, but sink down to the bottom sediment where they accumulate or get taken up by receptor organisms such as fish. It further confirm that there is a clear separation on the extent to which metal(loid)s are accumulating in different tissues and liver mostly accumulate higher concentration followed by gills and muscle, respectively. These data can be useful to guide future studies aiming to understand the dynamics, pathways and fate of metal(loid)s in relation to water, sediment and fish tissues. These data can also be used for decision making in relation to the establishment of freshwater fisheries in dams receiving metal(loid)s from different land use activities.","2020","2026-05-02 15:49:42","2026-05-02 15:49:42","","106396","","","33","","","","","","","","","","","","","","","","","","","","","Cadmium; Lead; Flag Boshielo Dam; manganese; Metal(loid)s; Olifants River","","","","","","","","","","","","","","","","","","","","","","","","","","","","","","","","","","","","","","","","","","","","","","",""
"55HT5W6L","journalArticle","2020","Purushothaman, Paramasivam; Chakraborty, Rekha Devi; Gidda, Maheswarudu; Ganesan, Kuberan","Investigation of genetic diversity and stock structure of Aristeus alcocki Ramadan, 1938 (Decapoda: Aristeidae) populations in the Indian coast with microsatellite markers","Fisheries Research","","0165-7836","https://doi.org/10.1016/j.fishres.2020.105550","https://www.sciencedirect.com/science/article/pii/S0165783620300679","Aristeus alcocki (Arabian red shrimp) forms the commercially important deep-water trawl fishery in the Indian waters. This species has not been the focus of major genetic studies in spite of our previous report on its populations suggesting significant differences. Hence, we investigated the genetic diversity and stock structure of Arabian red shrimp using nine microsatellite markers with 203 individuals collected from five locations along the Indian coast form the period of 2013–2016. The observed and expected heterozygosity ranged from 0.70–0.98 (Mean: 0.85) and 0.56–0.85 (Mean: 0.69), respectively indicating significant genetic diversity among the sampled locations. Analysis of molecular variance (AMOVA) showed >99 % of genetic variability within the individuals. Cluster analysis suggested the absence of genetic distances between the locations grouping all the individuals into a single cluster. Absence of large-scale genetic differentiation is probably governed by the mixing of waters along the coastline, habitat, currents and migratory patterns of these species have been discussed. Future studies on this species should consider it as a single stock for adopting fishery management strategies in the Indian coast.","2020","2026-05-02 15:49:43","2026-05-02 15:49:43","","105550","","","227","","","","","","","","","","","","","","","","","","","","","Allele frequency; Arabian red shrimp; Genetic variation; Genomic DNA; Indian Ocean; Polymorphism","","","","","","","","","","","","","","","","","","","","","","","","","","","","","","","","","","","","","","","","","","","","","","",""
"TPFU9KJJ","journalArticle","2022","Klemm, Kerstin; Cembella, Allan; Clarke, Dave; Cusack, Caroline; Arneborg, Lars; Karlson, Bengt; Liu, Ye; Naustvoll, Lars; Siano, Raffaele; Gran-Stadniczeñko, Sandra; John, Uwe","Apparent biogeographical trends in Alexandrium blooms for northern Europe: identifying links to climate change and effective adaptive actions","Harmful Algae","","1568-9883","https://doi.org/10.1016/j.hal.2022.102335","https://www.sciencedirect.com/science/article/pii/S1568988322001639","The marine dinoflagellate Alexandrium Halim represents perhaps the most significant and intensively studied genus with respect to species diversity, life history strategies, toxigenicity, biogeographical distribution, and global magnitude and consequences harmful algal blooms (HABs). The socioeconomic impacts, environmental and human health risks, and mitigation strategies for toxigenic Alexandrium blooms have also been explored in recent years. Human adaptive actions based on future scenarios of bloom dynamics and shifts in biogeographical distribution under climate-change parameters remain under development and not yet implemented on a regional scale. In the CoCliME (Co-development of climate services for adaptation to changing marine ecosystems) project these issues were addressed with respect to past, current and anticipated future status of key HAB genera and expected benefits of enhanced monitoring. Data on the distribution and frequency of Alexandrium blooms related to paralytic shellfish toxin (PST) events from key CoCliME Case Study areas, comprising the North Sea and adjacent Kattegat-Skagerrak, Norwegian Sea, and Baltic Sea, and eastern North Atlantic marginal seas, were evaluated in a contemporary and historical context over the past several decades. The first evidence of possible biogeographical expansion of Alexandrium taxa into eastern Arctic gateways was provided from DNA barcoding signatures. Various key climate change indicators, such as salinity, temperature, and water-column stratification, relevant to Alexandrium bloom initiation and development were identified. The possible influence of changing variables on bloom dynamics, magnitude, frequency and spatial and temporal distribution were interpreted in the context of regional ocean climate models. These climate change impact indicators may play key roles in selecting for the occurrence and diversity of Alexandrium species within the broader microeukaryote communities. For example, shifts to higher temperature and lower salinity regimes predicted for the southern North Sea indicate the potential for increased Alexandrium blooms, currently absent from this area. Ecological and socioeconomic impacts of Alexandrium blooms and effects on fisheries and aquaculture resources and coastal ecosystem function are evaluated, and, where feasible, effective adaptation strategies are proposed herein as emerging climate services.","2022","2026-05-02 15:49:43","2026-05-02 15:49:43","","102335","","","119","","","","","","","","","","","","","","","","","","","","","Climate change indicators; CoCliME; Climate services; Ecosystem function; Paralytic shellfish toxins; Regional climate model","","","","","","","","","","","","","","","","","","","","","","","","","","","","","","","","","","","","","","","","","","","","","","",""
"F5WGI9ZJ","journalArticle","2022","Karlson, Bengt; Arneborg, Lars; Johansson, Johannes; Linders, Johanna; Liu, Ye; Olofsson, Malin","A suggested climate service for cyanobacteria blooms in the Baltic Sea – Comparing three monitoring methods","Harmful Algae","","1568-9883","https://doi.org/10.1016/j.hal.2022.102291","https://www.sciencedirect.com/science/article/pii/S1568988322001196","Dense blooms of filamentous cyanobacteria are recurrent phenomena in the Baltic Sea, with occasional negative effects on the surrounding ecosystem, as well as on tourism, human health, aquaculture, and fisheries. Establishing a climate service is therefore suggested; including multi-method observations of cyanobacteria biomass, biodiversity, and biogeography, in correspondence to biotic and abiotic factors. Three different approaches were compared for determination of spatial and temporal variability and trends of the blooms; 1) microscopy-based long-term data, 2) satellite remote sensing, and 3) phycocyanin fluorescence mounted on a merchant vessel. Firstly, microscopy-based data on cyanobacteria biomass from the period 2000–2020 showed that the toxin producing genus Nodularia and non-toxic Aphanizomenon both had summer means of 15 µg C L−1, while Dolichospermum was less dominant with a mean of 8 µg C L−1. Some years also the Kattegat was affected by cyanobacteria blooms, likely transported here by ocean currents. Secondly, the satellite remote sensing time series for the period 2002–2020 indicated that near surface blooms were most frequent in the Northern Baltic Proper and that near surface blooms have increased in the Bothnian Sea, starting later in the season than in the Baltic Proper. The largest extents (i.e., total area covered) were observed in 2005, 2008, and 2018. Thirdly, phycocyanin fluorescence from a flow through sensor mounted on a merchant vessel was used as a proxy for cyanobacteria biomass and correlated to cyanobacteria biomass estimated by microscopy. However, the satellite remote sensing data on surface accumulations showed little resemblance to the data on cyanobacteria biomass based on water sampling and microscopy, interpreted as an effect of methods. Sensors on satellites mainly detect surface accumulations of cyanobacteria while the microscopy data was based on samples 0–10 m, thereby comprising a larger community. Data from satellite remote sensing of cyanobacteria was correlated to the phycocyanin fluorescence indicating that similar bio-optical properties are observed. Finally, results from a downscaled ocean climate model (NEMONordic) were used to produce future scenarios for temperature and salinity, which directly affects cyanobacteria blooms in the Baltic Sea, supposedly by increasing in abundance and change in species composition. Short-term forecasts can be used together with observations for early warning of cyanobacteria blooms, and we suggest an internationally coordinated cyanobacteria observation and warning system for the Baltic Sea area.","2022","2026-05-02 15:49:43","2026-05-02 15:49:43","","102291","","","118","","","","","","","","","","","","","","","","","","","","","Climate change; Ferrybox; Filamentous cyanobacteria; Harmful blooms; Remote sensing","","","","","","","","","","","","","","","","","","","","","","","","","","","","","","","","","","","","","","","","","","","","","","",""
"WQW9AE49","journalArticle","2019","Canel, Delfina; Levy, Eugenia; Soares, Iris A.; Braicovich, Paola E.; Haimovici, Manuel; Luque, José L.; Timi, Juan T.","Stocks and migrations of the demersal fish Umbrina canosai (Sciaenidae) endemic from the subtropical and temperate Southwestern Atlantic revealed by its parasites","Fisheries Research","","0165-7836","https://doi.org/10.1016/j.fishres.2019.02.001","https://www.sciencedirect.com/science/article/pii/S0165783619300384","The Argentine croaker Umbrina canosai (Sciaenidae) is a demersal fish distributed along the coasts of central Brazil, Uruguay and northern Argentina. In recent years, an increasing impact of commercial fishing has been reported, representing a high risk of collapse for this resource and enhancing the need of knowledge on its population structure. In the southwestern Atlantic fish parasites have already been demonstrated to be useful as biological tags for such purposes in other resources and are, here, analyzed to delimit the stocks of U. canosai and confirm its migratory route between Brazil and Argentina. A total of 193 Argentine croakers, distributed in six samples from five different localities, were examined for metazoan parasites. Umbrina canosai harboured 28 parasite taxa among which long-lived larvae of Grillotia carvajalregorum, Corynosoma australe and Hysterothylacium sp., and the adult monogenean, Nicolasia canosorum, were the most prevalent. Host size was related to both diversity and structure of parasite infracommunities in the whole sample, but no effect of fish sex was detected. The multivariate analyses, at both infracommunity and component community levels, showed clear geographic patterns with fish from Rio de Janeiro differentiated from their southern counterparts, confirming the presence of two discrete stocks. The results also evidenced the homogeneity of samples caught in southern Brazil and Northern Argentina, regardless of the long distances separating them, confirming the existence of a single stock with seasonal migrations between southern Brazil and northern Argentina. The information on the stock structure and migratory pathways of U. canosai represents a first step to the implementation of measures for a sustainable management of this important fishery resource.","2019","2026-05-02 15:49:43","2026-05-02 15:49:43","","10-18","","","214","","","","","","","","","","","","","","","","","","","","","Brazil; Argentina; Biological tags; Migrations; Parasite assemblages","","","","","","","","","","","","","","","","","","","","","","","","","","","","","","","","","","","","","","","","","","","","","","",""
"NQQQWX8Q","journalArticle","2014","Clarke, Tayler M.; Espinoza, Mario; Wehrtmann, Ingo S.","Reproductive ecology of demersal elasmobranchs from a data-deficient fishery, Pacific of Costa Rica, Central America","Fisheries Research","","0165-7836","https://doi.org/10.1016/j.fishres.2014.04.003","https://www.sciencedirect.com/science/article/pii/S0165783614001295","The elasmobranch bycatch associated with the Costa Rican deepwater shrimp fishery is mainly comprised of four species: Raja velezi, Mustelus henlei, Zapteryx xyster and Torpedo peruana. In data-deficient fisheries such as this one, knowledge of the reproductive ecology of a species may serve as a valuable management tool to determine its vulnerability and apply precautionary measures to ensure its long-term conservation. This study examined the reproductive ecology of R. velezi, M. henlei, Z. xyster and T. peruana based on data collected during demersal trawling along the Pacific coast of Costa Rica, Central America. A total of 290 trawls was analyzed at depths of 18–350m (March 2010–August 2012). While R. velezi, M. henlei and Z. xyster matured at similar sizes (range: 37–60cm TL), T. peruana matured at a larger size (70cm TL in females). The four elasmobranch species exhibited strong sex and size segregation patterns, which were mainly influenced by depth. Adults were more common at depths >50m, whereas neonates and gravid females were more abundant in shallow estuarine waters (<50m). Moreover, large aggregations of immature R. velezi and M. henlei occurred near coastal wetlands, bays and estuaries of the central Pacific region. These results suggest that shallow estuarine habitats may be important for early life stages of demersal elasmobranchs caught in the Costa Rican trawling fishery. However, our knowledge of critical habitats for elasmobranch along the entire Pacific of Costa Rica is still limited, and thus future studies are needed to identify and understand the role of these habitats in the early life-history of sharks, skates and rays.","2014","2026-05-02 15:49:43","2026-05-02 15:49:43","","96-105","","","157","","","","","","","","","","","","","","","","","","","","","Critical habitats; Eastern Tropical Pacific; Segregation; Sharks and rays; Size at maturity","","","","","","","","","","","","","","","","","","","","","","","","","","","","","","","","","","","","","","","","","","","","","","",""
"H8M7QCF4","journalArticle","2016","Ruiz, Diego J.; Banks, Stuart; Wolff, Matthias","Elucidating fishing effects in a large-predator dominated system: The case of Darwin and Wolf Islands (Galápagos)","Journal of Sea Research","","1385-1101","https://doi.org/10.1016/j.seares.2015.11.001","https://www.sciencedirect.com/science/article/pii/S1385110115300459","Fifty years of artisanal fishing history in Galápagos characterized by boom and bust of resources has changed the natural marine community structure close to fishing ports in the Galápagos Marine Reserve. Nonetheless, the remote Darwin and Wolf Islands are still in a “near natural state” harboring high species richness unique for the archipelago and high biomass. Marine life that aggregates to the pinnacles linked to the wider oceanic seascape makes them interesting and unique systems in terms of community structure and study of on-shore/offshore trophic interactions. Although >200km from local fishing ports the two islands also support an artisanal fishery targeting large demersal predators of high trophic levels. They are areas prioritized for conservation actions by Galápagos National Park, and local non-governmental organizations given their natural heritage importance, value to local fishers and revenue from dive tourism attracted by the promise of large marine predator aggregations such as sharks. Given that catch data upon which to base conservation recommendations is sparse it is difficult to accurately estimate present day fishing trends in Darwin and Wolf. We used a trophic steady-state model that connects benthic and pelagic communities to assess the potential effects of a change in fishing intensity in the two islands system. A predator–prey matrix was built using the Ecopath with Ecosim (EwE) software with total biomass estimated at 937tkm−2. Large fish aggregations accounted for 19%, primary producers for 9.0% and non-fish (seabirds, marine mammals and sea turtles) for less than 0.1% of the total living biomass. The total system size in terms of overall flows was 16,652tkm−2year−1, four times larger than a generic seamount model but smaller than that modeled for a Galápagos upwelling system based upon the western Bolivar Channel region. Consumption and respiration dominated the flows in the system (53.4 and 31.8% respectively). The Darwin and Wolf system shows a mature state, dominated by respiration, and top–down control via sharks and benthic predatory fish as the most important system compartments in terms of biomass. Model simulations suggest that heavy fishing pressure on top predators would greatly change the system's trophic structure. The nature of impacts depended on the types of gears simulated. Reduced natural predator densities through fishing exert strong direct and indirect influences on the system towards sea urchin-dominated benthos.","2016","2026-05-02 15:49:43","2026-05-02 15:49:43","","1-11","","","107","","","","","","","","","","","","","","","","","","","","","Darwin; Ecopath with Ecosim; Galápagos; Oceanic islands; Trophic modelling; Wolf","","","","","","","","","","","","","","","","","","","","","","","","","","","","","","","","","","","","","","","","","","","","","","",""
"FVA5GKYL","journalArticle","2010","Hobday, Alistair J.","Ensemble analysis of the future distribution of large pelagic fishes off Australia","Progress in Oceanography","","0079-6611","https://doi.org/10.1016/j.pocean.2010.04.023","https://www.sciencedirect.com/science/article/pii/S0079661110000571","Changes in the climate due to anthropogenic effects are impacting the global oceans and the constituent biology, particularly through changes in water temperature. Impacts of warming water on oceanic species are most likely to be detected as changes in distribution. Pelagic fishes, in particular, respond to changes in ocean temperature, and modify their distribution on seasonal and interannual timescales, and thus are likely to do so in the future. Global climate models provide insight into possible future conditions, but there is also considerable uncertainty regarding future changes because of differences in model structure and future scenarios. To address some of this uncertainty, I considered output from multiple climate models through an ensemble analysis and examined potential changes in the distribution of large pelagic fishes captured by longline fisheries on the east and west coast of Australia by the year 2100. For the east coast, over 95% of model predictions for 14 pelagic species (tunas and billfishes) suggested that core range would move south, and be smaller than what occurs presently. There was less certainty for the west coast, although the core range for all 14 species moved south and was smaller for 63% and larger for 37% of scenario-model combinations. The overall rate of predicted habitat movement for the suite of pelagic species averaged about 40km/decade. While relatively coarse, these predictions give some confidence to stakeholders about likely changes in future distribution for these regionally important pelagic fishes.","2010","2026-05-02 15:49:43","2026-05-02 15:49:43","","291-301","","1","86","","","","","","","","","","","","","","","","","","","","","","","","","","","","","","","","","","","","","","","","","","","","","","","","","","","","","","","","","","","","","","","","","","","",""
"NRLRARLG","journalArticle","2004","Mantua, Nathan","Methods for detecting regime shifts in large marine ecosystems: a review with approaches applied to North Pacific data","Progress in Oceanography","","0079-6611","https://doi.org/10.1016/j.pocean.2004.02.016","https://www.sciencedirect.com/science/article/pii/S0079661104000266","This note provides a brief review of five analytical methods previously used or promoted for diagnosing regime shifts in marine ecosystems. The methods discussed are: (i) principal components analysis, (ii) compositing average standard deviates, (iii) autoregressive moving average and intervention analysis modeling, (iv) vector autoregressive process modeling, and (v) Fisher information. Assessments of the relative strengths and weaknesses for the different analytical approaches are also offered. Some of these methods are applied to a collection of fishery oceanographic time series for the N. Pacific to illustrate aspects of their relative utility and limitations for diagnosing regime shift behavior. One recommendation for future studies is to analyze biotic and abiotic time series separately in order to identify ecosystem state variables of interest and to better isolate ecosystem behaviors from other influences like environmental change. Methods that allow for quantitative assessments of the statistical significance of hypothesized regime shifts should be favored over those that do not. Analyses of especially large collections of time series may benefit from first using a data compression technique and then applying one of the methods that are more appropriate for just one or a small number of time series. Because of the difficulties in observing and adequately documenting many aspects of marine ecosystem variability, it is crucial that future research attempt to combine empirical studies of large marine ecosystems with theoretical and modeling studies of other systems for which the dynamics and predictability are better understood. With such a comparative approach it should be possible to refine conceptual and simulation models, while also identifying crucial gaps in existing observations.","2004","2026-05-02 15:49:43","2026-05-02 15:49:43","","165-182","","2","60","","","","","","","","","","","","","","","","","","","","","Fishery oceanography; Large marine ecosystems; Regime shifts","","","","","","","","","","","","","","","","","","","","","","","","","","","","","","","","","","","","","","","","","","","","","","",""
"AQCGWGKZ","journalArticle","2023","Gaspar, Luís; Ricardo, Fernando; Melo, Tânia; Domingues, Pedro; Domingues, M. Rosário; Calado, Ricardo; Rey, Felisa","Lipidomics of common octopus' (Octopus vulgaris) arm muscle using untargeted high-resolution liquid chromatography-mass spectrometry","Journal of Food Composition and Analysis","","0889-1575","https://doi.org/10.1016/j.jfca.2022.104871","https://www.sciencedirect.com/science/article/pii/S0889157522004896","The common octopus, Octopus vulgaris, is one of the most important cephalopod fisheries in the world. In Mediterranean cuisine, the common octopus is perceived as an ingredient highly valued for its palatability and nutritional value (source of omega-3 fatty acids). However, the polar lipids of this species are still poorly understood. The present study performed the first fingerprinting of the polar lipidome of the arm muscle of O. vulgaris using a high-resolution mass spectrometry HILIC-LC-MS lipidomics approach. Samples of common octopus were sourced from specimens landed in Santa Luzia (Tavira, Algarve, Portugal), the most important octopus mono-specific fishing harbour in mainland Portugal. Nearly 400 lipid species have been identified from 13 classes of polar lipids. Phosphatidylcholine and phosphatidylethanolamine were the main phospholipids recorded, while the phosphonolipid CAEP and ceramides were the main sphingolipids identified. The structural characterization recognised a high proportion of essential fatty acids, such as EPA, DHA and several other very-long-chain fatty acids (24:5, 24:6) esterified in the polar lipids. The present study provides an unprecedented elucidation of the polar lipidome of O. vulgaris that can be used as a reference for future studies on nutritional value, ecology and traceability of geographic origin.","2023","2026-05-02 15:49:43","2026-05-02 15:49:43","","104871","","","115","","","","","","","","","","","","","","","","","","","","","Seafood; Phospholipids; Food analysis; Food composition; LC-MS; Cephalopods; Lipidome; Marine invertebrates; Omega-3 PUFA; Phosphonolipids","","","","","","","","","","","","","","","","","","","","","","","","","","","","","","","","","","","","","","","","","","","","","","",""
"W2YIFXZS","journalArticle","2019","Imzilen, T.; Chassot, E.; Barde, J.; Demarcq, H.; Maufroy, A.; Roa-Pascuali, L.; Ternon, J.-F.; Lett, C.","Fish aggregating devices drift like oceanographic drifters in the near-surface currents of the Atlantic and Indian Oceans","Progress in Oceanography","","0079-6611","https://doi.org/10.1016/j.pocean.2018.11.007","https://www.sciencedirect.com/science/article/pii/S0079661118301563","Knowledge of ocean surface dynamics is crucial for oceanographic and climate research. The satellite-tracked movements of hundreds of drifters deployed by research and voluntary observing vessels provide high-frequency and high-resolution information on near-surface currents around the globe. Consequently, they constitute a major component of the Global Ocean Observing System (GOOS). However, maintaining this array is costly and in some oceanic regions such as the tropics, spatio-temporal coverage is limited. Here, we demonstrate that the GPS-buoy equipped fish aggregating devices (FADs) used in tropical tuna fisheries to increase fishing success are also capable of providing comparable near-surface current information. We analyzed millions of position data collected between 2008 and 2014 from more than 15,000 FADs and 2,000 drifters, and combined this information with remotely-sensed near-surface current data to demonstrate that the surface velocity components of FADs and drifters are highly correlated in the Atlantic and Indian Oceans. While it was noted that the subsurface structures of FADs did slow them down relative to the drifters, particularly in the Atlantic Ocean, this bias was measurable and could be accounted for in future studies. Our findings show that the physical meteorological and oceanographic data collected by fishermen could provide an invaluable source of information to the GOOS. Furthermore, by forging closer collaborations with the fishing industry and ensuring their contributions to global ocean databases are properly acknowledged, there is significant scope to capture this data more effectively.","2019","2026-05-02 15:49:43","2026-05-02 15:49:43","","108-127","","","171","","","","","","","","","","","","","","","","","","","","","Fisheries; Drifter; Fish aggregating device; Lagrangian transport; Oceanography; Surface currents","","","","","","","","","","","","","","","","","","","","","","","","","","","","","","","","","","","","","","","","","","","","","","",""
"AMETJ27U","journalArticle","2012","Parker, Robert W. R.; Tyedmers, Peter H.","Uncertainty and natural variability in the ecological footprint of fisheries: A case study of reduction fisheries for meal and oil","Ecological Indicators","","1470-160X","https://doi.org/10.1016/j.ecolind.2011.06.015","https://www.sciencedirect.com/science/article/pii/S1470160X11001865","It is well understood that measurements of ecological footprint and many other ecological indicators are associated with varying degrees of uncertainty, yet imprecision in ecological footprint results is rarely assessed or communicated. We calculated the marine portion of the ecological footprint of products derived from five reduction fisheries: Peruvian anchovy (Engraulis ringens), Atlantic herring (Clupea harengus), Gulf menhaden (Brevoortia patronus), blue whiting (Micromesistius poutassou) and Antarctic krill (Euphausia superba). Monte Carlo analysis was used to measure the imprecision in marine footprint measurements resulting from multiple sources of uncertainty and natural variability in input parameters, and to determine the degree to which imprecision affects our ability to draw meaningful conclusions when comparing products sourced from different fisheries on the basis of ecological footprint. Gulf menhaden and Antarctic krill were found to have the smallest marine footprints, while blue whiting was found to have the largest. Results show that there is much uncertainty associated with marine footprint calculations and that the most significant drivers of this imprecision are uncertainty and natural variability regarding measurements of trophic level and trophic interactions. Marine footprint is highly correlated with trophic level, and clear differences can be seen when comparing species of very different trophic levels. However, comparisons of products derived from species’ with similar trophic levels are less likely to provide conclusive results. The choice of mass, protein or energy content as the basis of comparison was also considered and was found to influence the results, particularly when comparing species with similar trophic levels. While it is likely that imprecision of marine footprint measurements of fishery-derived products will remain high, technological improvements and a better understanding of marine ecosystem dynamics may make future studies more precise.","2012","2026-05-02 15:49:43","2026-05-02 15:49:43","","76-83","","","16","","","","","","","","","","","","","","","","","","","","","Aquaculture; Fisheries; Uncertainty; Ecological footprint; Reduction fisheries","","","","","","","","","","","","","","","","","","","","","","","","","","","","","","","","","","","","","","","","","","","","","","",""
"WX4QD9RH","journalArticle","2026","Showkat, Bahar; Moosavi-Nasab, Marzieh; Khoshnoudi-Nia, Sara; Naseri, Mahmood; Mesbahi, Gholam-Reza; Ramaswamy, Hosahalli","Valorizing fishery by-products into sustainable low-salt fish sauces and powders: Nutritional, microbial, and safety properties","Applied Food Research","","2772-5022","https://doi.org/10.1016/j.afres.2026.101752","https://www.sciencedirect.com/science/article/pii/S2772502226000934","Seafood processing generates nearly 25% by-products, emphasizing the importance of their valorization into sustainable, high-value food ingredients. Fish-sauce, one of the oldest fermented seafood products, offers strong nutritional potential but faces challenges like high salt content, intense odor, and biogenic amine accumulation. This study developed and characterized non-fermented low-salt fish sauces (liquid and powder forms) produced from Motu-fish (LSM) and fish processing waste (LSW), and compared their physicochemical, microbial, and safety parameters with those of traditional fermented sauces (Mahyaveh and Thai). Non-fermented samples, particularly LSW, exhibited higher nutritional-density (higher protein, fat, fiber, and energy), and lower salt and ash contents than fermented products (p < 0.05). pH-values ranged from 5.20 (LSW) to 6.01 (Thai) (p < 0.05). Although TBARS-values were higher in non-fermented sauces, all were <0.32 mg.MDA/kg, indicating good oxidative stability. Fermented sauces showed higher TVB-N and histamine levels. TVB-N (≤144 mgN/100 g) and histamine (≤42 mg/kg) levels were within the acceptable international limits. A stepwise multiple linear regression model using TVB-N and TMC successfully predicted histamine levels with high accuracy (R2(adj)=92.08% and S = 2.83 ppm). The highest and lowest microbial quality was observed for the Thai and Mah samples, respectively. Microbial counts in all samples were <5 LogCFU/g, confirming hygienic and safe production conditions. Drying low-salt sauces produced powders with ∼19% solubility, and both powders reflected good oxidative and microbial stability. The valorization of underutilized fish and processing by-products into low-salt sauces and powders demonstrated strong nutritional potential, safety, and environmental sustainability. Future studies should optimize drying parameters, incorporate natural antioxidants, and assess sensory attributes to enhance product quality, stability, and consumer acceptability.","2026","2026-05-02 15:49:43","2026-05-02 15:49:43","","101752","","1","6","","","","","","","","","","","","","","","","","","","","","Sustainability; Valorization; Fish waste; Biogenic amine; Low-salt fish sauce","","","","","","","","","","","","","","","","","","","","","","","","","","","","","","","","","","","","","","","","","","","","","","",""
"D4V3G44W","journalArticle","2017","Fréon, Pierre; Durand, Hermine; Avadí, Angel; Huaranca, Sayda; Moreyra, Rita Orozco","Life cycle assessment of three Peruvian fishmeal plants: Toward a cleaner production","Journal of Cleaner Production","","0959-6526","https://doi.org/10.1016/j.jclepro.2017.01.036","https://www.sciencedirect.com/science/article/pii/S0959652617300446","Fishmeal and fish oil are largely used as input to several animal feed industries all around the world, but there is a lack of life cycle assessments (LCAs) on Peruvian fishmeal plants, despite their predominance in the global supply. LCAs where performed on three different types of Peruvian fishmeal plants with the objective of comparing them and suggesting ways of limiting their impacts. The LCA results can be nested into LCAs of animal feed. Two system boundaries were used: one including the fishery and another excluding it in order to enable other practitioners to use our generic life cycle inventory (LCI) data and LCI analysis. The effects of different processing rates and qualities of fishmeal on environmental impacts were compared. We used the SimaPro software, the ecoinvent 2.2 database and the ReCiPe method. In contrast to many LCA studies, the construction and maintenance phases were considered. Despite the predominant impact of the use phase, in particular consumption of fossil energy, these two phases contribute significantly (>10% using the ReCiPe single score) when fishing is excluded from the system boundaries. Furthermore, existing screening LCAs of the use phase largely underestimate (∼20%) its environmental impacts. The environmental benefit of using natural gas instead of heavy fuel as energy source, in terms of reduced impacts, is huge, reaching 41% of the ReCiPe single score when fishing is excluded and 30% when included. The comparison of environmental impacts between different qualities of fishmeal shows higher impacts of residual fishmeal, intermediate impact of standard fishmeal and lower impacts of Prime fishmeal, the difference between extreme values being more than twofold. Future studies on other fishmeal and residual fishmeal plants should take into account the construction and maintenance phases, and more items in the use phase than in historical screenings. There is room to decrease the environmental impact of this industry in Peru.","2017","2026-05-02 15:49:43","2026-05-02 15:49:43","","50-63","","","145","","","","","","","","","","","","","","","","","","","","","Fisheries; Fish oil; Animal feed; Cleaner production; Fishmeal; Peruvian anchovy","","","","","","","","","","","","","","","","","","","","","","","","","","","","","","","","","","","","","","","","","","","","","","",""
"UAGUUNV8","journalArticle","2009","Einoder, L. D.","A review of the use of seabirds as indicators in fisheries and ecosystem management","Fisheries Research","","0165-7836","https://doi.org/10.1016/j.fishres.2008.09.024","https://www.sciencedirect.com/science/article/pii/S0165783608003093","This paper reviews the use of seabirds in fisheries management around the world, and provides a comprehensive overview of the many factors that should be considered in order to identify the most appropriate species and parameters. There are a growing number of examples where seabird monitoring programs are providing valuable information on the health of particular fish stocks, the health of the ecosystem, and on the effects of climatic change. Despite this, their suitability and usefulness as ecological performance indicators is still being developed in many marine systems. This is due largely to the many challenges involved in identifying the direct links between changes in prey composition and availability and measurable components of seabird ecology. A species ability to respond and cope with changing environmental conditions differs due to the combined influence of their time/energy budget, dietary preferences, and specific life-history traits. These factors should be considered in order to identify the most suitable species to monitor, given their level of sensitivity or resilience to a given level of change. The most useful ranges of adult, chick, breeding or population parameters are outlined, and examples are provided of their application to fisheries management as environmental, ecological and fisheries-based indicators. The value of seabird data in investigating the mechanisms underlying the population dynamics of prey species is also discussed, and areas of future research suggested. By integrating information on this topic this review will assist future studies in identifying the most appropriate species and suite of parameters that are most appropriate to monitor, in order to detect potential environmental and fisheries related impacts. This review also outlines many of the uncertainties that must be considered before they are applied as ecological performance indicators and management tools.","2009","2026-05-02 15:49:43","2026-05-02 15:49:43","","6-13","","1","95","","","","","","","","","","","","","","","","","","","","","Ecosystem; Ecological performance indicator; Parameters","","","","","","","","","","","","","","","","","","","","","","","","","","","","","","","","","","","","","","","","","","","","","","",""
"JJMAARGS","journalArticle","2025","Gerdol, Marco; Pallavicini, Alberto","Exploring the immune resilience of Mediterranean mussels: Recent advances and future directions","Fish & Shellfish Immunology","","1050-4648","https://doi.org/10.1016/j.fsi.2025.110147","https://www.sciencedirect.com/science/article/pii/S1050464825000361","The Mediterranean mussel (Mytilus galloprovincialis) is a key species in European aquaculture, known for its economic and societal importance, particularly as a primary source of income for local fisheries in European coastal areas. While historically resilient to the mass mortality events that have affected other bivalve species, M. galloprovincialis may face increasing threats from emerging pathogens, including bacteria, viruses, and eukaryotic parasites. These microorganisms, often opportunistic, pose heightened risks in the current climate change scenario, where heatwaves are becoming increasingly frequent and the persistent presence of pollutants is suspected to impair the functional response of hemocytes. Over the past decade, significant advancements in immunological research have provided deeper insights into the cellular and molecular mechanisms underlying the robust defense system of M. galloprovincialis, which allows this species to efficiently cope with a broad range of infections. By analyzing the scientific literature published on mussel immunology over the past ten years, this review consolidates current knowledge on the immune system of the Mediterranean mussel. We place a particular focus on the cellular and molecular components involved in the recognition and elimination of microbial pathogens and discuss how the most recent discoveries may inform improved management and disease mitigation strategies for Mediterranean mussel farming in the in the years to come.","2025","2026-05-02 15:49:43","2026-05-02 15:49:43","","110147","","","158","","","","","","","","","","","","","","","","","","","","","Aquaculture; Antimicrobial peptides; Emerging pathogens; Innate immunity; Pattern recognition receptors","","","","","","","","","","","","","","","","","","","","","","","","","","","","","","","","","","","","","","","","","","","","","","",""
"4PDESYKB","journalArticle","2022","Das, Suvendu; Saha, Prosenjit; Adhurya, Sagar; Ray, Alok; Ray, Santanu","Present and future scenarios of changing land use patterns from the perspective of agroecosystem under the shadow of ever-expanding shrimp culture","Environmental Development","","2211-4645","https://doi.org/10.1016/j.envdev.2022.100772","https://www.sciencedirect.com/science/article/pii/S2211464522000744","Conversion of cultivation lands into shallow water bodies is a trend in several shrimp growing regions in the world. The main aim of this research is to evaluate the current and future eco-economic scenarios of these converted lands for shrimp culture through the perspective of agroecosystem. To analyze the cost-benefits of respective lands, financial data with and without addition of some hidden costs associated with shrimp production for three specific sites were compared of Purba Medinipur district, West Bengal, India. One of these three sites was a control site located outside the range of shrimp culture with agricultural activities; one was affected site, adjacent to shrimp farms with agricultural activities and the third was the leased land for shrimp culture. Vital abiotic components of soil were studied and compared between these three sites in order to distinguish specific changes caused by the shrimp culture. As well as the large scale temporal changes due to land conversion was visualised by satellite images. From the interpretation of the cost-benefit analysis, switching from leasing to re-cultivation has the lowest profitability in terms of Net Present Value. Net present value for the leased land became negative at 5% discount rate and above, during re-cultivation after the end of leasing tenure. Adjacent affected farms are equally vulnerable to the gradual production loss and would have no viable alternative to leasing for fishery. Significant differences in soil components were found between these sites. The entire ecological nature of the lands is altered when fertile lands are converted into shrimp farms. Finally, the ecological functional imbalance impacts the economic outcomes from the lands. It causes non-sustainable changes throughout the agricultural landscape. This study result is flagship to interlink between the growing of shrimp economy with the local agro-economy and agro-ecosystem for all shrimp growing regions in the world, especially south Asian shrimp producing countries. Some top-down policy measures were discussed in order to achieve a sustainable balance between the agroecosystem and shrimp culture.","2022","2026-05-02 15:49:43","2026-05-02 15:49:43","","100772","","","44","","","","","","","","","","","","","","","","","","","","","Sustainability; Salinity; Policy; Cost-benefit; Land conversion","","","","","","","","","","","","","","","","","","","","","","","","","","","","","","","","","","","","","","","","","","","","","","",""
"LP3MVVBD","journalArticle","2021","Huang, Minrui; Ding, Liuyong; Wang, Jun; Ding, Chengzhi; Tao, Juan","The impacts of climate change on fish growth: A summary of conducted studies and current knowledge","Ecological Indicators","","1470-160X","https://doi.org/10.1016/j.ecolind.2020.106976","https://www.sciencedirect.com/science/article/pii/S1470160X20309158","Global climate change is increasingly and profoundly threatening fishes, resulting in an uncertain future for both wild fish diversity and global fisheries. Understanding how fish growth responds to changing environments is essential for indicating and predicting the impacts of climate change on fish populations, communities, and even aquatic ecosystems, but the knowledge on this topic remains incomplete, and some findings are contradictory. This study aimed to review the status of current research by analysing data on the environment, species, and response patterns from 1187 documents published from 1976 to 2018, which helped to identify key questions that are currently neglected and potential reasons for these divergences. The results found that 75% of studies were conducted in the field (mostly in temperate and subtropical zones), while the remainder were controlled experiments. Fishes from freshwater ecosystems were relatively less studied than their marine counterparts. Less than 1% of the recorded fish species (309 vs. approximately 35,000) from 30 orders have been studied to examine their growth responses to climate change. All studied fishes were from Actinopterygii. The top three orders were Perciformes, Cypriniformes, and Salmoniformes by species number, while Salmoniformes was the most frequently studied order. The most common habitat type of the studied fish was pelagic, followed by demersal and reef-associated habitats. Small fishes were relatively undervalued in both marine and freshwater systems. The mean trophic levels of the studied species were 3.2 for freshwater fish and 3.4 for marine fish. Carnivores were the dominant trophic guild studied in both marine and freshwater systems. The overall effects of climate change (primarily temperature variables) on fish growth (reflected in physiology and health) were negative at both the global and local scales. Therefore, the results suggested that future studies covering more species (e.g., chondrichthyan fishes, low-level consumers, and small fishes) and areas (e.g., high-latitude areas) are required to obtain a better understanding of climate change impacts on fish growth.","2021","2026-05-02 15:49:43","2026-05-02 15:49:43","","106976","","","121","","","","","","","","","","","","","","","","","","","","","Actinopterygii; Feeding habits; Fish growth; Global warming; Phylogenetic tree; Size; Trophic level","","","","","","","","","","","","","","","","","","","","","","","","","","","","","","","","","","","","","","","","","","","","","","",""
"9S9Z3S47","journalArticle","2020","Cresson, Pierre; Chouvelon, Tiphaine; Bustamante, Paco; Bănaru, Daniela; Baudrier, Jérome; Loc'h, François Le; Mauffret, Aourell; Mialet, Benoit; Spitz, Jérome; Wessel, Nathalie; Briand, Marine J.; Denamiel, Margaux; Doray, Matthieu; Guillou, Gaël; Jadaud, Angélique; Lazard, Coline; Prieur, Solène; Rouquette, Manuel; Saraux, Claire; Serre, Sandrine; Timmerman, Charles-André; Verin, Yves; Harmelin-Vivien, Mireille","Primary production and depth drive different trophic structure and functioning of fish assemblages in French marine ecosystems","Progress in Oceanography","","0079-6611","https://doi.org/10.1016/j.pocean.2020.102343","https://www.sciencedirect.com/science/article/pii/S0079661120300823","Investigating the drivers of fish assemblage trophic structure is a critical question, in order to better understand ecosystem functioning, predict the effects of perturbations and implement integrated management of exploited marine ecosystems. Ecosystemic surveys enabled the determination of the trophic structure of the fish assemblages in three French marine ecosystems, namely the Eastern English Channel, the Bay of Biscay and the Gulf of Lions, through the simultaneous collection of qualitative (stable isotopes and energy content) and quantitative (biomass) data. In the Bay of Biscay and in the Gulf of Lions, pelagic primary production supported at least 80% of the fish biomass production, and explained the dominance of pelagic species, but with differences resulting from the different productivity. The lower productivity in the oligotrophic Gulf of Lions led to a lower total biomass, energy density as well as the predominance of zooplankton-feeders. In contrast, fluxes in the Bay of Biscay were sufficient to support a higher biomass of pelagic piscivores, and of species with higher energy content. In the shallow Eastern English Channel, the respective contributions of pelagic and benthic sources were similar. Bentho-demersal species of higher trophic level dominated this assemblage, because of their ability to exploit both pathways. Results of the present study confirmed that fisheries-focused surveys can be used as efficient platforms to address questions about ecosystem functioning. Here, it confirmed the expected differences between ecosystems and the importance of primary production and environment as drivers of fish assemblage structure and functioning. Future studies should nevertheless develop new methods to better assess the paramount role of low trophic level consumers.","2020","2026-05-02 15:49:43","2026-05-02 15:49:43","","102343","","","186","","","","","","","","","","","","","","","","","","","","","Food webs; Benthic-pelagic coupling; Fish community; Trophodynamics","","","","","","","","","","","","","","","","","","","","","","","","","","","","","","","","","","","","","","","","","","","","","","",""
"2XM7S5CH","journalArticle","2006","Moschino, Vanessa; Marin, Maria Gabriella","Seasonal changes in physiological responses and evaluation of “well-being” in the Venus clam Chamelea gallina from the Northern Adriatic Sea","Comparative Biochemistry and Physiology Part A: Molecular & Integrative Physiology","","1095-6433","https://doi.org/10.1016/j.cbpa.2006.07.021","https://www.sciencedirect.com/science/article/pii/S109564330600359X","Chamelea gallina is an infaunal bivalve, widespread in sandy bottoms along Mediterranean coasts. It is an important economic resource for fisheries in the Adriatic, although in recent years over-fishing, and other concurrent factors, have dramatically decreased clam harvesting. In this context, it is of great interest to gain information on seasonal variations in the physiological performance of clams, for an overall evaluation of their well-being. In this study, laboratory experiments were performed to define allometric relationships and effects of temperature on clearance and respiration rates of C. gallina. The mean values of b coefficients were calculated and used to correlate physiological measurements to ‘standard’ body mass, when seasonally collected clams were analysed. The highest clearance rate (0.42 L h−1) was measured in clams collected in July 2000; the highest respiration rate (12.22 μmol O2 h−1) was observed in July 2001, leading to a negative scope for growth (−2.8 J h−1). The influence of environmental and endogenous factors, mostly reproduction, was discussed. Survival in air and condition indices, showing higher stress conditions in December 2000 and July 2001, were in good agreement with the other physiological measurements. The physiological responses examined in this study appear to be suitable for providing detailed indications on the well-being of C. gallina and may be useful for future studies aimed at eco-sustainable management of the resource.","2006","2026-05-02 15:49:43","2026-05-02 15:49:43","","433-440","","4","145","","","","","","","","","","","","","","","","","","","","","Bivalves; Adriatic Sea; Clearance rate; Condition index; Respiration rate; Scope for growth; Survival in air","","","","","","","","","","","","","","","","","","","","","","","","","","","","","","","","","","","","","","","","","","","","","","",""
"N62KSTQN","journalArticle","2024","Bohara, Kailash; Timilsina, Anil; Adhikari, Kaushik; Kafle, Arjun; Basyal, Sudarshan; Joshi, Pabitra; Yadav, Amit K.","A mini review on 6PPD quinone: A new threat to aquaculture and fisheries","Environmental Pollution","","0269-7491","https://doi.org/10.1016/j.envpol.2023.122828","https://www.sciencedirect.com/science/article/pii/S0269749123018304","Numerous toxic substances are directly and indirectly discharged by humans into water bodies, causing distress to the organisms living on it. 6PPD, an amino antioxidant from tires reacts with ozone to form 6PPD-Q, which has garnered global attention due to its lethal nature to various organisms. This review aims to provide an understanding of the sources, transformation, and fate of 6PPD-Q in water and the current knowledge on its effects on aquatic organisms. Furthermore, we discuss research gaps pertaining to the mechanisms by which 6PPD-Q acts within fish bodies. Previous studies have demonstrated the ubiquitous presence of 6PPD-Q in the environment, including air, water, and soil. Moreover, this compound has shown high lethality to certain fish species while not affecting others. Toxicological studies have revealed its impact on the nervous system, intestinal barrier function, cardiac function, equilibrium loss, and oxidative stress in various fish species. Additionally, exposure to 6PPD-Q has led to organ injury, lipid accumulation, and cytokine production in C. elegans and mice. Despite studies elucidating the lethal dose and effects of 6PPD-Q in fish species, the underlying mechanisms behind these symptoms remain unclear. Future studies should prioritize investigating the mechanisms underlying the lethality of 6PPD-Q in fish species to gain a better understanding of its potential effects on different organisms.","2024","2026-05-02 15:49:43","2026-05-02 15:49:43","","122828","","","340","","","","","","","","","","","","","","","","","","","","","Transformation; Amino antioxidant; Fish and aquaculture; Tire antioxidant; Tire wear particles (TWPs)","","","","","","","","","","","","","","","","","","","","","","","","","","","","","","","","","","","","","","","","","","","","","","",""
"XN3WHPUQ","journalArticle","2020","Guan, Lisha; Shan, Xiujuan; Jin, Xianshi","Comment on “Masking and unmasking fishing down effects: The Bohai Sea (China) as a case study” (https://doi.org/10.1016/j.ocecoaman.2019.105033) by Cui Liang and Daniel Pauly","Ocean & Coastal Management","","0964-5691","https://doi.org/10.1016/j.ocecoaman.2020.105282","https://www.sciencedirect.com/science/article/pii/S0964569120301927","The article “Masking and unmasking fishing down effects: The Bohai Sea (China) as a case study” (Liang and Pauly 2020) concluded that the mean trophic level of fishable biomass (MTL_b) declined more rapidly than the mean trophic level of catches (MTL_c) in the Bohai Sea since the 1950s. We have no doubt on the occurrence of a fishing down phenomenon or trophic cascades in the Bohai Sea, but argue that their comparative conclusion above is an artifact based on a flawed analysis of the relative biomass and catch data. First, they claimed a sharp decline in estimated MTL_b in the Bohai Sea based on bottom trawl survey data in only five years (i.e., 1959, 1982, 1992, 1998 and 2010) over half a century (1959–2010). We propose that changes in fishing vessels and gear types in those surveys after 1959 could make the estimated MTL_b in 1959 not comparable to those in the other years later. We also demonstrate that the declines in MTL_b from 1992 to 1998 and then to 2010 mainly resulted from the abrupt blooms of C. punctatus (a species with the lowest trophic level at 2.4 among all common or dominant fish and invertebrate species in the ecosystem) in 1998 and 2010. These two occasional declines based on three data points should be explained by large interannual variability in C. punctatus population dynamics, instead of trophic cascades or a fishing down effect which are ecological processes at system scale that usually only become apparent over a long time series like decades of years. Additionally, we illustrate that Liang and Pauly attributing the artifact of a much steeper decline in MTL_b than that in MTL_c to a masking effect for fishing down is unsupported by the data and literatures. Furthermore, we explain in details for our concerns on the accuracy of estimated marine fisheries catches data by taxa/species from China Fishery Statistical Yearbooks for any specific fishing area like the Bohai Sea, and suggest such data should be used with caution in future studies.","2020","2026-05-02 15:49:43","2026-05-02 15:49:43","","105282","","","196","","","","","","","","","","","","","","","","","","","","","Trophic level; Bohai sea; China catch Data","","","","","","","","","","","","","","","","","","","","","","","","","","","","","","","","","","","","","","","","","","","","","","",""
"6LB6GBEW","journalArticle","2014","Boyce, Daniel G.; Dowd, Michael; Lewis, Marlon R.; Worm, Boris","Estimating global chlorophyll changes over the past century","Progress in Oceanography","","0079-6611","https://doi.org/10.1016/j.pocean.2014.01.004","https://www.sciencedirect.com/science/article/pii/S0079661114000135","Marine phytoplankton account for approximately half of the production of organic matter on earth, support virtually all marine ecosystems, constrain fisheries yields, and influence climate and weather. Despite this importance, long-term trajectories of phytoplankton abundance or biomass are difficult to estimate, and the extent of changes is unresolved. Here, we use a new, publicly-available database of historical shipboard oceanographic measurements to estimate long-term changes in chlorophyll concentration (Chl; a widely used proxy for phytoplankton biomass) from 1890 to 2010. This work builds upon an earlier analysis (Boyce et al., 2010) by taking published criticisms into account, and by using recalibrated data, and novel analysis methods. Rates of long-term chlorophyll change were estimated using generalized additive models within a multi-model inference framework, and post hoc sensitivity analyses were undertaken to test the robustness of results. Our analysis revealed statistically significant Chl declines over 62% of the global ocean surface area where data were present, and in 8 of 11 large ocean regions. While Chl increases have occurred in many locations, weighted syntheses of local- and regional-scale estimates confirmed that average chlorophyll concentrations have declined across the majority of the global ocean area over the past century. Sensitivity analyses indicate that these changes do not arise from any bias between data types, nor do they depend upon the method of spatial or temporal aggregation, nor the use of a particular statistical model. The wider consequences of this long-term decline of marine phytoplankton are presently unresolved, but will need to be considered in future studies of marine ecosystem structure, geochemical cycling, and fishery yields.","2014","2026-05-02 15:49:43","2026-05-02 15:49:43","","163-173","","","122","","","","","","","","","","","","","","","","","","","","","","","","","","","","","","","","","","","","","","","","","","","","","","","","","","","","","","","","","","","","","","","","","","","",""
"JCF2YYBW","journalArticle","2012","Moore, Bradley R.; Simpfendorfer, Colin A.; Newman, Stephen J.; Stapley, Jason M.; Allsop, Quentin; Sellin, Michelle J.; Welch, David J.","Spatial variation in life history reveals insight into connectivity and geographic population structure of a tropical estuarine teleost: king threadfin, Polydactylus macrochir","Fisheries Research","","0165-7836","https://doi.org/10.1016/j.fishres.2012.02.028","https://www.sciencedirect.com/science/article/pii/S0165783612001087","Understanding the life history of exploited fish species is not only critical in developing stock assessments and productivity models, but has a dual function in the delineation of connectivity and geographical population structure. In this study, patterns in growth and length and age at sex change of Polydactylus macrochir, an ecologically and economically important protandrous estuarine teleost, were examined to provide preliminary information on the species’ connectivity and geographic structure across northern Australia. Considerable variation in life history parameters was observed among the 18 locations sampled. Both unconstrained and constrained (t0=0) estimates of von Bertalanffy growth function parameters differed significantly among all neighbouring locations with the exception of two locations in Queensland's east coast and two in Queensland's Gulf of Carpentaria waters, respectively. Comparisons of back-calculated length-at-age 2 provided additional evidence for growth differences among some locations, but were not significantly different among locations in the south-eastern Gulf of Carpentaria or on Queensland's east coast. The length and age at sex change differed markedly among locations, with fish from the east coast of Australia changing sex from males to females at significantly greater lengths and ages than elsewhere. Sex change occurred earliest at locations within Queensland's Gulf of Carpentaria, where a large proportion of small, young females were recorded. The observed differences suggest that P. macrochir likely form a number of geographically and/or reproductively distinct groups in Australian waters and suggest that future studies examining connectivity and geographic population structure of estuarine fishes will likely benefit from the inclusion of comparisons of life history parameters.","2012","2026-05-02 15:49:43","2026-05-02 15:49:43","","214-224","","","125-126","","","","","","","","","","","","","","","","","","","","","Fisheries management; Demography; Growth; Age; Australia; Life history; Polynemidae; Sex change; Stock structure","","","","","","","","","","","","","","","","","","","","","","","","","","","","","","","","","","","","","","","","","","","","","","",""
"H4UK7PXM","journalArticle","2021","Nativí-Merchán, Sophia; Caiza-Quinga, Rommel; Saltos-Andrade, Ivan; Martillo-Bustamante, Carlos; Andrade-García, Gina; Quiñonez, María; Cervantes, Eduardo; Cedeño, Jonathan","Coastal erosion assessment using remote sensing and computational numerical model. Case of study: Libertador Bolivar, Ecuador","Ocean & Coastal Management","","0964-5691","https://doi.org/10.1016/j.ocecoaman.2021.105894","https://www.sciencedirect.com/science/article/pii/S096456912100377X","The sea-level rise has intensified the erosion of coastal zones, whereby the coastal management requires tools to evaluate and predict the dynamics of shoreline. In this paper we evaluate the impact of erosion in a coastal zone of the active margin of Ecuador, where the subduction causes vertical movements of coast. The area chosen to develop this study Playa Bruja and Libertador Bolivar beaches in which activities such as tourism, fisheries, agriculture and gastronomy are the main sources of income. This study analyzes the shoreline retreatment from 1986 to 2019, by using aerial images (remote sensing), along to selected beaches to validate a computational numerical model as MIKE Zero. This calibrated model permitted us to evaluate possible scenarios and hazards until 2025 (with or without coastal protection such as offshore breakwaters), to promote integrated coastal management for decision-makers, especially considering the possible collapse of one of the main coastal highways (E15) of Ecuador country. The result from remote sensing suggests a mean rate of erosion of 0.64 m/yr, which well-correlate with the outputs from the numerical model (between 0.4 and 0.7 m/yr). The net transport, influenced by waves, was calculated in 470m3/day (1.71 E+5 m3/yr), predominant to the north. These results allowed us to categorize three levels of erosion threat such as high (45%), medium (46%), and low (9%) and this classification allows to observe which areas are more exposed or have a higher threat and then propose alternatives to protect. Future scenarios under natural conditions show a continuous retreat of the coast that put in risk the community and hypothetic scenario under an arrangement of 5 breakwaters generates accretion next to Playa Bruja Beach but a deficient supply at the north side at Libertador Bolivar.","2021","2026-05-02 15:49:43","2026-05-02 15:49:43","","105894","","","214","","","","","","","","","","","","","","","","","","","","","Remote sensing; Coastal erosion; Ecuadorian shoreline-Change; Integrated coastal management; LITPACK; MIKE 21SW","","","","","","","","","","","","","","","","","","","","","","","","","","","","","","","","","","","","","","","","","","","","","","",""
"HFDIKMC7","journalArticle","2016","Tanaka, Kisei; Chen, Yong","Modeling spatiotemporal variability of the bioclimate envelope of Homarus americanus in the coastal waters of Maine and New Hampshire","Fisheries Research","","0165-7836","https://doi.org/10.1016/j.fishres.2016.01.010","https://www.sciencedirect.com/science/article/pii/S0165783616300108","A bioclimate envelope model was developed to evaluate the potential impacts of climate variability on American lobster (Homarus americanus). Bioclimate envelopes were defined by season-, sex-, and stage- specific Habitat Suitability Indices (HSI) based on (1) bottom temperature, (2) bottom salinity, and (3) depth. The species’ association to each of these three environmental attributes was expressed using Suitability Indices (SIs) calibrated by standardized lobster abundance derived from 14 years of fishery independent survey. A regional ocean model (Finite-Volume Community Ocean Model) was integrated with the HSI to hindcast spatiotemporal variability of bioclimate envelopes for American lobster in coastal waters of Maine and New Hampshire from 1978 to 2013. The model predictions indicated higher habitat suitability in inshore waters for both adult and juvenile lobsters. A statistically significant increasing trend in habitat suitability was observed for both sexes and stages (juvenile and adult) during the spring (April–June), while no significant trend in habitat suitability was observed in the fall (September–November). This study provides a modeling framework to reconstruct climatically suitable lobster ranges that can be used to formulate climate-based hypotheses for future studies of this species.","2016","2026-05-02 15:49:43","2026-05-02 15:49:43","","137-152","","","177","","","","","","","","","","","","","","","","","","","","","Climate change; American lobster; Bioclimate envelope model; Habitat suitability index","","","","","","","","","","","","","","","","","","","","","","","","","","","","","","","","","","","","","","","","","","","","","","",""
"SPIEN5BM","journalArticle","2024","Baldrich, Ángela M.; Rodríguez-Villegas, Camilo; Buschmann, Alejandro H.","The giant kelp holdfasts macroinvertebrate assemblages: Towards benthic management and conservation using alpha and beta diversity in Northern Patagonia","Regional Studies in Marine Science","","2352-4855","https://doi.org/10.1016/j.rsma.2024.103896","https://www.sciencedirect.com/science/article/pii/S2352485524005292","The Inner Sea of Chiloé (ISC), northern Patagonia is a topographically and hydrographically heterogeneous area of critical interest to the Chilean blue economy due to the intensive artisanal benthic fisheries and aquaculture practices. Using benthic macroinvertebrate assemblages from Macrocystis pyrifera holdfasts, this study exposes how environmental heterogeneity inside the ISC can also be expressed in biological terms. Four zones were considered in the ISC from north to south (Reloncaví, Chacao, Quinchao, and Quellón), with five sampling sites within them. The spatial variability of macroinvertebrate density, composition, species/taxa richness (S), Shannon´s diversity (H´), and overall beta diversity (βsor) in 200 kelp holdfasts (n =50 per zone) between zones and sites were analyzed. ANOVA results showed that the holdfast size, zones and sites within zones explained the variability of density, S and H´. Tukey HSD test also indicated significant (p < 0.01) differences between sampling zones and sites. Distribution patterns included: i) a latitudinal increase in density from the north to the centre of the ISC (max. of 67 ind 10 cm−2, Quinchao); ii) higher S values in the north (max. of 37, Reloncaví); iii) a latitudinal decrease in H´ (max. of 3.2, Reloncaví); iv) lower values for all the ecological attributes in the south (Quellón). Overall beta diversity analysis (βsor) showed high variability inside each zone, mainly driven by species turnover (βsim) rather than species nestedness (βsne). nMDs analysis suggested that the northern zones of ISC can be considered the same and differentiated from the others, but they are highly variable within them. PERMANOVA analysis showed that the macroinvertebrates' composition patterns were significantly (p < 0.01) explained by the holdfast size, and sampling sites/zones. SIMPER analysis revealed the contribution of annelids, arthropods, and molluscs to dissimilarities between zones. The results highlighted the biological heterogeneity of the ISC, suggesting that site-specific environmental conditions affect M. pyrifera populations and, therefore, macroinvertebrates inhabiting their holdfasts. These findings contribute to a better understanding of the ecological complexity of the region, providing a baseline for future studies on the status and composition of benthic communities, and therefore their management and conservation.","2024","2026-05-02 15:49:43","2026-05-02 15:49:43","","103896","","","80","","","","","","","","","","","","","","","","","","","","","Spatial variability; Benthic macroinvertebrates; Chilean Patagonia; Macrocystis pyrifera","","","","","","","","","","","","","","","","","","","","","","","","","","","","","","","","","","","","","","","","","","","","","","",""
"TGJET8VW","journalArticle","2019","Sun, Xiaoxia; Li, Qingjie; Shi, Yongqiang; Zhao, Yongfang; Zheng, Shan; Liang, Junhua; Liu, Tao; Tian, Ziyang","Characteristics and retention of microplastics in the digestive tracts of fish from the Yellow Sea","Environmental Pollution","","0269-7491","https://doi.org/10.1016/j.envpol.2019.01.110","https://www.sciencedirect.com/science/article/pii/S0269749118333256","Microplastics (MPs) are a major global issue in the marine environment, and fish inhabiting coastal environments are susceptible to the ingestion of MPs. Knowledge regarding MPs in fish along the coast of China is very limited. In this study, the characteristics and retention of MPs in 19 fish species in the Yellow Sea were systematically studied. MPs were detected in all of the fish species sampled. Overall, 34% (444/1320) of fish retained plastic, and 552 pieces of plastic were removed from these fish, among which 546 pieces (99%) were microplastics (i.e., <5 mm). Three MP types were found: fibers, pellets, and fragments, which accounted for 67%, 22%, and 11% of the total, respectively. MP length ranged from 16 to 4740 μm, with an average of 941 ± 43 μm. The average lengths of the fibers, pellets, and fragments were 1233 ± 57 μm, 263 ± 24 μm, and 503 ± 91 μm, respectively, and MP length was positively correlated with fish length. Fourteen polymers were detected, with organic oxidation polymers (40%) being most abundant, followed by polyethylene (22%) and polyamide (11%). The retention of MPs in fish was affected by sampling areas and fish weight. Fish collected from the area adjacent to the Bohai Sea and the Yangtze River Estuary were found to possess higher levels of MPs than those collected from the center of the Yellow Sea. The average MP/fish for fish with plastic was negatively correlated with fish body weight. The retention of MPs may affect the quality and quantity of fishery resources in the Yellow Sea, especially the commercial fish. It is suggested that future studies be conducted to determine the ingestion rate, retention time, and egestion rate of MPs by fish to enable a rational risk assessment by combining the field results.","2019","2026-05-02 15:49:43","2026-05-02 15:49:43","","878-885","","","249","","","","","","","","","","","","","","","","","","","","","Fish; Microplastics; Digestive tract; The Yellow Sea","","","","","","","","","","","","","","","","","","","","","","","","","","","","","","","","","","","","","","","","","","","","","","",""
"A4W9GYZB","journalArticle","2015","Siddik, Muhammad Abu Bakar; Hanif, Md Abu; Chaklader, Md Reaz; Nahar, Ashfaqun; Mahmud, Sultan","Fishery biology of gangetic whiting Sillaginopsis panijus (Hamilton, 1822) endemic to Ganges delta, Bangladesh","Egyptian Journal of Aquatic Research","","1687-4285","https://doi.org/10.1016/j.ejar.2015.11.001","https://www.sciencedirect.com/science/article/pii/S1687428515000795","The aim of the present study was to establish the baseline data on fishery biology of Sillaginopsis panijus which is very endemic in the southern coastal waters of Bangladesh. Altogether 300 individuals of S. panijus were sampled from five catchment areas within the Ganges delta in which males represent 46% and females 54% of the total sampled population. The overall sex ratio in the populations agrees with the expected value of 1:1 in normal population. The values of allometric coefficient (b) of the LWRs indicated positive allometric growth (b>3) in female and combined sexes, while male showed a negative allometric growth (b<3). All the relationships among length parameters (SL–TL, SL–FL and TL–FL) of the species were found significant with all (r2) values being >0.900. The mean values of CFs for males were higher than those of females in all different length classes. The study would expedite future studies on population assessment and sustainable conservation of the fish species along the southern coastal region of Bangladesh.","2015","2026-05-02 15:49:43","2026-05-02 15:49:43","","307-313","","4","41","","","","","","","","","","","","","","","","","","","","","Allometric growth; Condition factors; Form factor; Ganges delta; Length–weight","","","","","","","","","","","","","","","","","","","","","","","","","","","","","","","","","","","","","","","","","","","","","","",""
"WG7JEUKE","journalArticle","2019","Jinadasa, B. K. K. K.; Fowler, Scott W.","Critical review of mercury contamination in Sri Lankan fish and aquatic products","Marine Pollution Bulletin","","0025-326X","https://doi.org/10.1016/j.marpolbul.2019.110526","https://www.sciencedirect.com/science/article/pii/S0025326X19306642","Mercury (Hg) in fish and aquatic products is a potential threat to human health and international trade, and guidelines of international advisory bodies are established for assessing Hg in these foods. As fish are the most consumed animal protein in Sri Lanka, this assessment summarises for the first-time total mercury concentrations in Sri Lankan marine and freshwater fish, invertebrates, aquatic plants, and fisheries products. It reveals that Hg levels in fish and other edible aquatic species are mostly below the published safety limits, except for certain top trophic level fish (swordfish, tuna, marlin). The review also highlights gaps in Sri Lankan Hg assessments such as a total lack of data for methyl‑mercury in these aquatic species and food products. This data compilation and assessment will serve as an initial baseline for comparison with results from future monitoring and research studies in Sri Lanka while adding to the world-wide Hg database.","2019","2026-05-02 15:49:43","2026-05-02 15:49:43","","110526","","","149","","","","","","","","","","","","","","","","","","","","","Fish; Mercury; Aquatic plants; Fisheries products; Sri Lanka","","","","","","","","","","","","","","","","","","","","","","","","","","","","","","","","","","","","","","","","","","","","","","",""
"QU54CNCX","journalArticle","2019","Vasquez, M. Christina; Lippert, Marilla R.; White, Crow; Walter, Ryan K.; Tomanek, Lars","Proteomic changes across a natural temperature gradient in a marine gastropod","Marine Environmental Research","","0141-1136","https://doi.org/10.1016/j.marenvres.2019.06.002","https://www.sciencedirect.com/science/article/pii/S0141113618308560","Responses of marine ectotherms to variable environmental temperature often entails maintanence of cellular homeostasis and physiological function through temperature compensation and physiological changes. We investigated the physiological response to thermal stress by examining proteomic changes in the marine kelp forest gastropod and emerging fisheries species Kellet's whelk (Kelletia kelletii) across a naturally-existing thermal gradient that ranges from a warmer-water site inside the species' native range and extends to the northern, cold-water edge of the range. We hypothesized that abundance of cellular stress response and energy metabolism proteins would increase with decreasing temperature in support of cold-compensation. Our exploratory proteomic analysis of whelk gill tissue (N = 6 whelks) from each of the four California Channel Island sites revealed protein abundance changes related to the cytoskeleton, energy metabolism/oxidative stress, and cell signaling. The changes did not correlate consistently with temperature. Nonetheless, whelks from the coldest island site showed increased abundance of energy metabolism and oxidative stress proteins, possibly suggesting oxidative damage of lipid membranes that is ameliorated by antioxidants and may aid in their cold stress response. Similarly, our exploratory analysis revealed abundances of cell signaling proteins that were higher at the coldest site compared to the warmest site, possibly indicating an importance for cell signaling regulation in relatively cooler environments. This study provides protein targets for future studies related to thermal effects in marine animals and may contribute to understanding the physiological response of marine organisms to future ocean conditions.","2019","2026-05-02 15:49:43","2026-05-02 15:49:43","","137-147","","","149","","","","","","","","","","","","","","","","","","","","","Fisheries; Gastropod; California channel islands; Protein abundance; Thermal stress","","","","","","","","","","","","","","","","","","","","","","","","","","","","","","","","","","","","","","","","","","","","","","",""
"RZYLJCKU","journalArticle","2019","Lambert, Patrick; Lassalle, Géraldine; Acolas, Marie-Laure; Bau, Frédérique; Castelnaud, Gérard; Daverat, Françoise; Jatteau, Philippe; Rigaud, Christian; Rochard, Eric; Roqueplo, Charles; Jouvenel, François de","A foresight analysis in fisheries science: The case study of migratory fish research","Futures","","0016-3287","https://doi.org/10.1016/j.futures.2019.06.001","https://www.sciencedirect.com/science/article/pii/S0016328718303872","Insights provided by futures analyses are becoming increasingly important for planning research activities in ecology in order to provide innovative solutions to society in the face of unprecedented environmental changes (Cook et al., 2014). Few applications exist in fisheries science. A rigorous methodology was applied to draw potential areas for future research on diadromous fishes circa 2030 that could be useful to a broader audience of European fisheries scientists. Diadromous fishes are species that migrate between fresh waters and the sea to complete their life cycle. First, twenty drivers were identified and fell within the scope of (i) diadromous fish conservation, (ii) their place and roles in modern societies, (iii) the main features of the world of science and research, and (iv) the main characteristics of research activities on this biological group. Past and future driver developments (i.e. retrospective analysis and hypotheses respectively) were examined. Then, the combination of drivers’ hypotheses within each of the four components listed above led to micro-scenarios describing how the components could plausibly change in the next fifteen years. Finally, global scenarios were obtained by juxtaposing four micro-scenarios, one for each of the components. Challenges that were identified from these global scenarios were mostly structural, intellectual with frequent revisions of theoretical and unchallenged concepts and ethical, and can be useful to better inform future changes in priorities and focus areas, technical investments, and funding opportunities operated by laboratories or individual researchers working on diadromous fishes. Also, this case study exploring the role of foresight in guiding research, particularly the part on the methodological description, could be of relevance for researchers in general.","2019","2026-05-02 15:49:43","2026-05-02 15:49:43","","90-103","","","111","","","","","","","","","","","","","","","","","","","","","Scenarios; Diadromous fishes; Futures study; Research activities; Strategic orientations","","","","","","","","","","","","","","","","","","","","","","","","","","","","","","","","","","","","","","","","","","","","","","",""
"7XKFB88N","journalArticle","2024","Jiang, Yane; Zhang, Jun; Cai, Yancong; Kong, Xiaolan; Gong, Yuyan; Lin, Zhaojin; Chen, Zuozhi","Length-weight relationships and condition factors of 24 mesopelagic fishes from the South China Sea","Egyptian Journal of Aquatic Research","","1687-4285","https://doi.org/10.1016/j.ejar.2024.09.002","https://www.sciencedirect.com/science/article/pii/S1687428524000748","Mesopelagic fishes are one of the most abundant marine organisms and have a wide distribution in the world’s oceans, thereby playing a central role in global marine ecology. We determined the length-weight relationships (LWRs) of 24 mesopelagic fish species, representing 11 families and 6 orders, inhabiting the South China Sea (SCS), and also assessed their growth types and various condition factors, using samples acquired from midwater trawls at depths of 70–750 m during eight cruises by a single fishing vessel in 2015–2018. Based on 894 specimens, the LWRs of the species were calculated for the first time. The values of the b coefficients in the LWRs ranged from 2.2669 (for Sigmops gracilis) to 3.5471 (for Ichthyococcus ovatus), except 2 species exhibited b values less than 2.5. The 95% confidence intervals of the a and b values were tested to identify the growth patterns: 10 species exhibited isometric growth, 7 species negative allometric growth, and 7 species positive allometric growth. The means of Fulton’s condition factor (Kc) ranged from 0.234 ± 0.046 (for S. gracilis) to 3.318 ± 0.781 (for Caristius macropus); the allometric condition factor (Ka) from 0.149 ± 0.014 (for Scopelosaurus hoedti) to 6.758 ± 1.162 (C. macropus); and the relative weight condition factor (Kn) from 1.000 ± 0.090 (for Scombrolabrax heterolepis) to 1.023 ± 0.208 (for Macropinna microstoma). The Kc values of fish in the families Opisthoproctidae and Myctophidae were mostly > 1, denoting species tending to have a relatively short, compressed, and deep body; conversely, fish with Kc values of < 1 tended to have an elongated body shape or a long, narrow tail. The Ka values were > 2 for 5 species, indicating the best condition compared with the other species; the values of 9 species ranged from 1.132 ± 0.135 to 1.938 ± 0.276, indicating a better condition; and the values of 10 species were < 1, indicating a poorer condition. The Kn values ranged from 0.983 ± 0.137 to 1.031 ± 0.249, whereby the results for 22 species reflected a good growth condition (Kn > 1), with the values of just two species being scarcely less than 1.000. In conclusion, these data will be helpful in future studies of mesopelagic fishes and provide basic biological data useful to fishery assessments and conservation of the mesopelagic fish resources in the SCS.","2024","2026-05-02 15:49:43","2026-05-02 15:49:43","","528-537","","4","50","","","","","","","","","","","","","","","","","","","","","Condition factors; Growth types; Length-weight relationships; Mesopelagic species; South China Sea","","","","","","","","","","","","","","","","","","","","","","","","","","","","","","","","","","","","","","","","","","","","","","",""
"89NSPM4D","journalArticle","2020","Mion, Monica; Hilvarsson, Annelie; Hüssy, Karin; Krumme, Uwe; Krüger-Johnsen, Maria; McQueen, Kate; Mohamed, Esha; Motyka, Roman; Orio, Alessandro; Plikshs, Maris; Radtke, Krzysztof; Casini, Michele","Historical growth of Eastern Baltic cod (Gadus morhua): Setting a baseline with international tagging data","Fisheries Research","","0165-7836","https://doi.org/10.1016/j.fishres.2019.105442","https://www.sciencedirect.com/science/article/pii/S0165783619302978","Understanding the growth of commercially exploited fish is crucial in fisheries biology and correct estimations of growth and its change over time are paramount for the evaluation of stock status development. Mark-recapture experiments represent a reliable method to estimate growth when age determination based on otolith reading is uncertain, as is the case of the Eastern Baltic cod stock. In this study, historical data (1955–1970) from tagging experiments on Eastern Baltic cod performed by Sweden, Poland, Denmark, Latvia and Germany were digitised and collated for the first time in a unique dataset to estimate historical von Bertalanffy growth function (VBGF) parameters based on fish length increments using GROTAG model. The estimated VBGF parameters were L∞ = 98.22 cm and k = 0.14 for the period 1955–1964 (n = 1151), L∞ =123.61 cm and k = 0.09 for 1965–1970 (n = 2612), and L∞ = 125.60 cm and k = 0.09 for the aggregated period (n = 3763). A seasonal growth signal was detected for all the periods, with a peak after the spawning season in early autumn. These estimates are the most thorough historical growth baseline now available for the Eastern Baltic cod and can be compared to ongoing and future tagging experiments contributing to the development of stock assessment models for this stock.","2020","2026-05-02 15:49:43","2026-05-02 15:49:43","","105442","","","223","","","","","","","","","","","","","","","","","","","","","Growth modelling; Baltic cod; Baseline; Historical data; Mark-recapture; von Bertalanffy growth function","","","","","","","","","","","","","","","","","","","","","","","","","","","","","","","","","","","","","","","","","","","","","","",""
"KICNSTYD","journalArticle","2024","Bitterwolf, Stephan A.; Reguero, Borja G.; Storlazzi, Curt D.; Beck, Michael W.","Shifting sands: The influence of coral reefs on shoreline erosion from short-term storm protection to long-term disequilibrium","Nature-Based Solutions","","2772-4115","https://doi.org/10.1016/j.nbsj.2024.100174","https://www.sciencedirect.com/science/article/pii/S277241152400065X","Climate change is exacerbating shoreline erosion and flooding, posing significant risks to coastal communities. Although traditional coastal defenses such as seawalls, dykes, and breakwaters offer protection from these hazards, their high environmental and economic costs are driving interest in cost-competitive nature-based solutions. Coral reef restoration is a nature-based solution that may be particularly apt to mitigate tropical coastal flooding and shoreline erosion while providing benefits to local tourism, fisheries, and nature. However, the novelty of this field requires studies demonstrating the benefits of reefs for coastal protection. While the flood protection benefits of reefs have been well-documented, their effects on shoreline erosion are comparatively less understood. Here, we investigate the effects of coral reefs on shoreline erosion by comparing tropical beach responses at short and long timescales, as well as identifying important reef structural features influencing coastal erosion rates. Our analyses leveraged two key datasets created in this study: the first derived from a literature review on short-term shoreline erosion due to storm events, and another compiling >80 years of long-term erosion rates, bathymetry, habitat, and wave energy for the Hawaiian Islands of Kauaʻi, Oʻahu, and Maui. Our analyses reveal three key findings regarding the effects of reefs on shoreline erosion. Firstly, we find evidence for the role of reefs in mitigating shoreline erosion during storm events, with coral reef-protected beaches experiencing 97 % less beach volume loss than unprotected beaches. Secondly, a linear regression analysis demonstrates that coral reef structure and wave energy are important predictors of long-term shoreline erosion rates, explaining 34 % of the variation across the Hawaiian Islands. Consistent with prior research, we find beaches protected by coral reefs with shallow reef crests, wide reef flats, calmer offshore conditions, and positioned farther from the shore exhibit lower erosion rates than others. Finally, when comparing historical erosion rates of protected and unprotected beaches in Hawai'i, we find a seemingly incongruous pattern where coral reef-protected beaches eroded up to 2x faster than beaches without reefs. While the cause of the enhanced erosion is yet to be fully understood, a combination of coral reef structural degradation and sea-level rise is likely shifting the equilibrium profiles of reef-protected beaches inshore. These results emphasize the role of coral reefs in reducing coastal erosion during storm events while revealing contrasting erosion patterns over long timescales. Future studies would ideally broaden the scope to include various regions, utilize advanced sediment transport models, and undertake field experiments to deepen our understanding of coral reef-coupled shoreline dynamics.","2024","2026-05-02 15:49:43","2026-05-02 15:49:43","","100174","","","6","","","","","","","","","","","","","","","","","","","","","Beach storm response; Coastal Buffering Ecosystem; Coral reef; Hawai`i; NbS; Reef Restoration; Shoreline erosion","","","","","","","","","","","","","","","","","","","","","","","","","","","","","","","","","","","","","","","","","","","","","","",""
"247XRNSQ","journalArticle","2025","Papadopoulos, Dimitrios K.; Georgoulis, Ioannis; Feidantsis, Konstantinos; Michaelidis, Basile; Giantsis, Ioannis A.","Energy metabolism under thermal stress in Mytilus galloprovincialis and Ruditapes decussatus: Insights from gene expression and enzyme activity profiles","Marine Environmental Research","","0141-1136","https://doi.org/10.1016/j.marenvres.2025.107349","https://www.sciencedirect.com/science/article/pii/S0141113625004064","Global warming and the associated marine heatwaves expose bivalve mollusks to conditions beyond their tolerance limits, leading to significant mortalities in fisheries and aquaculture. Bivalves have evolved efficient, though time-limited, adaptive strategies to extend survival under temperature extremes and correlated hypoxic conditions. This study investigates adjustments in key metabolic pathways regulating energy production, utilization, and balance in Mytilus galloprovincialis and Ruditapes decussatus during a 25-day exposure to increasing temperatures. The transcription of pyruvate kinase (pk) and phosphoenolpyruvate carboxykinase (pepck) genes, along with the enzymatic activities of citrate synthase (CS), 3-hydroxyacyl-CoA dehydrogenase (HOAD), and lactate dehydrogenase (LDH) were assessed at various time points. The two bivalves showed a restrained response to mild temperature increases. Mild warming induced a late upregulation of aerobic capacity and glycolysis in clams, while in mussels led to a sustained conservative response. At intermediate and high temperatures, both species increasingly relied on anaerobic pathways, likely to compensate for reduced ATP production, particularly in the later stages of exposure. Mid-exposure at intermediate temperatures led to increased glycolysis in both species possibly to meet elevated energy demands. Clams showed a stronger reliance on lipid metabolism, while mussels favored glycolysis under these conditions. At peak temperatures, mussels suppressed aerobic metabolism and increased anaerobic capacity, whereas clams enhanced lipid oxidation and increased both anaerobic and aerobic capacities. These results suggest shared metabolic adjustments that are likely conserved across bivalves and indicate interspecific compensatory mechanisms in energy balance regulation, likely stemming from diverse evolutionary adaptations. Future studies integrating advanced approaches such as transcriptomics, proteomics, and UHPLC-MS/MS could refine our understanding of these adaptive strategies, shedding light on species-specific thermal resilience in the face of climate change.","2025","2026-05-02 15:49:43","2026-05-02 15:49:43","","107349","","","210","","","","","","","","","","","","","","","","","","","","","Thermal stress; 3-Hydroxyacyl-CoA dehydrogenase; Citrate synthase; Lactate dehydrogenase; Metabolic adjustments; Phosphoenolpyruvate carboxykinase; Pyruvate kinase","","","","","","","","","","","","","","","","","","","","","","","","","","","","","","","","","","","","","","","","","","","","","","",""